Order_ID,Order_Date,Category,Product,Region,City,Customer_Segment,Quantity,Unit_Price,Discount,Payment_Method,Order_Status,Unit_Cost,Gross_Sales,Discount_Amount,Revenue,Cost,Profit,Profit_Margin_%,Realized_Revenue,Realized_Profit
ORD-102442,2025-01-01,Beauty,Face Serum,South,Hyderabad,New,1,912.58,0.1,UPI,Delivered,425.38,912.58,91.25800000000001,821.322,425.38,395.942,48.20788923223778,821.322,395.942
ORD-101488,2025-01-01,Fashion,Sneakers,East,Kolkata,Loyal,4,3093.91,0.1,UPI,Delivered,1847.96,12375.64,1237.564,11138.076,7391.84,3746.235999999999,33.63449845377244,11138.076,3746.235999999999
ORD-101409,2025-01-01,Sports,Sports Bag,Central,Raipur,Returning,2,1594.87,0.2,Net Banking,Delivered,847.55,3189.74,637.948,2551.792,1695.1,856.692,33.57217202656016,2551.792,856.692
ORD-102259,2025-01-01,Electronics,Wireless Headphones,West,Mumbai,Loyal,3,2440.43,0.05,Net Banking,Delivered,1687.26,7321.289999999999,366.06449999999995,6955.225499999999,5061.78,1893.445499999999,27.22335170872604,6955.225499999999,1893.445499999999
ORD-102316,2025-01-01,Beauty,Skin Care Kit,North,Chandigarh,Loyal,1,1577.72,0.0,Net Banking,Delivered,855.59,1577.72,0.0,1577.72,855.59,722.13,45.77047891894633,1577.72,722.13
ORD-101949,2025-01-02,Electronics,Smart Watch,South,Kochi,Returning,1,4068.49,0.05,Debit Card,Delivered,2689.0,4068.49,203.4245,3865.0654999999997,2689.0,1176.0654999999997,30.428087182481118,3865.0654999999997,1176.0654999999997
ORD-101996,2025-01-02,Beauty,Face Serum,South,Hyderabad,Returning,2,939.68,0.15,Credit Card,Delivered,431.54,1879.36,281.904,1597.456,863.08,734.3759999999999,45.9715948357889,1597.456,734.3759999999999
ORD-101913,2025-01-02,Sports,Running Shoes,West,Mumbai,New,5,3561.71,0.1,Net Banking,Delivered,2113.27,17808.55,1780.855,16027.695,10566.35,5461.344999999999,34.07442554902623,16027.695,5461.344999999999
ORD-101482,2025-01-02,Electronics,Bluetooth Speaker,South,Chennai,New,1,1862.56,0.1,UPI,Delivered,1247.64,1862.56,186.256,1676.3039999999999,1247.64,428.66399999999976,25.571972625490353,1676.3039999999999,428.66399999999976
ORD-101739,2025-01-03,Electronics,Power Bank,East,Kolkata,Returning,3,1319.38,0.05,UPI,Delivered,803.36,3958.1400000000003,197.90700000000004,3760.233,2410.08,1350.1530000000002,35.90609943585943,3760.233,1350.1530000000002
ORD-103191,2025-01-03,Sports,Dumbbell Set,West,Mumbai,New,1,2561.86,0.05,UPI,Delivered,1509.61,2561.86,128.09300000000002,2433.7670000000003,1509.61,924.1570000000004,37.972287404669395,2433.7670000000003,924.1570000000004
ORD-101622,2025-01-03,Electronics,Power Bank,Central,Indore,New,1,1361.29,0.2,Net Banking,Delivered,805.66,1361.29,272.258,1089.032,805.66,283.37199999999996,26.02053934136003,1089.032,283.37199999999996
ORD-101294,2025-01-03,Fashion,Sneakers,South,Kochi,New,1,2921.17,0.1,UPI,Delivered,1787.51,2921.17,292.117,2629.053,1787.51,841.5429999999999,32.00935850285255,2629.053,841.5429999999999
ORD-102628,2025-01-03,Electronics,Smart Watch,South,Bengaluru,Returning,2,4006.93,0.05,Cash on Delivery,Delivered,2619.45,8013.86,400.693,7613.1669999999995,5238.9,2374.267,31.186324955173056,7613.1669999999995,2374.267
ORD-103234,2025-01-03,Electronics,USB-C Hub,South,Kochi,Returning,1,1021.72,0.0,Cash on Delivery,Delivered,601.69,1021.72,0.0,1021.72,601.69,420.03,41.11008886974904,1021.72,420.03
ORD-100901,2025-01-03,Sports,Running Shoes,East,Patna,New,4,3590.96,0.1,UPI,Delivered,2155.2,14363.84,1436.384,12927.456,8620.8,4306.656000000001,33.31402559018573,12927.456,4306.656000000001
ORD-100773,2025-01-04,Fashion,Backpack,Central,Nagpur,Returning,3,1540.41,0.15,Debit Card,Delivered,861.88,4621.2300000000005,693.1845000000001,3928.0455,2585.64,1342.4055000000003,34.17489690483474,3928.0455,1342.4055000000003
ORD-101237,2025-01-04,Electronics,Bluetooth Speaker,South,Hyderabad,Loyal,3,1874.5,0.0,UPI,Delivered,1168.25,5623.5,0.0,5623.5,3504.75,2118.75,37.67671379034409,5623.5,2118.75
ORD-100381,2025-01-04,Electronics,Wireless Headphones,West,Mumbai,Returning,1,2440.04,0.2,Debit Card,Delivered,1615.21,2440.04,488.00800000000004,1952.032,1615.21,336.8219999999999,17.254942541925537,1952.032,336.8219999999999
ORD-102789,2025-01-04,Electronics,Smart Watch,Central,Indore,New,1,3972.62,0.1,Credit Card,Delivered,2768.48,3972.62,397.262,3575.3579999999997,2768.48,806.8779999999997,22.567754054279312,3575.3579999999997,806.8779999999997
ORD-102646,2025-01-04,Fashion,Hoodie,Central,Indore,New,4,1733.85,0.0,UPI,Delivered,979.47,6935.4,0.0,6935.4,3917.88,3017.5199999999995,43.50895406177004,6935.4,3017.5199999999995
ORD-103217,2025-01-04,Fashion,Denim Jacket,North,Delhi,New,5,2435.05,0.0,Debit Card,Delivered,1467.74,12175.25,0.0,12175.25,7338.7,4836.55,39.72444097657132,12175.25,4836.55
ORD-100845,2025-01-04,Fashion,Backpack,Central,Indore,New,3,1522.38,0.0,UPI,Cancelled,866.79,4567.14,0.0,4567.14,2600.37,1966.7700000000004,43.06349268907895,0.0,0.0
ORD-100846,2025-01-04,Sports,Running Shoes,East,Patna,Loyal,1,3606.38,0.0,UPI,Delivered,2120.42,3606.38,0.0,3606.38,2120.42,1485.96,41.20364465197788,3606.38,1485.96
ORD-101550,2025-01-04,Electronics,USB-C Hub,North,Jaipur,Returning,1,1043.58,0.15,Debit Card,Delivered,592.08,1043.58,156.53699999999998,887.0429999999999,592.08,294.96299999999985,33.25239024489229,887.0429999999999,294.96299999999985
ORD-100575,2025-01-05,Electronics,USB-C Hub,North,Chandigarh,New,1,1024.25,0.0,UPI,Delivered,579.38,1024.25,0.0,1024.25,579.38,444.87,43.43373199902368,1024.25,444.87
ORD-102401,2025-01-05,Electronics,Power Bank,North,Chandigarh,New,1,1355.83,0.0,UPI,Cancelled,780.17,1355.83,0.0,1355.83,780.17,575.66,42.45812528119307,0.0,0.0
ORD-100104,2025-01-05,Beauty,Hair Dryer,West,Pune,Returning,1,2214.64,0.05,UPI,Delivered,1309.03,2214.64,110.732,2103.908,1309.03,794.8779999999999,37.78102464556435,2103.908,794.8779999999999
ORD-102202,2025-01-05,Sports,Dumbbell Set,West,Mumbai,Returning,3,2410.72,0.2,Credit Card,Delivered,1472.6,7232.16,1446.432,5785.728,4417.799999999999,1367.9280000000008,23.643143956992116,5785.728,1367.9280000000008
ORD-100465,2025-01-05,Sports,Dumbbell Set,North,Delhi,Returning,2,2586.58,0.1,Credit Card,Delivered,1507.12,5173.16,517.316,4655.844,3014.24,1641.6040000000003,35.258999227637354,4655.844,1641.6040000000003
ORD-101190,2025-01-05,Electronics,Wireless Headphones,West,Mumbai,Returning,2,2494.74,0.0,UPI,Delivered,1703.09,4989.48,0.0,4989.48,3406.18,1583.2999999999997,31.73276573911509,4989.48,1583.2999999999997
ORD-100707,2025-01-06,Home & Kitchen,Storage Box Set,North,Delhi,New,1,994.39,0.1,Credit Card,Delivered,507.74,994.39,99.43900000000001,894.951,507.74,387.211,43.266167644932516,894.951,387.211
ORD-101279,2025-01-06,Home & Kitchen,Coffee Maker,East,Bhubaneswar,Returning,2,3516.28,0.1,Net Banking,Delivered,2172.92,7032.56,703.2560000000001,6329.304,4345.84,1983.464,31.337790063488814,6329.304,1983.464
ORD-101532,2025-01-06,Electronics,Bluetooth Speaker,Central,Raipur,Returning,2,1945.24,0.1,UPI,Delivered,1233.26,3890.48,389.048,3501.432,2466.52,1034.9119999999998,29.55682132338997,3501.432,1034.9119999999998
ORD-101807,2025-01-06,Fashion,Backpack,West,Pune,Loyal,1,1524.1,0.05,Credit Card,Delivered,869.71,1524.1,76.205,1447.895,869.71,578.185,39.93279899440221,1447.895,578.185
ORD-101175,2025-01-06,Electronics,Bluetooth Speaker,South,Chennai,Returning,1,1947.43,0.0,Debit Card,Delivered,1228.81,1947.43,0.0,1947.43,1228.81,718.6200000000001,36.900941240506725,1947.43,718.6200000000001
ORD-103399,2025-01-06,Sports,Yoga Mat,South,Kochi,Loyal,3,992.58,0.15,UPI,Delivered,511.79,2977.7400000000002,446.661,2531.079,1535.3700000000001,995.7090000000001,39.339309440756296,2531.079,995.7090000000001
ORD-102443,2025-01-07,Home & Kitchen,Coffee Maker,East,Kolkata,New,1,3443.85,0.0,Debit Card,Delivered,2287.67,3443.85,0.0,3443.85,2287.67,1156.1799999999998,33.57231005996196,3443.85,1156.1799999999998
ORD-101070,2025-01-07,Sports,Dumbbell Set,Central,Raipur,Returning,3,2493.07,0.05,UPI,Delivered,1528.33,7479.210000000001,373.9605000000001,7105.249500000001,4584.99,2520.259500000001,35.47038707085516,7105.249500000001,2520.259500000001
ORD-100303,2025-01-07,Fashion,Denim Jacket,North,Delhi,Returning,1,2432.78,0.1,Cash on Delivery,Delivered,1459.78,2432.78,243.27800000000002,2189.5020000000004,1459.78,729.7220000000004,33.3282180148728,2189.5020000000004,729.7220000000004
ORD-101763,2025-01-07,Sports,Yoga Mat,East,Bhubaneswar,Returning,1,1011.93,0.0,UPI,Delivered,497.07,1011.93,0.0,1011.93,497.07,514.8599999999999,50.87901337049004,1011.93,514.8599999999999
ORD-100790,2025-01-08,Fashion,Denim Jacket,Central,Nagpur,New,2,2447.4,0.1,Cash on Delivery,Returned,1449.98,4894.8,489.48,4405.32,2899.96,1505.3599999999997,34.171410930420485,0.0,0.0
ORD-100801,2025-01-08,Home & Kitchen,Mixer Grinder,West,Pune,New,3,3069.79,0.1,Credit Card,Delivered,1862.89,9209.369999999999,920.9369999999999,8288.432999999999,5588.67,2699.762999999999,32.57265878845856,8288.432999999999,2699.762999999999
ORD-101682,2025-01-08,Home & Kitchen,Water Bottle,East,Bhubaneswar,Loyal,2,679.53,0.1,Cash on Delivery,Delivered,308.91,1359.06,135.906,1223.154,617.82,605.334,49.489598202679296,1223.154,605.334
ORD-101121,2025-01-09,Home & Kitchen,Mixer Grinder,North,Lucknow,Returning,2,3031.72,0.0,UPI,Delivered,1824.52,6063.44,0.0,6063.44,3649.04,2414.3999999999996,39.81898064465056,6063.44,2414.3999999999996
ORD-100410,2025-01-09,Electronics,USB-C Hub,North,Chandigarh,New,1,1031.82,0.2,Credit Card,Cancelled,611.89,1031.82,206.364,825.4559999999999,611.89,213.56599999999992,25.872487449361316,0.0,0.0
ORD-100839,2025-01-10,Fashion,Sneakers,North,Chandigarh,Returning,1,3049.55,0.0,Debit Card,Cancelled,1856.17,3049.55,0.0,3049.55,1856.17,1193.38,39.132986834123066,0.0,0.0
ORD-101038,2025-01-10,Home & Kitchen,Mixer Grinder,East,Patna,Returning,3,3076.34,0.0,Cash on Delivery,Returned,1831.55,9229.02,0.0,9229.02,5494.65,3734.370000000001,40.46334280346126,0.0,0.0
ORD-103103,2025-01-10,Beauty,Skin Care Kit,Central,Nagpur,New,4,1536.06,0.15,Credit Card,Delivered,838.17,6144.24,921.636,5222.603999999999,3352.68,1869.9239999999995,35.80443778620779,5222.603999999999,1869.9239999999995
ORD-101624,2025-01-11,Electronics,Power Bank,West,Surat,Loyal,4,1253.6,0.0,Net Banking,Delivered,804.42,5014.4,0.0,5014.4,3217.68,1796.7199999999998,35.83120612635609,5014.4,1796.7199999999998
ORD-103136,2025-01-11,Beauty,Hair Care Combo,South,Hyderabad,Returning,2,1346.64,0.05,Credit Card,Delivered,667.32,2693.28,134.66400000000002,2558.616,1334.64,1223.9759999999999,47.83742460767852,2558.616,1223.9759999999999
ORD-100889,2025-01-11,Beauty,Hair Care Combo,North,Lucknow,Loyal,1,1354.68,0.0,UPI,Delivered,674.33,1354.68,0.0,1354.68,674.33,680.35,50.22219269495379,1354.68,680.35
ORD-102975,2025-01-12,Electronics,Power Bank,West,Pune,Loyal,2,1363.31,0.2,Net Banking,Delivered,820.31,2726.62,545.324,2181.296,1640.62,540.6759999999999,24.786915668483324,2181.296,540.6759999999999
ORD-101366,2025-01-12,Home & Kitchen,Air Fryer,Central,Raipur,New,3,5040.59,0.0,UPI,Delivered,3377.54,15121.77,0.0,15121.77,10132.619999999999,4989.1500000000015,32.993161514822674,15121.77,4989.1500000000015
ORD-100415,2025-01-12,Sports,Yoga Mat,East,Kolkata,Returning,4,1015.24,0.1,Net Banking,Delivered,503.64,4060.96,406.096,3654.864,2014.56,1640.304,44.88002836767661,3654.864,1640.304
ORD-101652,2025-01-12,Beauty,Hair Care Combo,West,Mumbai,New,4,1288.34,0.05,Credit Card,Delivered,649.0,5153.36,257.668,4895.692,2596.0,2299.692,46.97378838374636,4895.692,2299.692
ORD-100478,2025-01-12,Electronics,Bluetooth Speaker,East,Patna,New,2,1938.31,0.0,Cash on Delivery,Delivered,1222.68,3876.62,0.0,3876.62,2445.36,1431.2599999999998,36.92030686525891,3876.62,1431.2599999999998
ORD-101594,2025-01-13,Electronics,Wireless Headphones,South,Bengaluru,New,1,2407.61,0.05,Credit Card,Delivered,1715.91,2407.61,120.38050000000001,2287.2295,1715.91,571.3194999999998,24.978669608799635,2287.2295,571.3194999999998
ORD-100233,2025-01-13,Sports,Yoga Mat,North,Delhi,New,4,984.67,0.05,Credit Card,Delivered,515.73,3938.68,196.934,3741.7459999999996,2062.92,1678.8259999999996,44.86744958102447,3741.7459999999996,1678.8259999999996
ORD-102090,2025-01-13,Fashion,Hoodie,North,Lucknow,New,2,1886.08,0.0,Credit Card,Cancelled,986.99,3772.16,0.0,3772.16,1973.98,1798.1799999999998,47.669770105191716,0.0,0.0
ORD-102171,2025-01-14,Electronics,Smart Watch,West,Ahmedabad,New,1,3959.47,0.05,UPI,Delivered,2736.68,3959.47,197.9735,3761.4964999999997,2736.68,1024.8165,27.244914357889204,3761.4964999999997,1024.8165
ORD-100300,2025-01-14,Fashion,T-Shirt,Central,Indore,New,2,809.99,0.05,UPI,Delivered,424.65,1619.98,80.99900000000001,1538.981,849.3,689.681,44.81413350782108,1538.981,689.681
ORD-100540,2025-01-14,Fashion,T-Shirt,South,Kochi,Loyal,4,813.91,0.1,Net Banking,Delivered,425.67,3255.64,325.564,2930.076,1702.68,1227.396,41.88956190897437,2930.076,1227.396
ORD-101529,2025-01-14,Fashion,T-Shirt,East,Guwahati,New,1,822.45,0.05,Debit Card,Delivered,444.81,822.45,41.1225,781.3275000000001,444.81,336.5175000000001,43.06996745922805,781.3275000000001,336.5175000000001
ORD-101167,2025-01-14,Electronics,Bluetooth Speaker,South,Bengaluru,New,1,1941.75,0.05,Net Banking,Delivered,1207.19,1941.75,97.0875,1844.6625,1207.19,637.4724999999999,34.557676539746424,1844.6625,637.4724999999999
ORD-102138,2025-01-15,Beauty,Face Serum,Central,Indore,New,1,931.31,0.0,Debit Card,Delivered,423.9,931.31,0.0,931.31,423.9,507.40999999999997,54.483469521426805,931.31,507.40999999999997
ORD-101744,2025-01-15,Home & Kitchen,Water Bottle,Central,Raipur,Returning,2,721.71,0.0,Net Banking,Delivered,303.32,1443.42,0.0,1443.42,606.64,836.7800000000001,57.97203863047484,1443.42,836.7800000000001
ORD-100272,2025-01-15,Electronics,Bluetooth Speaker,North,Chandigarh,Returning,1,1892.83,0.05,UPI,Delivered,1182.88,1892.83,94.64150000000001,1798.1885,1182.88,615.3084999999999,34.218242414518826,1798.1885,615.3084999999999
ORD-100369,2025-01-15,Electronics,USB-C Hub,South,Kochi,Returning,1,992.12,0.05,Net Banking,Delivered,609.39,992.12,49.606,942.514,609.39,333.124,35.3441964787791,942.514,333.124
ORD-100170,2025-01-15,Sports,Yoga Mat,South,Hyderabad,Returning,2,1005.47,0.2,Credit Card,Delivered,498.48,2010.94,402.18800000000005,1608.752,996.96,611.7919999999999,38.028981471351706,1608.752,611.7919999999999
ORD-101180,2025-01-16,Home & Kitchen,Coffee Maker,South,Kochi,New,1,3564.86,0.2,Credit Card,Cancelled,2148.86,3564.86,712.9720000000001,2851.888,2148.86,703.0279999999998,24.651318705362897,0.0,0.0
ORD-102712,2025-01-16,Fashion,T-Shirt,Central,Raipur,Returning,2,836.86,0.15,Debit Card,Delivered,424.03,1673.72,251.058,1422.662,848.06,574.6020000000001,40.389214022726414,1422.662,574.6020000000001
ORD-103119,2025-01-16,Fashion,Denim Jacket,West,Surat,Returning,1,2435.57,0.15,Credit Card,Cancelled,1505.86,2435.57,365.3355,2070.2345,1505.86,564.3745000000001,27.261380292908854,0.0,0.0
ORD-100821,2025-01-16,Electronics,Power Bank,West,Pune,New,3,1298.4,0.2,Net Banking,Delivered,781.45,3895.2000000000003,779.0400000000001,3116.1600000000003,2344.3500000000004,771.81,24.767983672211948,3116.1600000000003,771.81
ORD-102261,2025-01-16,Electronics,Smart Watch,North,Lucknow,Returning,2,4018.89,0.05,Cash on Delivery,Delivered,2646.85,8037.78,401.889,7635.891,5293.7,2342.191,30.67344727681419,7635.891,2342.191
ORD-100454,2025-01-16,Electronics,USB-C Hub,South,Bengaluru,Returning,1,1015.13,0.1,Debit Card,Delivered,574.25,1015.13,101.513,913.617,574.25,339.36699999999996,37.14543402760675,913.617,339.36699999999996
ORD-103442,2025-01-16,Home & Kitchen,Air Fryer,South,Hyderabad,New,2,4881.76,0.0,UPI,Delivered,3417.92,9763.52,0.0,9763.52,6835.84,2927.6800000000003,29.98590672216578,9763.52,2927.6800000000003
ORD-101399,2025-01-16,Sports,Running Shoes,South,Hyderabad,Returning,1,3620.49,0.1,Debit Card,Delivered,2039.94,3620.49,362.049,3258.441,2039.94,1218.5009999999997,37.39521445992116,3258.441,1218.5009999999997
ORD-101783,2025-01-16,Fashion,Hoodie,North,Chandigarh,Returning,2,1803.49,0.15,Debit Card,Delivered,970.46,3606.98,541.047,3065.933,1940.92,1125.013,36.69398515884071,3065.933,1125.013
ORD-103309,2025-01-16,Home & Kitchen,Water Bottle,Central,Nagpur,New,2,722.11,0.0,UPI,Delivered,310.17,1444.22,0.0,1444.22,620.34,823.88,57.046710334990514,1444.22,823.88
ORD-102329,2025-01-17,Electronics,Bluetooth Speaker,West,Ahmedabad,Returning,1,1863.32,0.1,Net Banking,Delivered,1199.92,1863.32,186.332,1676.9879999999998,1199.92,477.06799999999976,28.44790779659722,1676.9879999999998,477.06799999999976
ORD-102636,2025-01-17,Sports,Dumbbell Set,West,Surat,Loyal,1,2599.17,0.1,Debit Card,Delivered,1487.39,2599.17,259.91700000000003,2339.253,1487.39,851.863,36.416026825657596,2339.253,851.863
ORD-102223,2025-01-17,Home & Kitchen,Air Fryer,South,Bengaluru,New,5,5102.46,0.2,UPI,Delivered,3404.68,25512.3,5102.46,20409.84,17023.399999999998,3386.4400000000023,16.59219278544076,20409.84,3386.4400000000023
ORD-100429,2025-01-17,Electronics,Wireless Headphones,South,Chennai,Returning,3,2563.02,0.1,Credit Card,Returned,1623.78,7689.0599999999995,768.906,6920.1539999999995,4871.34,2048.8139999999994,29.606479855795108,0.0,0.0
ORD-102410,2025-01-17,Electronics,Wireless Headphones,East,Patna,Returning,3,2418.07,0.0,Credit Card,Delivered,1680.12,7254.210000000001,0.0,7254.210000000001,5040.36,2213.8500000000013,30.518140500481806,7254.210000000001,2213.8500000000013
ORD-103486,2025-01-18,Home & Kitchen,Water Bottle,Central,Raipur,Returning,2,719.04,0.0,UPI,Returned,311.3,1438.08,0.0,1438.08,622.6,815.4799999999999,56.70616377392078,0.0,0.0
ORD-102469,2025-01-18,Sports,Yoga Mat,North,Delhi,Returning,3,1004.7,0.2,Debit Card,Delivered,486.89,3014.1000000000004,602.82,2411.28,1460.67,950.6100000000001,39.42345973922564,2411.28,950.6100000000001
ORD-101493,2025-01-19,Sports,Dumbbell Set,East,Guwahati,Loyal,2,2549.63,0.15,UPI,Delivered,1456.81,5099.26,764.889,4334.371,2913.62,1420.7510000000002,32.778712297585976,4334.371,1420.7510000000002
ORD-100830,2025-01-19,Sports,Dumbbell Set,East,Kolkata,Returning,2,2433.33,0.05,Credit Card,Delivered,1482.13,4866.66,243.333,4623.327,2964.26,1659.067,35.884699481563814,4623.327,1659.067
ORD-101300,2025-01-19,Electronics,Wireless Headphones,Central,Nagpur,New,1,2610.4,0.2,UPI,Delivered,1698.18,2610.4,522.08,2088.32,1698.18,390.1400000000001,18.68200275819798,2088.32,390.1400000000001
ORD-101590,2025-01-20,Home & Kitchen,Air Fryer,North,Delhi,Loyal,2,4892.49,0.0,Net Banking,Delivered,3254.88,9784.98,0.0,9784.98,6509.76,3275.2199999999993,33.4719130749373,9784.98,3275.2199999999993
ORD-101869,2025-01-20,Fashion,T-Shirt,West,Pune,New,1,801.2,0.1,UPI,Delivered,443.76,801.2,80.12,721.08,443.76,277.32000000000005,38.45897819936762,721.08,277.32000000000005
ORD-102559,2025-01-20,Sports,Yoga Mat,West,Pune,Loyal,3,1000.55,0.1,Cash on Delivery,Delivered,508.89,3001.6499999999996,300.16499999999996,2701.4849999999997,1526.67,1174.8149999999996,43.48774840504389,2701.4849999999997,1174.8149999999996
ORD-100138,2025-01-20,Electronics,Power Bank,North,Jaipur,Loyal,5,1276.8,0.15,UPI,Delivered,812.91,6384.0,957.5999999999999,5426.4,4064.5499999999997,1361.85,25.096749226006192,5426.4,1361.85
ORD-101536,2025-01-20,Home & Kitchen,Mixer Grinder,East,Patna,Loyal,2,3118.82,0.1,Cash on Delivery,Returned,1860.76,6237.64,623.7640000000001,5613.876,3721.52,1892.3560000000002,33.70854646593548,0.0,0.0
ORD-103458,2025-01-20,Sports,Sports Bag,Central,Raipur,Returning,3,1640.32,0.05,Credit Card,Delivered,864.19,4920.96,246.048,4674.912,2592.57,2082.342,44.54291332114914,4674.912,2082.342
ORD-101944,2025-01-20,Home & Kitchen,Air Fryer,Central,Bhopal,Returning,1,5036.08,0.0,Cash on Delivery,Delivered,3313.01,5036.08,0.0,5036.08,3313.01,1723.0699999999997,34.214508109481976,5036.08,1723.0699999999997
ORD-102951,2025-01-21,Sports,Running Shoes,North,Chandigarh,Loyal,2,3440.28,0.15,Net Banking,Delivered,2108.39,6880.56,1032.084,5848.476000000001,4216.78,1631.6960000000008,27.899507495627933,5848.476000000001,1631.6960000000008
ORD-100385,2025-01-21,Fashion,Backpack,North,Delhi,Returning,1,1486.28,0.0,Debit Card,Delivered,867.27,1486.28,0.0,1486.28,867.27,619.01,41.648276233280406,1486.28,619.01
ORD-100787,2025-01-21,Beauty,Hair Care Combo,East,Bhubaneswar,New,1,1263.86,0.05,Debit Card,Delivered,640.68,1263.86,63.193,1200.667,640.68,559.987,46.6396594559524,1200.667,559.987
ORD-102263,2025-01-21,Sports,Dumbbell Set,East,Guwahati,Loyal,2,2503.86,0.1,Cash on Delivery,Delivered,1545.93,5007.72,500.77200000000005,4506.948,3091.86,1415.0880000000002,31.39792160903565,4506.948,1415.0880000000002
ORD-102499,2025-01-21,Electronics,Wireless Headphones,South,Chennai,Loyal,1,2573.95,0.15,Debit Card,Delivered,1669.56,2573.95,386.0925,2187.8575,1669.56,518.2975000000001,23.689728421526542,2187.8575,518.2975000000001
ORD-102322,2025-01-23,Home & Kitchen,Air Fryer,North,Lucknow,New,1,4855.55,0.0,UPI,Delivered,3307.48,4855.55,0.0,4855.55,3307.48,1548.0700000000002,31.882484991401594,4855.55,1548.0700000000002
ORD-100147,2025-01-23,Home & Kitchen,Mixer Grinder,Central,Indore,Returning,2,3014.46,0.05,Credit Card,Delivered,1874.35,6028.92,301.446,5727.474,3748.7,1978.7740000000003,34.548808078395474,5727.474,1978.7740000000003
ORD-101683,2025-01-23,Sports,Resistance Bands,East,Bhubaneswar,Loyal,2,722.78,0.05,Cash on Delivery,Delivered,293.96,1445.56,72.278,1373.282,587.92,785.362,57.18869103359688,1373.282,785.362
ORD-101446,2025-01-23,Fashion,Sneakers,West,Pune,Returning,2,2962.08,0.05,Debit Card,Delivered,1839.04,5924.16,296.208,5627.952,3678.08,1949.8720000000003,34.64620878074298,5627.952,1949.8720000000003
ORD-103320,2025-01-23,Fashion,T-Shirt,East,Guwahati,New,3,785.09,0.0,UPI,Delivered,434.93,2355.27,0.0,2355.27,1304.79,1050.48,44.60125590696608,2355.27,1050.48
ORD-100663,2025-01-23,Fashion,T-Shirt,North,Lucknow,New,1,822.69,0.1,UPI,Delivered,426.5,822.69,82.269,740.421,426.5,313.92100000000005,42.39763593955331,740.421,313.92100000000005
ORD-102764,2025-01-23,Electronics,Smart Watch,Central,Bhopal,Loyal,1,4186.49,0.15,Cash on Delivery,Delivered,2787.54,4186.49,627.9735,3558.5164999999997,2787.54,770.9764999999998,21.665671635919065,3558.5164999999997,770.9764999999998
ORD-102866,2025-01-23,Fashion,T-Shirt,South,Bengaluru,Returning,1,781.5,0.0,UPI,Delivered,418.95,781.5,0.0,781.5,418.95,362.55,46.3915547024952,781.5,362.55
ORD-100844,2025-01-24,Electronics,Power Bank,Central,Indore,New,2,1313.29,0.2,UPI,Delivered,799.04,2626.58,525.316,2101.264,1598.08,503.1840000000002,23.946729206801248,2101.264,503.1840000000002
ORD-101266,2025-01-24,Home & Kitchen,Air Fryer,South,Chennai,New,5,4865.08,0.1,Credit Card,Delivered,3297.28,24325.4,2432.5400000000004,21892.86,16486.4,5406.459999999999,24.695083237183262,21892.86,5406.459999999999
ORD-101909,2025-01-24,Sports,Yoga Mat,Central,Bhopal,Returning,2,1035.99,0.1,Net Banking,Delivered,511.31,2071.98,207.198,1864.782,1022.62,842.1619999999999,45.16141833200878,1864.782,842.1619999999999
ORD-100970,2025-01-24,Home & Kitchen,Air Fryer,North,Chandigarh,Loyal,1,4875.52,0.05,Cash on Delivery,Delivered,3390.09,4875.52,243.77600000000004,4631.744000000001,3390.09,1241.6540000000005,26.807483315140047,4631.744000000001,1241.6540000000005
ORD-100117,2025-01-24,Sports,Sports Bag,Central,Bhopal,New,3,1627.77,0.1,Credit Card,Delivered,841.09,4883.3099999999995,488.33099999999996,4394.978999999999,2523.27,1871.7089999999994,42.58743898435009,4394.978999999999,1871.7089999999994
ORD-100328,2025-01-24,Electronics,Power Bank,South,Kochi,New,4,1320.08,0.05,UPI,Returned,787.92,5280.32,264.016,5016.304,3151.68,1864.6240000000003,37.17127191653457,0.0,0.0
ORD-103240,2025-01-25,Electronics,Smart Watch,West,Pune,Returning,1,4125.27,0.15,Net Banking,Delivered,2751.46,4125.27,618.7905000000001,3506.4795000000004,2751.46,755.0195000000003,21.532123601464097,3506.4795000000004,755.0195000000003
ORD-102203,2025-01-25,Sports,Sports Bag,East,Guwahati,New,1,1581.71,0.0,Debit Card,Delivered,832.75,1581.71,0.0,1581.71,832.75,748.96,47.35128436944825,1581.71,748.96
ORD-102630,2025-01-25,Electronics,USB-C Hub,North,Delhi,New,1,966.7,0.0,Net Banking,Delivered,578.4,966.7,0.0,966.7,578.4,388.30000000000007,40.167580428261104,966.7,388.30000000000007
ORD-102881,2025-01-26,Electronics,Wireless Headphones,South,Hyderabad,Returning,1,2457.34,0.0,Cash on Delivery,Returned,1688.38,2457.34,0.0,2457.34,1688.38,768.96,31.292373053789866,0.0,0.0
ORD-102772,2025-01-26,Fashion,Hoodie,North,Lucknow,Loyal,3,1871.15,0.0,Debit Card,Delivered,1028.71,5613.450000000001,0.0,5613.450000000001,3086.13,2527.3200000000006,45.0225796969778,5613.450000000001,2527.3200000000006
ORD-102038,2025-01-26,Electronics,Bluetooth Speaker,North,Chandigarh,New,1,1856.82,0.05,Debit Card,Delivered,1214.17,1856.82,92.84100000000001,1763.9789999999998,1214.17,549.8089999999997,31.168681713331043,1763.9789999999998,549.8089999999997
ORD-102728,2025-01-26,Electronics,Smart Watch,South,Hyderabad,Returning,2,4094.13,0.2,Credit Card,Delivered,2702.67,8188.26,1637.652,6550.608,5405.34,1145.268,17.48338474840809,6550.608,1145.268
ORD-100870,2025-01-26,Sports,Resistance Bands,East,Kolkata,Returning,2,672.07,0.0,Debit Card,Returned,309.21,1344.14,0.0,1344.14,618.42,725.7200000000001,53.99139970538784,0.0,0.0
ORD-101019,2025-01-27,Beauty,Face Serum,West,Mumbai,New,3,911.54,0.0,UPI,Cancelled,432.62,2734.62,0.0,2734.62,1297.8600000000001,1436.7599999999998,52.53965816091449,0.0,0.0
ORD-101452,2025-01-27,Sports,Sports Bag,North,Delhi,Returning,1,1621.22,0.0,UPI,Returned,836.85,1621.22,0.0,1621.22,836.85,784.37,48.381465809698874,0.0,0.0
ORD-101099,2025-01-27,Beauty,Hair Dryer,North,Lucknow,Returning,2,2323.82,0.05,Credit Card,Delivered,1266.11,4647.64,232.38200000000003,4415.258000000001,2532.22,1883.038000000001,42.64842507504659,4415.258000000001,1883.038000000001
ORD-101240,2025-01-27,Home & Kitchen,Water Bottle,South,Chennai,New,3,701.9,0.05,Net Banking,Delivered,297.29,2105.7,105.285,2000.4149999999997,891.8700000000001,1108.5449999999996,55.415751231619424,2000.4149999999997,1108.5449999999996
ORD-100250,2025-01-27,Home & Kitchen,Mixer Grinder,South,Kochi,Returning,3,3121.67,0.0,Debit Card,Delivered,1890.82,9365.01,0.0,9365.01,5672.46,3692.55,39.42921577232699,9365.01,3692.55
ORD-100056,2025-01-28,Home & Kitchen,Mixer Grinder,North,Delhi,New,1,3140.49,0.2,Debit Card,Delivered,1919.78,3140.49,628.098,2512.392,1919.78,592.6119999999999,23.587561176759035,2512.392,592.6119999999999
ORD-100562,2025-01-28,Electronics,USB-C Hub,West,Surat,Returning,1,1013.97,0.05,Credit Card,Delivered,594.98,1013.97,50.6985,963.2715000000001,594.98,368.29150000000004,38.23340563901247,963.2715000000001,368.29150000000004
ORD-100817,2025-01-28,Electronics,USB-C Hub,South,Hyderabad,Returning,3,997.01,0.2,Cash on Delivery,Cancelled,599.07,2991.0299999999997,598.206,2392.8239999999996,1797.21,595.6139999999996,24.89167611157359,0.0,0.0
ORD-101871,2025-01-28,Home & Kitchen,Air Fryer,South,Hyderabad,New,1,4936.52,0.15,UPI,Delivered,3297.77,4936.52,740.4780000000001,4196.042,3297.77,898.2720000000004,21.407602688438303,4196.042,898.2720000000004
ORD-100902,2025-01-28,Fashion,Backpack,South,Bengaluru,New,1,1479.54,0.0,Credit Card,Delivered,882.21,1479.54,0.0,1479.54,882.21,597.3299999999999,40.37268340159779,1479.54,597.3299999999999
ORD-102339,2025-01-28,Electronics,Power Bank,South,Bengaluru,New,1,1330.69,0.15,UPI,Delivered,827.2,1330.69,199.6035,1131.0865000000001,827.2,303.88650000000007,26.866778093452627,1131.0865000000001,303.88650000000007
ORD-101806,2025-01-29,Beauty,Hair Care Combo,North,Delhi,New,2,1332.49,0.0,Debit Card,Delivered,654.27,2664.98,0.0,2664.98,1308.54,1356.44,50.89869342359042,2664.98,1356.44
ORD-102780,2025-01-29,Home & Kitchen,Storage Box Set,South,Chennai,Loyal,5,1006.36,0.0,Debit Card,Delivered,508.58,5031.8,0.0,5031.8,2542.9,2488.9,49.46341269525816,5031.8,2488.9
ORD-101110,2025-01-29,Fashion,T-Shirt,West,Surat,Returning,1,769.84,0.05,Debit Card,Delivered,444.57,769.84,38.492000000000004,731.3480000000001,444.57,286.7780000000001,39.21224916182174,731.3480000000001,286.7780000000001
ORD-100811,2025-01-29,Home & Kitchen,Air Fryer,West,Pune,Loyal,2,5044.55,0.0,UPI,Delivered,3300.65,10089.1,0.0,10089.1,6601.3,3487.8,34.56998146514555,10089.1,3487.8
ORD-100352,2025-01-29,Electronics,Power Bank,North,Jaipur,Returning,2,1321.51,0.05,Cash on Delivery,Delivered,792.49,2643.02,132.151,2510.869,1584.98,925.8890000000001,36.875241201353,2510.869,925.8890000000001
ORD-100397,2025-01-29,Electronics,Bluetooth Speaker,Central,Raipur,New,1,1958.48,0.15,Credit Card,Delivered,1229.17,1958.48,293.772,1664.708,1229.17,435.538,26.163026789082526,1664.708,435.538
ORD-102371,2025-01-29,Sports,Sports Bag,West,Surat,Returning,2,1540.6,0.0,UPI,Delivered,835.62,3081.2,0.0,3081.2,1671.24,1409.9599999999998,45.76009347007659,3081.2,1409.9599999999998
ORD-102522,2025-01-29,Fashion,Hoodie,North,Chandigarh,Loyal,3,1755.35,0.0,Debit Card,Delivered,986.27,5266.049999999999,0.0,5266.049999999999,2958.81,2307.2399999999993,43.813484490272586,5266.049999999999,2307.2399999999993
ORD-103363,2025-01-30,Beauty,Perfume,Central,Raipur,Loyal,2,1925.02,0.1,Credit Card,Delivered,1071.93,3850.04,385.004,3465.036,2143.86,1321.176,38.128781345994675,3465.036,1321.176
ORD-101781,2025-01-30,Electronics,Smart Watch,West,Pune,New,4,3953.12,0.15,UPI,Delivered,2693.71,15812.48,2371.872,13440.608,10774.84,2665.768,19.83368609515284,13440.608,2665.768
ORD-103013,2025-01-30,Sports,Dumbbell Set,Central,Bhopal,New,1,2571.13,0.2,UPI,Delivered,1513.18,2571.13,514.226,2056.904,1513.18,543.7239999999999,26.43409707015981,2056.904,543.7239999999999
ORD-101526,2025-01-31,Beauty,Face Serum,South,Bengaluru,Returning,1,872.91,0.15,UPI,Delivered,428.15,872.91,130.9365,741.9735,428.15,313.82349999999997,42.295782800868224,741.9735,313.82349999999997
ORD-101518,2025-01-31,Beauty,Hair Care Combo,North,Lucknow,Returning,1,1252.96,0.15,UPI,Delivered,640.43,1252.96,187.944,1065.016,640.43,424.5860000000001,39.866631111645276,1065.016,424.5860000000001
ORD-101463,2025-01-31,Beauty,Hair Care Combo,North,Delhi,New,2,1320.07,0.1,Credit Card,Delivered,675.3,2640.14,264.014,2376.1259999999997,1350.6,1025.5259999999998,43.1595799212668,2376.1259999999997,1025.5259999999998
ORD-101270,2025-02-01,Electronics,Wireless Headphones,West,Surat,New,1,2515.27,0.05,Cash on Delivery,Delivered,1706.76,2515.27,125.76350000000001,2389.5065,1706.76,682.7465,28.572699007096237,2389.5065,682.7465
ORD-100699,2025-02-01,Home & Kitchen,Coffee Maker,North,Delhi,Returning,3,3435.2,0.0,Net Banking,Delivered,2210.82,10305.599999999999,0.0,10305.599999999999,6632.460000000001,3673.1399999999976,35.64217512808568,10305.599999999999,3673.1399999999976
ORD-101286,2025-02-01,Home & Kitchen,Storage Box Set,South,Hyderabad,Loyal,4,1040.33,0.0,Debit Card,Delivered,528.48,4161.32,0.0,4161.32,2113.92,2047.3999999999996,49.20073438235944,4161.32,2047.3999999999996
ORD-101976,2025-02-01,Beauty,Hair Dryer,Central,Indore,Returning,1,2339.86,0.1,UPI,Delivered,1286.57,2339.86,233.98600000000002,2105.8740000000003,1286.57,819.3040000000003,38.905651525209976,2105.8740000000003,819.3040000000003
ORD-102412,2025-02-01,Fashion,Sneakers,South,Chennai,Returning,4,3091.71,0.0,Net Banking,Delivered,1751.32,12366.84,0.0,12366.84,7005.28,5361.56,43.35432495285781,12366.84,5361.56
ORD-100574,2025-02-01,Electronics,Bluetooth Speaker,North,Jaipur,Returning,2,1909.65,0.0,UPI,Returned,1165.94,3819.3,0.0,3819.3,2331.88,1487.42,38.944832822768575,0.0,0.0
ORD-102884,2025-02-01,Electronics,Power Bank,Central,Indore,Returning,1,1340.54,0.05,Credit Card,Delivered,782.84,1340.54,67.027,1273.513,782.84,490.6729999999999,38.52909236105167,1273.513,490.6729999999999
ORD-103338,2025-02-02,Fashion,Denim Jacket,North,Jaipur,New,2,2422.26,0.0,Debit Card,Delivered,1502.38,4844.52,0.0,4844.52,3004.76,1839.7600000000002,37.976104959830906,4844.52,1839.7600000000002
ORD-100848,2025-02-02,Fashion,Denim Jacket,West,Surat,New,1,2578.94,0.05,UPI,Delivered,1424.76,2578.94,128.947,2449.993,1424.76,1025.233,41.8463644590005,2449.993,1025.233
ORD-101642,2025-02-02,Home & Kitchen,Air Fryer,West,Ahmedabad,New,4,4907.57,0.15,Credit Card,Delivered,3205.07,19630.28,2944.542,16685.737999999998,12820.28,3865.457999999997,23.166239335652982,16685.737999999998,3865.457999999997
ORD-102972,2025-02-02,Home & Kitchen,Mixer Grinder,North,Chandigarh,Returning,4,3063.78,0.0,Cash on Delivery,Cancelled,1862.82,12255.12,0.0,12255.12,7451.28,4803.840000000001,39.198636977850896,0.0,0.0
ORD-103464,2025-02-02,Sports,Running Shoes,North,Jaipur,Loyal,4,3421.1,0.2,UPI,Delivered,2171.14,13684.4,2736.88,10947.52,8684.56,2262.960000000001,20.670983017158232,10947.52,2262.960000000001
ORD-101464,2025-02-02,Home & Kitchen,Coffee Maker,West,Ahmedabad,New,3,3647.92,0.0,Debit Card,Delivered,2138.61,10943.76,0.0,10943.76,6415.83,4527.93,41.37453672229655,10943.76,4527.93
ORD-102505,2025-02-02,Beauty,Perfume,East,Patna,New,1,2011.58,0.05,Credit Card,Delivered,1143.69,2011.58,100.57900000000001,1911.001,1143.69,767.3109999999999,40.15230761260721,1911.001,767.3109999999999
ORD-101453,2025-02-02,Sports,Sports Bag,South,Chennai,New,1,1621.36,0.15,Debit Card,Delivered,873.13,1621.36,243.20399999999998,1378.156,873.13,505.02599999999995,36.64505324506079,1378.156,505.02599999999995
ORD-102278,2025-02-02,Home & Kitchen,Storage Box Set,North,Chandigarh,Returning,1,1034.48,0.1,UPI,Delivered,538.07,1034.48,103.44800000000001,931.032,538.07,392.962,42.20714218200878,931.032,392.962
ORD-102314,2025-02-03,Home & Kitchen,Coffee Maker,North,Lucknow,Returning,1,3630.28,0.15,Net Banking,Delivered,2236.62,3630.28,544.542,3085.7380000000003,2236.62,849.1180000000004,27.517501485868223,3085.7380000000003,849.1180000000004
ORD-100584,2025-02-03,Electronics,Smart Watch,North,Jaipur,Returning,2,3970.74,0.1,Net Banking,Delivered,2628.87,7941.48,794.148,7147.331999999999,5257.74,1889.5919999999996,26.4377252938579,7147.331999999999,1889.5919999999996
ORD-102618,2025-02-03,Home & Kitchen,Mixer Grinder,South,Kochi,New,1,2895.71,0.15,UPI,Delivered,1891.97,2895.71,434.3565,2461.3535,1891.97,569.3835000000001,23.13294291128845,2461.3535,569.3835000000001
ORD-100887,2025-02-03,Fashion,Denim Jacket,West,Ahmedabad,Returning,1,2522.25,0.1,Credit Card,Delivered,1424.74,2522.25,252.22500000000002,2270.025,1424.74,845.2850000000001,37.23681457252674,2270.025,845.2850000000001
ORD-101653,2025-02-03,Home & Kitchen,Water Bottle,West,Pune,Returning,1,692.08,0.15,Cash on Delivery,Delivered,311.18,692.08,103.812,588.268,311.18,277.088,47.10234110983429,588.268,277.088
ORD-100898,2025-02-04,Beauty,Perfume,North,Lucknow,Returning,2,2082.41,0.1,UPI,Delivered,1086.63,4164.82,416.48199999999997,3748.3379999999997,2173.26,1575.0779999999995,42.0207035758248,3748.3379999999997,1575.0779999999995
ORD-101983,2025-02-04,Home & Kitchen,Mixer Grinder,South,Kochi,New,1,2988.71,0.1,Net Banking,Delivered,1802.19,2988.71,298.87100000000004,2689.839,1802.19,887.6489999999999,33.00007918689557,2689.839,887.6489999999999
ORD-100546,2025-02-04,Electronics,Wireless Headphones,North,Chandigarh,Returning,2,2470.53,0.1,Credit Card,Delivered,1686.49,4941.06,494.10600000000005,4446.954000000001,3372.98,1073.9740000000006,24.150778263053777,4446.954000000001,1073.9740000000006
ORD-100542,2025-02-05,Home & Kitchen,Mixer Grinder,North,Chandigarh,New,1,2903.46,0.0,UPI,Cancelled,1810.91,2903.46,0.0,2903.46,1810.91,1092.55,37.62924235222803,0.0,0.0
ORD-102488,2025-02-05,Sports,Sports Bag,East,Guwahati,Loyal,1,1564.56,0.15,Credit Card,Delivered,831.22,1564.56,234.68399999999997,1329.876,831.22,498.65599999999995,37.496428238422226,1329.876,498.65599999999995
ORD-101267,2025-02-05,Sports,Yoga Mat,Central,Nagpur,New,1,985.07,0.1,Net Banking,Delivered,514.24,985.07,98.507,886.5630000000001,514.24,372.3230000000001,41.996225874528946,886.5630000000001,372.3230000000001
ORD-101026,2025-02-05,Fashion,Sneakers,West,Surat,Returning,2,2891.87,0.15,Net Banking,Delivered,1805.19,5783.74,867.5609999999999,4916.179,3610.38,1305.799,26.561258245478857,4916.179,1305.799
ORD-101021,2025-02-05,Electronics,USB-C Hub,West,Pune,New,2,1037.94,0.1,Debit Card,Delivered,574.15,2075.88,207.58800000000002,1868.2920000000001,1148.3,719.9920000000002,38.53744489619396,1868.2920000000001,719.9920000000002
ORD-103452,2025-02-05,Electronics,Smart Watch,North,Chandigarh,Returning,2,4166.19,0.15,Net Banking,Delivered,2751.05,8332.38,1249.8569999999997,7082.522999999999,5502.1,1580.4229999999989,22.31440688579478,7082.522999999999,1580.4229999999989
ORD-101801,2025-02-06,Sports,Sports Bag,West,Mumbai,Returning,1,1606.65,0.1,Cash on Delivery,Delivered,879.81,1606.65,160.66500000000002,1445.9850000000001,879.81,566.1750000000002,39.15497048724573,1445.9850000000001,566.1750000000002
ORD-103357,2025-02-06,Electronics,Wireless Headphones,West,Pune,Returning,3,2451.72,0.05,UPI,Delivered,1640.17,7355.16,367.75800000000004,6987.402,4920.51,2066.892,29.58026459619755,6987.402,2066.892
ORD-101979,2025-02-06,Home & Kitchen,Mixer Grinder,South,Kochi,New,3,3037.19,0.05,Net Banking,Delivered,1852.85,9111.57,455.5785,8655.9915,5558.549999999999,3097.441500000001,35.78378629415245,8655.9915,3097.441500000001
ORD-100858,2025-02-06,Electronics,Wireless Headphones,North,Lucknow,New,2,2530.29,0.1,UPI,Delivered,1623.77,5060.58,506.058,4554.522,3247.54,1306.982,28.696359354505258,4554.522,1306.982
ORD-103184,2025-02-06,Electronics,Wireless Headphones,East,Guwahati,New,1,2430.91,0.15,UPI,Delivered,1604.36,2430.91,364.63649999999996,2066.2735,1604.36,461.9134999999999,22.35490606640408,2066.2735,461.9134999999999
ORD-102657,2025-02-07,Sports,Sports Bag,Central,Nagpur,New,2,1669.61,0.0,Net Banking,Delivered,878.29,3339.22,0.0,3339.22,1756.58,1582.6399999999999,47.395499547798586,3339.22,1582.6399999999999
ORD-103189,2025-02-07,Home & Kitchen,Storage Box Set,North,Jaipur,New,2,1046.82,0.1,Net Banking,Delivered,529.72,2093.64,209.364,1884.2759999999998,1059.44,824.8359999999998,43.77469118112208,1884.2759999999998,824.8359999999998
ORD-102460,2025-02-07,Electronics,Smart Watch,Central,Raipur,Returning,2,4139.34,0.15,Cash on Delivery,Delivered,2643.43,8278.68,1241.802,7036.878000000001,5286.86,1750.018000000001,24.869238886904117,7036.878000000001,1750.018000000001
ORD-101136,2025-02-07,Electronics,Smart Watch,North,Delhi,New,4,3885.05,0.0,Debit Card,Delivered,2653.05,15540.2,0.0,15540.2,10612.2,4928.0,31.71130358682642,15540.2,4928.0
ORD-100150,2025-02-07,Electronics,Power Bank,North,Jaipur,New,2,1363.89,0.1,UPI,Delivered,795.55,2727.78,272.778,2455.0020000000004,1591.1,863.9020000000005,35.18946216744428,2455.0020000000004,863.9020000000005
ORD-103113,2025-02-07,Electronics,Smart Watch,North,Chandigarh,New,2,4118.48,0.15,Credit Card,Delivered,2659.85,8236.96,1235.5439999999999,7001.415999999999,5319.7,1681.7159999999994,24.019655452554165,7001.415999999999,1681.7159999999994
ORD-102982,2025-02-08,Sports,Dumbbell Set,West,Surat,New,1,2432.08,0.15,UPI,Delivered,1551.42,2432.08,364.81199999999995,2067.268,1551.42,515.848,24.953126541890068,2067.268,515.848
ORD-101411,2025-02-08,Sports,Resistance Bands,West,Ahmedabad,New,1,684.41,0.0,Credit Card,Delivered,306.21,684.41,0.0,684.41,306.21,378.2,55.25927441153694,684.41,378.2
ORD-102788,2025-02-08,Sports,Running Shoes,West,Surat,Returning,2,3628.64,0.2,Cash on Delivery,Delivered,2153.27,7257.28,1451.4560000000001,5805.824,4306.54,1499.2839999999997,25.823793487367162,5805.824,1499.2839999999997
ORD-102373,2025-02-08,Sports,Yoga Mat,North,Lucknow,New,3,1020.85,0.1,Net Banking,Delivered,519.86,3062.55,306.25500000000005,2756.295,1559.58,1196.7150000000001,43.41752243500787,2756.295,1196.7150000000001
ORD-101470,2025-02-08,Fashion,Hoodie,Central,Raipur,Returning,3,1829.43,0.05,Debit Card,Delivered,986.74,5488.29,274.41450000000003,5213.8755,2960.2200000000003,2253.6555,43.22419091134799,5213.8755,2253.6555
ORD-101615,2025-02-08,Fashion,Denim Jacket,West,Pune,New,1,2437.92,0.0,UPI,Delivered,1492.48,2437.92,0.0,2437.92,1492.48,945.44,38.780599855614625,2437.92,945.44
ORD-101351,2025-02-08,Sports,Running Shoes,East,Guwahati,New,3,3436.26,0.05,UPI,Cancelled,2079.35,10308.78,515.4390000000001,9793.341,6238.049999999999,3555.291000000001,36.30314720992561,0.0,0.0
ORD-102002,2025-02-09,Home & Kitchen,Storage Box Set,North,Chandigarh,New,3,997.39,0.1,Credit Card,Delivered,516.89,2992.17,299.21700000000004,2692.953,1550.67,1142.283,42.417487419943825,2692.953,1142.283
ORD-101889,2025-02-09,Beauty,Perfume,South,Bengaluru,Loyal,1,1965.05,0.1,Debit Card,Delivered,1074.36,1965.05,196.505,1768.545,1074.36,694.1850000000002,39.251757800904144,1768.545,694.1850000000002
ORD-100619,2025-02-09,Fashion,T-Shirt,West,Pune,New,2,772.19,0.0,Credit Card,Returned,439.5,1544.38,0.0,1544.38,879.0,665.3800000000001,43.083956021186495,0.0,0.0
ORD-102525,2025-02-09,Electronics,Bluetooth Speaker,East,Kolkata,Loyal,1,1854.84,0.05,UPI,Delivered,1178.97,1854.84,92.742,1762.098,1178.97,583.1279999999999,33.09282457615864,1762.098,583.1279999999999
ORD-102804,2025-02-10,Home & Kitchen,Storage Box Set,South,Bengaluru,Returning,3,982.61,0.1,UPI,Delivered,514.07,2947.83,294.783,2653.047,1542.21,1110.837,41.870234488872605,2653.047,1110.837
ORD-100036,2025-02-10,Beauty,Perfume,North,Delhi,New,2,1953.96,0.0,Credit Card,Delivered,1134.7,3907.92,0.0,3907.92,2269.4,1638.52,41.928186861552945,3907.92,1638.52
ORD-102888,2025-02-10,Home & Kitchen,Mixer Grinder,East,Guwahati,New,2,3007.08,0.05,Cash on Delivery,Delivered,1827.41,6014.16,300.708,5713.452,3654.82,2058.632,36.0313169691458,5713.452,2058.632
ORD-102129,2025-02-10,Electronics,Wireless Headphones,North,Delhi,Loyal,3,2413.38,0.0,Net Banking,Delivered,1635.26,7240.14,0.0,7240.14,4905.78,2334.3600000000006,32.24191797396184,7240.14,2334.3600000000006
ORD-100279,2025-02-11,Home & Kitchen,Air Fryer,North,Lucknow,New,3,5208.01,0.05,Credit Card,Delivered,3228.82,15624.03,781.2015000000001,14842.8285,9686.460000000001,5156.368499999999,34.739797067654585,14842.8285,5156.368499999999
ORD-101456,2025-02-11,Fashion,T-Shirt,South,Chennai,Returning,2,775.48,0.1,Credit Card,Delivered,426.85,1550.96,155.096,1395.864,853.7,542.164,38.84074666299869,1395.864,542.164
ORD-102331,2025-02-11,Fashion,T-Shirt,North,Jaipur,Loyal,1,780.92,0.05,UPI,Delivered,438.1,780.92,39.046,741.8739999999999,438.1,303.7739999999999,40.94684542119011,741.8739999999999,303.7739999999999
ORD-102964,2025-02-12,Sports,Resistance Bands,Central,Raipur,New,2,709.51,0.15,Debit Card,Delivered,294.8,1419.02,212.85299999999998,1206.167,589.6,616.5669999999999,51.11788002822163,1206.167,616.5669999999999
ORD-101035,2025-02-12,Electronics,Power Bank,Central,Bhopal,Loyal,3,1282.42,0.0,Net Banking,Delivered,804.94,3847.26,0.0,3847.26,2414.82,1432.44,37.23273186631525,3847.26,1432.44
ORD-100518,2025-02-12,Fashion,Denim Jacket,South,Hyderabad,Loyal,2,2522.16,0.1,UPI,Delivered,1486.45,5044.32,504.432,4539.888,2972.9,1566.9879999999998,34.51600568119742,4539.888,1566.9879999999998
ORD-102440,2025-02-12,Fashion,Backpack,North,Lucknow,New,1,1560.03,0.0,Net Banking,Delivered,830.41,1560.03,0.0,1560.03,830.41,729.62,46.76961340487042,1560.03,729.62
ORD-101362,2025-02-12,Electronics,Wireless Headphones,South,Bengaluru,Returning,2,2423.71,0.2,Debit Card,Delivered,1666.1,4847.42,969.484,3877.936,3332.2,545.7360000000003,14.072846999022168,3877.936,545.7360000000003
ORD-102711,2025-02-12,Fashion,Hoodie,Central,Indore,Returning,2,1821.84,0.05,Debit Card,Delivered,1014.18,3643.68,182.184,3461.4959999999996,2028.36,1433.1359999999997,41.40221453383161,3461.4959999999996,1433.1359999999997
ORD-101769,2025-02-13,Home & Kitchen,Storage Box Set,West,Pune,Returning,1,997.24,0.0,Credit Card,Delivered,512.97,997.24,0.0,997.24,512.97,484.27,48.56102843849023,997.24,484.27
ORD-100045,2025-02-13,Sports,Sports Bag,South,Hyderabad,Returning,1,1561.34,0.05,Credit Card,Delivered,877.06,1561.34,78.06700000000001,1483.273,877.06,606.213,40.869954485789194,1483.273,606.213
ORD-103155,2025-02-13,Beauty,Skin Care Kit,East,Kolkata,Returning,1,1575.84,0.0,UPI,Delivered,848.24,1575.84,0.0,1575.84,848.24,727.5999999999999,46.172200223372926,1575.84,727.5999999999999
ORD-102312,2025-02-13,Home & Kitchen,Mixer Grinder,East,Bhubaneswar,New,1,3077.51,0.05,Net Banking,Delivered,1804.96,3077.51,153.87550000000002,2923.6345,1804.96,1118.6745,38.26314472619611,2923.6345,1118.6745
ORD-102705,2025-02-13,Home & Kitchen,Mixer Grinder,South,Hyderabad,Returning,1,2960.93,0.05,Net Banking,Delivered,1899.23,2960.93,148.0465,2812.8835,1899.23,913.6534999999999,32.4810288090495,2812.8835,913.6534999999999
ORD-100387,2025-02-13,Fashion,T-Shirt,South,Hyderabad,New,4,792.87,0.2,Credit Card,Delivered,420.89,3171.48,634.296,2537.184,1683.56,853.6240000000003,33.64454450288194,2537.184,853.6240000000003
ORD-102232,2025-02-14,Fashion,Sneakers,West,Ahmedabad,Returning,4,3136.02,0.05,UPI,Cancelled,1801.2,12544.08,627.2040000000001,11916.876,7204.8,4712.076,39.54120190560009,0.0,0.0
ORD-100899,2025-02-14,Home & Kitchen,Mixer Grinder,West,Pune,Returning,1,2981.65,0.05,UPI,Delivered,1809.14,2981.65,149.0825,2832.5675,1809.14,1023.4275,36.13073651378122,2832.5675,1023.4275
ORD-103070,2025-02-14,Home & Kitchen,Storage Box Set,West,Pune,Returning,5,973.27,0.0,Net Banking,Delivered,513.8,4866.35,0.0,4866.35,2569.0,2297.3500000000004,47.2088937293865,4866.35,2297.3500000000004
ORD-102591,2025-02-14,Electronics,Wireless Headphones,South,Chennai,Loyal,2,2419.75,0.1,Cash on Delivery,Delivered,1649.66,4839.5,483.95000000000005,4355.55,3299.32,1056.23,24.250209502818244,4355.55,1056.23
ORD-102795,2025-02-14,Fashion,T-Shirt,West,Mumbai,New,1,809.3,0.0,Debit Card,Delivered,425.8,809.3,0.0,809.3,425.8,383.49999999999994,47.38663042135178,809.3,383.49999999999994
ORD-103277,2025-02-15,Fashion,Backpack,South,Kochi,Loyal,2,1526.39,0.1,Credit Card,Delivered,855.25,3052.78,305.278,2747.5020000000004,1710.5,1037.0020000000004,37.74344841241245,2747.5020000000004,1037.0020000000004
ORD-101022,2025-02-15,Beauty,Hair Care Combo,East,Patna,New,1,1261.71,0.1,Debit Card,Delivered,638.22,1261.71,126.171,1135.539,638.22,497.31899999999996,43.79585377516756,1135.539,497.31899999999996
ORD-103411,2025-02-15,Sports,Sports Bag,North,Jaipur,New,3,1613.1,0.15,UPI,Delivered,881.43,4839.299999999999,725.8949999999999,4113.405,2644.29,1469.1149999999998,35.71530155673949,4113.405,1469.1149999999998
ORD-101953,2025-02-15,Home & Kitchen,Storage Box Set,Central,Nagpur,New,2,1018.95,0.0,Debit Card,Delivered,520.79,2037.9,0.0,2037.9,1041.58,996.3200000000002,48.88954315717161,2037.9,996.3200000000002
ORD-101834,2025-02-15,Beauty,Hair Care Combo,Central,Raipur,New,2,1357.9,0.05,Debit Card,Cancelled,653.05,2715.8,135.79000000000002,2580.01,1306.1,1273.9100000000003,49.37616520866199,0.0,0.0
ORD-100659,2025-02-16,Fashion,Denim Jacket,West,Surat,Loyal,4,2513.3,0.05,Debit Card,Delivered,1449.68,10053.2,502.6600000000001,9550.54,5798.72,3751.8200000000006,39.28385201255636,9550.54,3751.8200000000006
ORD-102025,2025-02-16,Beauty,Hair Care Combo,North,Chandigarh,Loyal,4,1315.55,0.1,Cash on Delivery,Delivered,641.87,5262.2,526.22,4735.98,2567.48,2168.4999999999995,45.78777782000768,4735.98,2168.4999999999995
ORD-103335,2025-02-16,Sports,Resistance Bands,Central,Nagpur,New,1,673.91,0.05,Credit Card,Delivered,297.21,673.91,33.6955,640.2144999999999,297.21,343.00449999999995,53.57649662730225,640.2144999999999,343.00449999999995
ORD-101253,2025-02-17,Electronics,Wireless Headphones,North,Chandigarh,Returning,2,2435.48,0.15,Credit Card,Delivered,1694.53,4870.96,730.644,4140.316,3389.06,751.2559999999999,18.14489522055804,4140.316,751.2559999999999
ORD-101911,2025-02-17,Electronics,Wireless Headphones,North,Delhi,New,4,2588.79,0.1,Net Banking,Delivered,1651.83,10355.16,1035.516,9319.644,6607.32,2712.3240000000005,29.10330051233717,9319.644,2712.3240000000005
ORD-101215,2025-02-17,Electronics,Wireless Headphones,West,Ahmedabad,Returning,2,2609.0,0.0,UPI,Delivered,1707.08,5218.0,0.0,5218.0,3414.16,1803.8400000000001,34.56956688386355,5218.0,1803.8400000000001
ORD-102669,2025-02-18,Electronics,Smart Watch,Central,Raipur,Loyal,2,4115.83,0.05,Cash on Delivery,Delivered,2675.65,8231.66,411.583,7820.077,5351.3,2468.777,31.569727510355715,7820.077,2468.777
ORD-101055,2025-02-18,Electronics,Wireless Headphones,East,Patna,Returning,2,2576.02,0.05,Credit Card,Cancelled,1671.74,5152.04,257.60200000000003,4894.438,3343.48,1550.958,31.688173391919566,0.0,0.0
ORD-100069,2025-02-18,Fashion,Hoodie,West,Ahmedabad,New,3,1780.81,0.1,UPI,Delivered,1027.84,5342.43,534.243,4808.187,3083.5199999999995,1724.6670000000004,35.86938278398907,4808.187,1724.6670000000004
ORD-101027,2025-02-19,Home & Kitchen,Coffee Maker,North,Jaipur,Returning,2,3615.95,0.0,Debit Card,Delivered,2181.97,7231.9,0.0,7231.9,4363.94,2867.96,39.6570749042437,7231.9,2867.96
ORD-101588,2025-02-19,Sports,Yoga Mat,North,Jaipur,Returning,4,1029.38,0.15,UPI,Delivered,495.14,4117.52,617.628,3499.8920000000003,1980.56,1519.3320000000003,43.410825248321956,3499.8920000000003,1519.3320000000003
ORD-102856,2025-02-19,Fashion,T-Shirt,West,Mumbai,Loyal,2,832.12,0.0,Net Banking,Delivered,432.94,1664.24,0.0,1664.24,865.88,798.36,47.97144642599625,1664.24,798.36
ORD-102479,2025-02-19,Home & Kitchen,Storage Box Set,South,Hyderabad,Returning,2,995.36,0.0,UPI,Delivered,512.45,1990.72,0.0,1990.72,1024.9,965.8199999999999,48.516114772544604,1990.72,965.8199999999999
ORD-101571,2025-02-20,Electronics,Bluetooth Speaker,Central,Bhopal,Returning,3,1949.03,0.05,Credit Card,Delivered,1167.36,5847.09,292.35450000000003,5554.7355,3502.08,2052.6555,36.95325366977419,5554.7355,2052.6555
ORD-100127,2025-02-20,Electronics,Power Bank,North,Delhi,New,4,1262.05,0.0,Debit Card,Delivered,830.67,5048.2,0.0,5048.2,3322.68,1725.52,34.18089616100789,5048.2,1725.52
ORD-100217,2025-02-20,Beauty,Skin Care Kit,West,Surat,New,4,1662.24,0.0,Credit Card,Delivered,866.44,6648.96,0.0,6648.96,3465.76,3183.2,47.8751564154394,6648.96,3183.2
ORD-100439,2025-02-21,Electronics,USB-C Hub,North,Jaipur,New,1,972.18,0.05,Credit Card,Delivered,595.65,972.18,48.609,923.5709999999999,595.65,327.92099999999994,35.50577053632043,923.5709999999999,327.92099999999994
ORD-103134,2025-02-21,Fashion,Hoodie,South,Hyderabad,New,1,1851.82,0.05,UPI,Delivered,972.85,1851.82,92.59100000000001,1759.2289999999998,972.85,786.3789999999998,44.700206738292735,1759.2289999999998,786.3789999999998
ORD-102752,2025-02-21,Fashion,Denim Jacket,East,Guwahati,Returning,3,2589.08,0.05,UPI,Delivered,1416.73,7767.24,388.362,7378.878,4250.1900000000005,3128.687999999999,42.40059261042125,7378.878,3128.687999999999
ORD-101096,2025-02-21,Home & Kitchen,Air Fryer,North,Jaipur,New,2,5007.96,0.0,Cash on Delivery,Cancelled,3397.29,10015.92,0.0,10015.92,6794.58,3221.34,32.16219778113244,0.0,0.0
ORD-100280,2025-02-22,Home & Kitchen,Storage Box Set,West,Surat,New,1,1016.12,0.0,Cash on Delivery,Delivered,504.54,1016.12,0.0,1016.12,504.54,511.58,50.346415777664056,1016.12,511.58
ORD-101361,2025-02-22,Fashion,Backpack,North,Jaipur,Loyal,3,1448.84,0.1,Net Banking,Delivered,854.82,4346.5199999999995,434.652,3911.8679999999995,2564.46,1347.4079999999994,34.444107009745714,3911.8679999999995,1347.4079999999994
ORD-101851,2025-02-22,Fashion,Hoodie,South,Bengaluru,New,1,1874.99,0.1,Credit Card,Delivered,985.05,1874.99,187.49900000000002,1687.491,985.05,702.441,41.626355340561815,1687.491,702.441
ORD-100678,2025-02-23,Home & Kitchen,Coffee Maker,South,Bengaluru,Loyal,2,3590.85,0.05,UPI,Delivered,2142.82,7181.7,359.08500000000004,6822.615,4285.64,2536.9749999999995,37.18478911678293,6822.615,2536.9749999999995
ORD-101122,2025-02-23,Fashion,Backpack,East,Patna,Loyal,1,1512.76,0.2,Credit Card,Delivered,834.35,1512.76,302.552,1210.208,834.35,375.85800000000006,31.057305851556098,1210.208,375.85800000000006
ORD-102635,2025-02-23,Beauty,Hair Dryer,South,Kochi,Returning,2,2316.53,0.0,Net Banking,Delivered,1284.51,4633.06,0.0,4633.06,2569.02,2064.0400000000004,44.550254043763736,4633.06,2064.0400000000004
ORD-100246,2025-02-23,Beauty,Skin Care Kit,East,Patna,Returning,3,1551.37,0.1,UPI,Delivered,863.36,4654.11,465.411,4188.699,2590.08,1598.6189999999997,38.16504838375829,4188.699,1598.6189999999997
ORD-100431,2025-02-23,Beauty,Perfume,Central,Nagpur,New,5,1981.78,0.15,Debit Card,Delivered,1133.21,9908.9,1486.3349999999998,8422.565,5666.05,2756.5150000000003,32.72773792781653,8422.565,2756.5150000000003
ORD-102366,2025-02-24,Electronics,Smart Watch,West,Mumbai,Loyal,4,4050.16,0.1,Credit Card,Delivered,2663.86,16200.64,1620.064,14580.576,10655.44,3925.1359999999986,26.920308223762895,14580.576,3925.1359999999986
ORD-101256,2025-02-24,Beauty,Face Serum,North,Chandigarh,Returning,1,880.78,0.05,Debit Card,Returned,421.46,880.78,44.039,836.741,421.46,415.281,49.630769855905235,0.0,0.0
ORD-100881,2025-02-24,Electronics,Power Bank,North,Lucknow,Returning,1,1302.0,0.15,Credit Card,Delivered,783.23,1302.0,195.29999999999998,1106.7,783.23,323.47,29.22833649588868,1106.7,323.47
ORD-103321,2025-02-24,Fashion,Hoodie,South,Chennai,Returning,3,1824.09,0.0,UPI,Delivered,1005.36,5472.2699999999995,0.0,5472.2699999999995,3016.08,2456.1899999999996,44.88429847211486,5472.2699999999995,2456.1899999999996
ORD-100007,2025-02-24,Electronics,Wireless Headphones,South,Bengaluru,New,2,2465.29,0.2,UPI,Delivered,1621.74,4930.58,986.116,3944.464,3243.48,700.9839999999999,17.771337246328017,3944.464,700.9839999999999
ORD-101328,2025-02-24,Home & Kitchen,Water Bottle,South,Chennai,Loyal,1,706.87,0.15,Cash on Delivery,Delivered,296.14,706.87,106.0305,600.8395,296.14,304.69950000000006,50.71229504717982,600.8395,304.69950000000006
ORD-102317,2025-02-25,Fashion,Hoodie,North,Lucknow,New,2,1771.88,0.15,Net Banking,Delivered,1012.72,3543.76,531.564,3012.1960000000004,2025.44,986.7560000000003,32.7586916654826,3012.1960000000004,986.7560000000003
ORD-100728,2025-02-25,Electronics,USB-C Hub,North,Delhi,New,2,1003.04,0.1,Net Banking,Delivered,586.36,2006.08,200.608,1805.472,1172.72,632.752,35.04634799099626,1805.472,632.752
ORD-103281,2025-02-25,Electronics,USB-C Hub,Central,Nagpur,Returning,2,1030.49,0.05,Debit Card,Delivered,609.81,2060.98,103.049,1957.931,1219.62,738.3110000000001,37.708734373172504,1957.931,738.3110000000001
ORD-102529,2025-02-25,Fashion,Backpack,South,Hyderabad,Returning,1,1555.41,0.2,Credit Card,Delivered,865.28,1555.41,311.08200000000005,1244.328,865.28,379.048,30.46206466462219,1244.328,379.048
ORD-100753,2025-02-25,Sports,Dumbbell Set,North,Jaipur,Returning,1,2500.15,0.0,Debit Card,Delivered,1488.89,2500.15,0.0,2500.15,1488.89,1011.26,40.447973121612705,2500.15,1011.26
ORD-100196,2025-02-25,Sports,Sports Bag,North,Chandigarh,Loyal,3,1535.23,0.0,UPI,Delivered,855.93,4605.6900000000005,0.0,4605.6900000000005,2567.79,2037.9000000000005,44.24744175139882,4605.6900000000005,2037.9000000000005
ORD-102865,2025-02-25,Fashion,Hoodie,West,Surat,Loyal,1,1812.64,0.0,Cash on Delivery,Delivered,1030.56,1812.64,0.0,1812.64,1030.56,782.0800000000002,43.14590872980846,1812.64,782.0800000000002
ORD-101721,2025-02-26,Fashion,T-Shirt,West,Surat,Returning,1,826.27,0.15,Credit Card,Delivered,425.16,826.27,123.94049999999999,702.3295,425.16,277.1695,39.46431126700502,702.3295,277.1695
ORD-100001,2025-02-26,Home & Kitchen,Air Fryer,West,Pune,Returning,1,5160.78,0.0,Credit Card,Delivered,3374.65,5160.78,0.0,5160.78,3374.65,1786.1299999999997,34.609690783176184,5160.78,1786.1299999999997
ORD-103248,2025-02-26,Fashion,Denim Jacket,West,Ahmedabad,New,1,2577.82,0.05,Credit Card,Delivered,1487.78,2577.82,128.89100000000002,2448.929,1487.78,961.1490000000001,39.24772829265365,2448.929,961.1490000000001
ORD-101543,2025-02-26,Home & Kitchen,Storage Box Set,East,Bhubaneswar,New,2,1034.62,0.05,Net Banking,Delivered,531.61,2069.24,103.46199999999999,1965.7779999999998,1063.22,902.5579999999998,45.913526349363956,1965.7779999999998,902.5579999999998
ORD-100133,2025-02-27,Fashion,Denim Jacket,West,Surat,New,2,2603.91,0.05,UPI,Delivered,1491.55,5207.82,260.391,4947.429,2983.1,1964.3290000000002,39.704036177174046,4947.429,1964.3290000000002
ORD-102033,2025-02-27,Sports,Resistance Bands,West,Surat,Loyal,3,689.44,0.2,Debit Card,Delivered,307.55,2068.32,413.66400000000004,1654.6560000000002,922.6500000000001,732.0060000000001,44.23916511951729,1654.6560000000002,732.0060000000001
ORD-101809,2025-02-27,Home & Kitchen,Storage Box Set,West,Pune,Returning,5,1017.77,0.1,Debit Card,Returned,520.13,5088.85,508.88500000000005,4579.965,2600.65,1979.315,43.21681497566029,0.0,0.0
ORD-100172,2025-02-27,Fashion,Hoodie,East,Guwahati,Returning,1,1842.7,0.0,Net Banking,Delivered,1010.73,1842.7,0.0,1842.7,1010.73,831.97,45.14950887284962,1842.7,831.97
ORD-102912,2025-02-27,Sports,Yoga Mat,West,Ahmedabad,Loyal,2,1013.53,0.1,Cash on Delivery,Delivered,519.53,2027.06,202.70600000000002,1824.3539999999998,1039.06,785.2939999999999,43.045044985786745,1824.3539999999998,785.2939999999999
ORD-101531,2025-02-27,Home & Kitchen,Coffee Maker,East,Guwahati,New,2,3521.18,0.1,UPI,Delivered,2262.46,7042.36,704.236,6338.124,4524.92,1813.2039999999997,28.60789722637171,6338.124,1813.2039999999997
ORD-102854,2025-02-27,Home & Kitchen,Air Fryer,West,Ahmedabad,Returning,2,4966.36,0.1,Cash on Delivery,Delivered,3300.19,9932.72,993.2719999999999,8939.448,6600.38,2339.068,26.16568718784426,8939.448,2339.068
ORD-101931,2025-02-27,Beauty,Hair Dryer,North,Jaipur,New,1,2209.61,0.0,Credit Card,Delivered,1284.04,2209.61,0.0,2209.61,1284.04,925.5700000000002,41.88838754350316,2209.61,925.5700000000002
ORD-100695,2025-02-27,Fashion,Denim Jacket,East,Kolkata,Returning,5,2487.63,0.05,Debit Card,Delivered,1459.16,12438.150000000001,621.9075000000001,11816.242500000002,7295.8,4520.442500000002,38.256175768227514,11816.242500000002,4520.442500000002
ORD-100826,2025-02-27,Home & Kitchen,Air Fryer,Central,Bhopal,New,1,4903.94,0.1,UPI,Delivered,3333.32,4903.94,490.394,4413.545999999999,3333.32,1080.2259999999992,24.47524054354479,4413.545999999999,1080.2259999999992
ORD-100359,2025-02-28,Fashion,Denim Jacket,South,Chennai,New,1,2451.16,0.0,Net Banking,Delivered,1487.05,2451.16,0.0,2451.16,1487.05,964.1099999999999,39.33280569199889,2451.16,964.1099999999999
ORD-100033,2025-02-28,Electronics,Bluetooth Speaker,East,Bhubaneswar,Returning,1,1916.98,0.2,UPI,Returned,1214.27,1916.98,383.396,1533.584,1214.27,319.3140000000001,20.82142223706038,0.0,0.0
ORD-100910,2025-02-28,Electronics,USB-C Hub,South,Chennai,New,1,1033.57,0.1,UPI,Delivered,592.89,1033.57,103.357,930.213,592.89,337.323,36.26298492925814,930.213,337.323
ORD-101633,2025-02-28,Sports,Yoga Mat,South,Chennai,New,1,1020.77,0.2,Debit Card,Delivered,489.13,1020.77,204.154,816.616,489.13,327.486,40.10281454196342,816.616,327.486
ORD-102082,2025-02-28,Home & Kitchen,Coffee Maker,West,Surat,New,1,3505.04,0.1,Net Banking,Delivered,2277.88,3505.04,350.504,3154.536,2277.88,876.656,27.790331129522695,3154.536,876.656
ORD-103414,2025-03-01,Fashion,Backpack,West,Pune,New,1,1560.65,0.15,UPI,Delivered,875.59,1560.65,234.0975,1326.5525,875.59,450.9625,33.99507369666862,1326.5525,450.9625
ORD-100581,2025-03-01,Home & Kitchen,Storage Box Set,North,Delhi,Returning,2,1034.11,0.1,Credit Card,Delivered,518.88,2068.22,206.822,1861.3979999999997,1037.76,823.6379999999997,44.248355268459505,1861.3979999999997,823.6379999999997
ORD-100951,2025-03-01,Home & Kitchen,Air Fryer,North,Chandigarh,New,3,5049.29,0.0,UPI,Delivered,3338.14,15147.869999999999,0.0,15147.869999999999,10014.42,5133.449999999999,33.88892299709463,15147.869999999999,5133.449999999999
ORD-102340,2025-03-01,Electronics,Bluetooth Speaker,East,Kolkata,Returning,1,1851.21,0.1,Credit Card,Delivered,1211.02,1851.21,185.121,1666.089,1211.02,455.06899999999996,27.313606896150205,1666.089,455.06899999999996
ORD-100674,2025-03-02,Electronics,USB-C Hub,East,Guwahati,New,1,995.34,0.0,UPI,Delivered,596.51,995.34,0.0,995.34,596.51,398.83000000000004,40.06972491811843,995.34,398.83000000000004
ORD-100376,2025-03-02,Fashion,Denim Jacket,East,Kolkata,Returning,1,2491.51,0.15,UPI,Delivered,1494.26,2491.51,373.72650000000004,2117.7835,1494.26,623.5235,29.442268296074648,2117.7835,623.5235
ORD-102816,2025-03-02,Home & Kitchen,Water Bottle,Central,Bhopal,New,2,684.78,0.05,Credit Card,Delivered,309.39,1369.56,68.478,1301.0819999999999,618.78,682.3019999999999,52.441122081467576,1301.0819999999999,682.3019999999999
ORD-102594,2025-03-02,Electronics,Smart Watch,West,Mumbai,Returning,2,4029.54,0.15,Credit Card,Delivered,2739.36,8059.08,1208.8619999999999,6850.218,5478.72,1371.4979999999996,20.021231441101577,6850.218,1371.4979999999996
ORD-101690,2025-03-02,Home & Kitchen,Storage Box Set,Central,Indore,Returning,1,973.27,0.05,Net Banking,Delivered,529.65,973.27,48.6635,924.6065,529.65,394.9565,42.716171690335294,924.6065,394.9565
ORD-102266,2025-03-02,Home & Kitchen,Coffee Maker,East,Guwahati,Returning,2,3370.83,0.05,UPI,Delivered,2216.21,6741.66,337.083,6404.577,4432.42,1972.1570000000002,30.792931367676584,6404.577,1972.1570000000002
ORD-100977,2025-03-02,Beauty,Perfume,South,Hyderabad,Returning,2,1973.87,0.15,Net Banking,Delivered,1132.09,3947.74,592.161,3355.5789999999997,2264.18,1091.399,32.52490851802327,3355.5789999999997,1091.399
ORD-102453,2025-03-02,Electronics,Bluetooth Speaker,Central,Nagpur,Loyal,1,1921.13,0.15,Credit Card,Delivered,1225.32,1921.13,288.1695,1632.9605000000001,1225.32,407.6405000000002,24.96327988337747,1632.9605000000001,407.6405000000002
ORD-100010,2025-03-02,Sports,Running Shoes,West,Ahmedabad,Returning,1,3471.72,0.0,Net Banking,Delivered,2151.01,3471.72,0.0,3471.72,2151.01,1320.7099999999996,38.04195038770406,3471.72,1320.7099999999996
ORD-100700,2025-03-02,Home & Kitchen,Storage Box Set,East,Kolkata,New,2,991.7,0.15,UPI,Delivered,529.73,1983.4,297.51,1685.89,1059.46,626.4300000000001,37.157228526179054,1685.89,626.4300000000001
ORD-100243,2025-03-02,Fashion,Hoodie,North,Jaipur,New,4,1831.94,0.15,Credit Card,Delivered,1020.08,7327.76,1099.164,6228.5960000000005,4080.32,2148.2760000000003,34.49053366119749,6228.5960000000005,2148.2760000000003
ORD-100218,2025-03-03,Beauty,Hair Dryer,North,Lucknow,Returning,2,2319.55,0.05,Credit Card,Delivered,1264.69,4639.1,231.95500000000004,4407.145,2529.38,1877.7650000000003,42.60728884572666,4407.145,1877.7650000000003
ORD-100791,2025-03-03,Fashion,Hoodie,Central,Bhopal,Loyal,2,1827.7,0.0,UPI,Delivered,1039.27,3655.4,0.0,3655.4,2078.54,1576.8600000000001,43.13782349400886,3655.4,1576.8600000000001
ORD-102306,2025-03-03,Beauty,Face Serum,North,Delhi,Loyal,2,901.97,0.0,UPI,Delivered,413.05,1803.94,0.0,1803.94,826.1,977.84,54.20579398427886,1803.94,977.84
ORD-101842,2025-03-03,Fashion,Sneakers,North,Lucknow,New,1,2924.39,0.05,UPI,Delivered,1797.4,2924.39,146.2195,2778.1704999999997,1797.4,980.7704999999996,35.3027468976436,2778.1704999999997,980.7704999999996
ORD-102742,2025-03-03,Sports,Resistance Bands,West,Pune,Returning,1,705.79,0.1,UPI,Delivered,310.47,705.79,70.579,635.211,310.47,324.741,51.12332752423997,635.211,324.741
ORD-103284,2025-03-04,Home & Kitchen,Storage Box Set,West,Ahmedabad,Loyal,1,1036.37,0.05,Net Banking,Cancelled,505.4,1036.37,51.8185,984.5514999999999,505.4,479.15149999999994,48.66698186940957,0.0,0.0
ORD-103419,2025-03-04,Electronics,Smart Watch,East,Bhubaneswar,Returning,2,4025.82,0.0,Credit Card,Delivered,2629.84,8051.64,0.0,8051.64,5259.68,2791.96,34.67566855944876,8051.64,2791.96
ORD-100087,2025-03-04,Electronics,Wireless Headphones,North,Lucknow,New,4,2425.31,0.0,Credit Card,Delivered,1707.2,9701.24,0.0,9701.24,6828.8,2872.4399999999996,29.608998437313165,9701.24,2872.4399999999996
ORD-102957,2025-03-05,Electronics,USB-C Hub,Central,Bhopal,New,1,989.71,0.0,Credit Card,Delivered,600.42,989.71,0.0,989.71,600.42,389.2900000000001,39.33374422810723,989.71,389.2900000000001
ORD-100588,2025-03-05,Fashion,Hoodie,East,Patna,Loyal,1,1838.74,0.05,Cash on Delivery,Delivered,1024.29,1838.74,91.93700000000001,1746.8029999999999,1024.29,722.5129999999999,41.36201964388657,1746.8029999999999,722.5129999999999
ORD-103035,2025-03-05,Sports,Yoga Mat,North,Chandigarh,Loyal,1,1014.54,0.05,UPI,Cancelled,492.03,1014.54,50.727000000000004,963.813,492.03,471.783,48.94964064605894,0.0,0.0
ORD-102472,2025-03-05,Electronics,Bluetooth Speaker,East,Guwahati,New,3,1892.14,0.0,UPI,Delivered,1199.98,5676.42,0.0,5676.42,3599.94,2076.48,36.58080268901878,5676.42,2076.48
ORD-102502,2025-03-05,Electronics,Bluetooth Speaker,West,Surat,Returning,1,1976.11,0.0,UPI,Delivered,1232.08,1976.11,0.0,1976.11,1232.08,744.03,37.651244110904756,1976.11,744.03
ORD-101738,2025-03-05,Beauty,Perfume,South,Bengaluru,Returning,2,2005.58,0.0,Debit Card,Delivered,1091.87,4011.16,0.0,4011.16,2183.74,1827.42,45.55839208607984,4011.16,1827.42
ORD-100891,2025-03-05,Beauty,Face Serum,East,Bhubaneswar,Returning,1,890.46,0.0,Credit Card,Delivered,413.23,890.46,0.0,890.46,413.23,477.23,53.59364822675921,890.46,477.23
ORD-101788,2025-03-05,Home & Kitchen,Storage Box Set,West,Surat,New,4,1004.99,0.15,Net Banking,Delivered,522.53,4019.96,602.994,3416.966,2090.12,1326.846,38.83111508864882,3416.966,1326.846
ORD-103343,2025-03-05,Fashion,T-Shirt,Central,Bhopal,Returning,2,829.93,0.0,Cash on Delivery,Delivered,419.33,1659.86,0.0,1659.86,838.66,821.1999999999999,49.47405202848433,1659.86,821.1999999999999
ORD-102321,2025-03-05,Fashion,Denim Jacket,North,Delhi,New,4,2565.37,0.1,UPI,Delivered,1452.51,10261.48,1026.148,9235.332,5810.04,3425.2920000000004,37.08899690882797,9235.332,3425.2920000000004
ORD-102682,2025-03-06,Sports,Sports Bag,South,Chennai,Loyal,2,1638.34,0.15,Credit Card,Delivered,844.04,3276.68,491.50199999999995,2785.178,1688.08,1097.098,39.390588321464556,2785.178,1097.098
ORD-101880,2025-03-06,Electronics,Smart Watch,East,Patna,Loyal,1,3941.81,0.1,Cash on Delivery,Delivered,2677.34,3941.81,394.18100000000004,3547.629,2677.34,870.2889999999998,24.53156742150884,3547.629,870.2889999999998
ORD-100580,2025-03-06,Fashion,T-Shirt,South,Hyderabad,New,1,785.08,0.1,Credit Card,Delivered,443.05,785.08,78.50800000000001,706.572,443.05,263.522,37.295845292482575,706.572,263.522
ORD-100258,2025-03-07,Electronics,Wireless Headphones,Central,Indore,Loyal,1,2407.28,0.15,Debit Card,Cancelled,1673.71,2407.28,361.09200000000004,2046.188,1673.71,372.47800000000007,18.203508182043883,0.0,0.0
ORD-102556,2025-03-07,Electronics,USB-C Hub,North,Jaipur,Returning,3,1040.43,0.0,UPI,Delivered,574.8,3121.29,0.0,3121.29,1724.3999999999999,1396.89,44.75361148755803,3121.29,1396.89
ORD-101289,2025-03-07,Electronics,Power Bank,North,Chandigarh,New,2,1266.25,0.1,Credit Card,Delivered,790.27,2532.5,253.25,2279.25,1580.54,698.71,30.655259405506197,2279.25,698.71
ORD-102515,2025-03-07,Home & Kitchen,Water Bottle,South,Chennai,New,4,692.53,0.05,UPI,Delivered,310.38,2770.12,138.506,2631.614,1241.52,1390.094,52.82286839939292,2631.614,1390.094
ORD-101436,2025-03-07,Electronics,Power Bank,West,Mumbai,Returning,5,1342.04,0.1,Cash on Delivery,Cancelled,820.42,6710.2,671.02,6039.18,4102.099999999999,1937.0800000000008,32.07521550939036,0.0,0.0
ORD-103497,2025-03-07,Fashion,Backpack,North,Jaipur,Returning,2,1567.28,0.1,Cash on Delivery,Delivered,840.91,3134.56,313.456,2821.104,1681.82,1139.2839999999999,40.38433180768947,2821.104,1139.2839999999999
ORD-101450,2025-03-07,Sports,Yoga Mat,North,Chandigarh,New,4,1046.94,0.0,Net Banking,Delivered,517.77,4187.76,0.0,4187.76,2071.08,2116.6800000000003,50.54444380766806,4187.76,2116.6800000000003
ORD-101359,2025-03-07,Electronics,Wireless Headphones,East,Patna,Returning,2,2546.44,0.05,Debit Card,Delivered,1686.38,5092.88,254.644,4838.236,3372.76,1465.4759999999997,30.289469137098724,4838.236,1465.4759999999997
ORD-101166,2025-03-08,Electronics,USB-C Hub,East,Guwahati,Returning,1,969.86,0.2,Debit Card,Delivered,592.7,969.86,193.972,775.888,592.7,183.188,23.610108675478934,775.888,183.188
ORD-101730,2025-03-08,Home & Kitchen,Water Bottle,West,Surat,Loyal,1,708.04,0.0,Debit Card,Delivered,311.99,708.04,0.0,708.04,311.99,396.04999999999995,55.93610530478503,708.04,396.04999999999995
ORD-102475,2025-03-08,Electronics,Smart Watch,South,Chennai,New,2,4137.52,0.15,Credit Card,Returned,2715.98,8275.04,1241.256,7033.784000000001,5431.96,1601.8240000000005,22.773289597747105,0.0,0.0
ORD-102623,2025-03-08,Home & Kitchen,Coffee Maker,West,Surat,New,2,3665.43,0.0,UPI,Delivered,2135.55,7330.86,0.0,7330.86,4271.1,3059.7599999999993,41.73807711509972,7330.86,3059.7599999999993
ORD-102615,2025-03-08,Beauty,Skin Care Kit,North,Chandigarh,Returning,1,1644.21,0.0,Credit Card,Delivered,850.6,1644.21,0.0,1644.21,850.6,793.61,48.266948869061736,1644.21,793.61
ORD-102423,2025-03-08,Sports,Yoga Mat,West,Surat,New,1,1030.46,0.05,UPI,Delivered,492.42,1030.46,51.523,978.937,492.42,486.517,49.698499494860236,978.937,486.517
ORD-102265,2025-03-09,Home & Kitchen,Air Fryer,West,Pune,New,3,5079.76,0.0,Net Banking,Delivered,3237.59,15239.28,0.0,15239.28,9712.77,5526.51,36.26490227884782,15239.28,5526.51
ORD-100516,2025-03-09,Electronics,Bluetooth Speaker,East,Guwahati,Returning,3,1829.74,0.1,UPI,Delivered,1240.87,5489.22,548.922,4940.298000000001,3722.6099999999997,1217.688000000001,24.648067788623294,4940.298000000001,1217.688000000001
ORD-100818,2025-03-09,Electronics,Power Bank,South,Bengaluru,Loyal,1,1320.81,0.1,Debit Card,Delivered,826.69,1320.81,132.081,1188.729,826.69,362.039,30.455974406277626,1188.729,362.039
ORD-102177,2025-03-09,Home & Kitchen,Coffee Maker,North,Delhi,Returning,2,3621.18,0.0,UPI,Delivered,2220.66,7242.36,0.0,7242.36,4441.32,2801.04,38.67579076433649,7242.36,2801.04
ORD-103353,2025-03-09,Electronics,USB-C Hub,North,Lucknow,New,4,992.02,0.1,Net Banking,Delivered,588.67,3968.08,396.808,3571.272,2354.68,1216.592,34.066069456484975,3571.272,1216.592
ORD-100460,2025-03-09,Electronics,Smart Watch,Central,Indore,Returning,2,4011.19,0.15,UPI,Delivered,2716.26,8022.38,1203.357,6819.023,5432.52,1386.5029999999997,20.3328687995333,6819.023,1386.5029999999997
ORD-100171,2025-03-09,Fashion,Hoodie,East,Bhubaneswar,Returning,1,1736.89,0.1,Debit Card,Delivered,1015.87,1736.89,173.68900000000002,1563.201,1015.87,547.331,35.01347555432731,1563.201,547.331
ORD-101827,2025-03-09,Beauty,Hair Dryer,South,Bengaluru,New,5,2358.47,0.1,Credit Card,Delivered,1346.56,11792.349999999999,1179.235,10613.114999999998,6732.799999999999,3880.3149999999987,36.561509038581036,10613.114999999998,3880.3149999999987
ORD-101227,2025-03-10,Home & Kitchen,Storage Box Set,East,Patna,New,2,1005.11,0.05,UPI,Delivered,505.97,2010.22,100.51100000000001,1909.709,1011.94,897.769,47.01077494005631,1909.709,897.769
ORD-101855,2025-03-10,Sports,Dumbbell Set,East,Kolkata,New,1,2523.95,0.0,Credit Card,Delivered,1518.01,2523.95,0.0,2523.95,1518.01,1005.9399999999998,39.855781612155546,2523.95,1005.9399999999998
ORD-102504,2025-03-10,Home & Kitchen,Storage Box Set,North,Delhi,Returning,1,974.57,0.15,UPI,Delivered,531.38,974.57,146.1855,828.3845000000001,531.38,297.0045000000001,35.853459353717994,828.3845000000001,297.0045000000001
ORD-102946,2025-03-10,Home & Kitchen,Air Fryer,West,Surat,New,1,5106.02,0.05,UPI,Delivered,3405.46,5106.02,255.30100000000004,4850.719,3405.46,1445.259,29.79473764610978,4850.719,1445.259
ORD-103491,2025-03-10,Electronics,Bluetooth Speaker,North,Delhi,New,3,1968.54,0.05,Credit Card,Delivered,1215.9,5905.62,295.281,5610.339,3647.7000000000003,1962.6389999999997,34.98253848831594,5610.339,1962.6389999999997
ORD-100322,2025-03-10,Fashion,Hoodie,East,Bhubaneswar,Returning,1,1772.92,0.0,UPI,Delivered,993.66,1772.92,0.0,1772.92,993.66,779.2600000000001,43.953477878302465,1772.92,779.2600000000001
ORD-100583,2025-03-10,Beauty,Skin Care Kit,South,Kochi,Loyal,2,1599.8,0.0,Net Banking,Delivered,881.03,3199.6,0.0,3199.6,1762.06,1437.54,44.928741092636585,3199.6,1437.54
ORD-100480,2025-03-11,Home & Kitchen,Coffee Maker,North,Delhi,Returning,1,3564.75,0.1,UPI,Delivered,2219.73,3564.75,356.475,3208.275,2219.73,988.5450000000001,30.81235243238189,3208.275,988.5450000000001
ORD-103150,2025-03-11,Beauty,Hair Dryer,Central,Nagpur,New,1,2320.21,0.05,Debit Card,Delivered,1331.96,2320.21,116.01050000000001,2204.1995,1331.96,872.2395000000001,39.571712996033256,2204.1995,872.2395000000001
ORD-103077,2025-03-11,Electronics,Bluetooth Speaker,West,Ahmedabad,Loyal,5,1901.92,0.0,Cash on Delivery,Delivered,1217.79,9509.6,0.0,9509.6,6088.95,3420.6500000000005,35.97049297551948,9509.6,3420.6500000000005
ORD-100310,2025-03-11,Electronics,Power Bank,South,Chennai,Returning,2,1247.17,0.0,UPI,Delivered,824.5,2494.34,0.0,2494.34,1649.0,845.3400000000001,33.890327701917144,2494.34,845.3400000000001
ORD-101272,2025-03-11,Beauty,Perfume,West,Ahmedabad,New,1,2023.92,0.1,UPI,Delivered,1078.53,2023.92,202.39200000000002,1821.528,1078.53,742.998,40.78982041450914,1821.528,742.998
ORD-100808,2025-03-12,Electronics,Wireless Headphones,North,Jaipur,New,2,2514.39,0.1,Credit Card,Delivered,1638.31,5028.78,502.878,4525.902,3276.62,1249.2820000000002,27.602939701301533,4525.902,1249.2820000000002
ORD-101867,2025-03-12,Fashion,Backpack,Central,Raipur,Returning,1,1472.83,0.0,UPI,Delivered,868.79,1472.83,0.0,1472.83,868.79,604.04,41.01220100079439,1472.83,604.04
ORD-103034,2025-03-12,Home & Kitchen,Coffee Maker,South,Kochi,New,2,3525.74,0.15,UPI,Delivered,2162.78,7051.48,1057.722,5993.758,4325.56,1668.1979999999994,27.832254822433594,5993.758,1668.1979999999994
ORD-101538,2025-03-12,Fashion,Hoodie,South,Bengaluru,New,3,1823.97,0.05,Net Banking,Delivered,1008.09,5471.91,273.5955,5198.3144999999995,3024.27,2174.0444999999995,41.82210406853991,5198.3144999999995,2174.0444999999995
ORD-101489,2025-03-12,Fashion,T-Shirt,Central,Nagpur,New,1,795.21,0.1,UPI,Delivered,427.14,795.21,79.52100000000002,715.6890000000001,427.14,288.5490000000001,40.317651940996726,715.6890000000001,288.5490000000001
ORD-101816,2025-03-12,Beauty,Hair Dryer,South,Chennai,New,2,2385.86,0.0,UPI,Delivered,1310.03,4771.72,0.0,4771.72,2620.06,2151.6600000000003,45.091916541624414,4771.72,2151.6600000000003
ORD-102244,2025-03-13,Fashion,Sneakers,East,Bhubaneswar,New,1,2883.46,0.1,Credit Card,Delivered,1771.87,2883.46,288.346,2595.114,1771.87,823.2440000000001,31.722845316236594,2595.114,823.2440000000001
ORD-101466,2025-03-13,Beauty,Hair Care Combo,Central,Nagpur,New,1,1272.29,0.15,UPI,Delivered,638.01,1272.29,190.84349999999998,1081.4465,638.01,443.4365,41.00401637991339,1081.4465,443.4365
ORD-101484,2025-03-13,Electronics,Wireless Headphones,North,Chandigarh,Returning,1,2606.46,0.05,Credit Card,Delivered,1630.72,2606.46,130.323,2476.137,1630.72,845.4170000000001,34.14257773297681,2476.137,845.4170000000001
ORD-102911,2025-03-13,Home & Kitchen,Storage Box Set,South,Hyderabad,Returning,4,979.49,0.0,UPI,Delivered,507.59,3917.96,0.0,3917.96,2030.36,1887.6000000000001,48.178133518463696,3917.96,1887.6000000000001
ORD-100873,2025-03-14,Electronics,Bluetooth Speaker,West,Surat,New,1,1851.69,0.0,Debit Card,Delivered,1198.57,1851.69,0.0,1851.69,1198.57,653.1200000000001,35.27156273458301,1851.69,653.1200000000001
ORD-101216,2025-03-14,Home & Kitchen,Coffee Maker,South,Bengaluru,New,2,3657.72,0.1,Cash on Delivery,Delivered,2161.01,7315.44,731.544,6583.896,4322.02,2261.8759999999993,34.35467388913797,6583.896,2261.8759999999993
ORD-100501,2025-03-14,Home & Kitchen,Coffee Maker,South,Kochi,Returning,4,3365.4,0.0,Credit Card,Delivered,2227.01,13461.6,0.0,13461.6,8908.04,4553.5599999999995,33.8262910798122,13461.6,4553.5599999999995
ORD-102853,2025-03-14,Sports,Sports Bag,West,Surat,Returning,4,1543.62,0.05,UPI,Delivered,883.28,6174.48,308.724,5865.755999999999,3533.12,2332.6359999999995,39.767013834192895,5865.755999999999,2332.6359999999995
ORD-102723,2025-03-14,Home & Kitchen,Water Bottle,West,Surat,New,4,675.26,0.2,Debit Card,Delivered,303.13,2701.04,540.208,2160.832,1212.52,948.3119999999999,43.8864289310784,2160.832,948.3119999999999
ORD-101579,2025-03-14,Fashion,T-Shirt,Central,Nagpur,Returning,1,831.31,0.05,UPI,Delivered,428.54,831.31,41.5655,789.7444999999999,428.54,361.2044999999999,45.736880725348506,789.7444999999999,361.2044999999999
ORD-103027,2025-03-14,Fashion,Denim Jacket,North,Chandigarh,Loyal,2,2617.08,0.1,UPI,Delivered,1426.87,5234.16,523.416,4710.744,2853.74,1857.004,39.42060956825504,4710.744,1857.004
ORD-101321,2025-03-15,Electronics,Wireless Headphones,Central,Raipur,Returning,1,2422.27,0.15,UPI,Delivered,1631.33,2422.27,363.34049999999996,2058.9295,1631.33,427.59950000000026,20.7680496102465,2058.9295,427.59950000000026
ORD-100538,2025-03-15,Beauty,Face Serum,North,Lucknow,Returning,2,919.43,0.1,Debit Card,Delivered,431.79,1838.86,183.886,1654.974,863.58,791.3939999999999,47.81911981698806,1654.974,791.3939999999999
ORD-102214,2025-03-15,Electronics,Wireless Headphones,East,Patna,Loyal,1,2425.61,0.0,UPI,Delivered,1648.16,2425.61,0.0,2425.61,1648.16,777.45,32.05173131707076,2425.61,777.45
ORD-102215,2025-03-15,Fashion,T-Shirt,North,Jaipur,New,1,797.45,0.0,UPI,Delivered,431.98,797.45,0.0,797.45,431.98,365.47,45.82983259138504,797.45,365.47
ORD-100365,2025-03-15,Electronics,Wireless Headphones,North,Lucknow,New,2,2458.58,0.1,Cash on Delivery,Delivered,1674.66,4917.16,491.716,4425.4439999999995,3349.32,1076.1239999999993,24.316746523060726,4425.4439999999995,1076.1239999999993
ORD-101020,2025-03-15,Sports,Sports Bag,North,Jaipur,New,1,1565.98,0.15,Credit Card,Delivered,850.82,1565.98,234.897,1331.083,850.82,480.26300000000003,36.08062006651727,1331.083,480.26300000000003
ORD-100120,2025-03-15,Beauty,Skin Care Kit,West,Pune,Returning,3,1621.04,0.0,Credit Card,Delivered,835.47,4863.12,0.0,4863.12,2506.41,2356.71,48.460864630114,4863.12,2356.71
ORD-102506,2025-03-15,Electronics,Bluetooth Speaker,North,Lucknow,Returning,3,1923.6,0.0,Credit Card,Delivered,1222.51,5770.799999999999,0.0,5770.799999999999,3667.5299999999997,2103.2699999999995,36.446766479517564,5770.799999999999,2103.2699999999995
ORD-102786,2025-03-16,Electronics,Bluetooth Speaker,East,Guwahati,Loyal,1,1984.92,0.0,UPI,Delivered,1225.56,1984.92,0.0,1984.92,1225.56,759.3600000000001,38.25645366060094,1984.92,759.3600000000001
ORD-100726,2025-03-16,Electronics,Bluetooth Speaker,North,Delhi,Returning,1,1884.85,0.05,Credit Card,Delivered,1243.68,1884.85,94.2425,1790.6074999999998,1243.68,546.9274999999998,30.544242666245943,1790.6074999999998,546.9274999999998
ORD-102681,2025-03-16,Fashion,Denim Jacket,South,Hyderabad,Returning,2,2545.0,0.05,Credit Card,Cancelled,1431.91,5090.0,254.5,4835.5,2863.82,1971.6799999999998,40.775100816875195,0.0,0.0
ORD-102700,2025-03-17,Electronics,USB-C Hub,East,Bhubaneswar,Returning,3,1048.25,0.1,UPI,Delivered,600.27,3144.75,314.475,2830.275,1800.81,1029.4650000000001,36.37332061372128,2830.275,1029.4650000000001
ORD-103305,2025-03-17,Beauty,Perfume,East,Patna,New,1,2098.11,0.05,UPI,Delivered,1116.92,2098.11,104.90550000000002,1993.2045,1116.92,876.2845,43.96360232981613,1993.2045,876.2845
ORD-100497,2025-03-17,Electronics,Power Bank,North,Delhi,Returning,2,1257.12,0.0,Cash on Delivery,Delivered,823.39,2514.24,0.0,2514.24,1646.78,867.4599999999998,34.501877306860116,2514.24,867.4599999999998
ORD-103161,2025-03-17,Electronics,Smart Watch,South,Chennai,New,1,4078.91,0.1,Net Banking,Delivered,2656.8,4078.91,407.891,3671.019,2656.8,1014.2189999999996,27.627724073343114,3671.019,1014.2189999999996
ORD-102364,2025-03-17,Fashion,Backpack,West,Mumbai,Returning,5,1537.99,0.05,UPI,Delivered,867.9,7689.95,384.4975,7305.452499999999,4339.5,2965.9524999999994,40.59916206422531,7305.452499999999,2965.9524999999994
ORD-100313,2025-03-17,Fashion,Denim Jacket,West,Ahmedabad,Loyal,4,2451.45,0.1,UPI,Delivered,1461.73,9805.8,980.5799999999999,8825.22,5846.92,2978.2999999999993,33.74760062638665,8825.22,2978.2999999999993
ORD-102269,2025-03-17,Electronics,Wireless Headphones,West,Ahmedabad,Loyal,3,2506.22,0.2,Credit Card,Delivered,1681.28,7518.66,1503.732,6014.928,5043.84,971.0879999999997,16.144632155197865,6014.928,971.0879999999997
ORD-103370,2025-03-17,Fashion,T-Shirt,North,Jaipur,New,4,819.19,0.0,UPI,Returned,419.41,3276.76,0.0,3276.76,1677.64,1599.1200000000001,48.80186525714425,0.0,0.0
ORD-100198,2025-03-17,Sports,Resistance Bands,East,Bhubaneswar,Loyal,1,708.77,0.05,UPI,Delivered,296.27,708.77,35.4385,673.3315,296.27,377.0615,55.99938514684075,673.3315,377.0615
ORD-101946,2025-03-17,Fashion,Hoodie,West,Ahmedabad,Loyal,1,1812.59,0.15,Net Banking,Delivered,998.82,1812.59,271.88849999999996,1540.7015,998.82,541.8814999999998,35.17108927329531,1540.7015,541.8814999999998
ORD-100778,2025-03-17,Sports,Resistance Bands,East,Guwahati,New,3,703.93,0.05,UPI,Delivered,305.65,2111.79,105.5895,2006.2005,916.9499999999999,1089.2505,54.29419940828447,2006.2005,1089.2505
ORD-100946,2025-03-18,Electronics,Wireless Headphones,South,Kochi,Returning,4,2442.37,0.05,UPI,Delivered,1649.05,9769.48,488.474,9281.006,6596.2,2684.8059999999996,28.92796319709307,9281.006,2684.8059999999996
ORD-101876,2025-03-18,Home & Kitchen,Mixer Grinder,Central,Bhopal,New,1,3043.86,0.0,Credit Card,Delivered,1897.37,3043.86,0.0,3043.86,1897.37,1146.4900000000002,37.66566136418889,3043.86,1146.4900000000002
ORD-101050,2025-03-18,Beauty,Hair Dryer,North,Delhi,Loyal,3,2368.25,0.0,Credit Card,Delivered,1324.76,7104.75,0.0,7104.75,3974.2799999999997,3130.4700000000003,44.061648896864774,7104.75,3130.4700000000003
ORD-100863,2025-03-18,Fashion,Hoodie,North,Lucknow,New,1,1825.05,0.05,UPI,Delivered,1039.08,1825.05,91.2525,1733.7975,1039.08,694.7175,40.0691257196991,1733.7975,694.7175
ORD-101157,2025-03-18,Sports,Resistance Bands,West,Mumbai,Loyal,2,720.17,0.0,Debit Card,Delivered,305.28,1440.34,0.0,1440.34,610.56,829.78,57.610008747934515,1440.34,829.78
ORD-101343,2025-03-18,Sports,Resistance Bands,West,Mumbai,New,1,691.33,0.05,Net Banking,Cancelled,295.61,691.33,34.566500000000005,656.7635,295.61,361.1535,54.98988600919509,0.0,0.0
ORD-100724,2025-03-18,Home & Kitchen,Coffee Maker,North,Chandigarh,New,1,3494.27,0.05,Cash on Delivery,Delivered,2206.96,3494.27,174.7135,3319.5565,2206.96,1112.5965,33.516420039845684,3319.5565,1112.5965
ORD-100784,2025-03-19,Electronics,USB-C Hub,West,Mumbai,New,1,972.93,0.0,Debit Card,Delivered,591.06,972.93,0.0,972.93,591.06,381.87,39.24948351885541,972.93,381.87
ORD-100418,2025-03-19,Fashion,Backpack,West,Mumbai,New,1,1455.0,0.1,Credit Card,Delivered,857.09,1455.0,145.5,1309.5,857.09,452.40999999999997,34.548300878197786,1309.5,452.40999999999997
ORD-101619,2025-03-19,Electronics,USB-C Hub,South,Hyderabad,Returning,1,976.49,0.1,Cash on Delivery,Cancelled,584.12,976.49,97.649,878.841,584.12,294.721,33.53519009695724,0.0,0.0
ORD-102510,2025-03-19,Electronics,Smart Watch,Central,Nagpur,Returning,4,3997.6,0.1,Credit Card,Delivered,2647.32,15990.4,1599.04,14391.36,10589.28,3802.08,26.419184844239872,14391.36,3802.08
ORD-103349,2025-03-19,Beauty,Hair Care Combo,South,Kochi,New,4,1290.83,0.15,Credit Card,Delivered,651.19,5163.32,774.4979999999999,4388.822,2604.76,1784.062,40.65013345266679,4388.822,1784.062
ORD-100783,2025-03-20,Home & Kitchen,Air Fryer,East,Guwahati,Returning,1,5121.37,0.1,Net Banking,Returned,3252.09,5121.37,512.1370000000001,4609.233,3252.09,1357.143,29.44400944799276,0.0,0.0
ORD-100386,2025-03-20,Home & Kitchen,Storage Box Set,West,Mumbai,Returning,1,1006.81,0.0,Debit Card,Delivered,505.84,1006.81,0.0,1006.81,505.84,500.96999999999997,49.75814701880196,1006.81,500.96999999999997
ORD-103499,2025-03-20,Electronics,USB-C Hub,North,Delhi,Loyal,1,1009.01,0.1,Cash on Delivery,Delivered,577.26,1009.01,100.90100000000001,908.1089999999999,577.26,330.84899999999993,36.432741003557936,908.1089999999999,330.84899999999993
ORD-102923,2025-03-20,Electronics,USB-C Hub,Central,Bhopal,Returning,1,973.75,0.1,Net Banking,Delivered,610.15,973.75,97.375,876.375,610.15,266.225,30.377977463985168,876.375,266.225
ORD-100436,2025-03-20,Electronics,Smart Watch,North,Chandigarh,Returning,2,3897.54,0.0,UPI,Delivered,2676.29,7795.08,0.0,7795.08,5352.58,2442.5,31.333867003289257,7795.08,2442.5
ORD-101238,2025-03-21,Home & Kitchen,Air Fryer,West,Mumbai,Returning,2,4889.73,0.05,Net Banking,Delivered,3287.05,9779.46,488.97299999999996,9290.487,6574.1,2716.386999999999,29.2383703889796,9290.487,2716.386999999999
ORD-100874,2025-03-21,Sports,Dumbbell Set,North,Chandigarh,New,3,2492.44,0.0,UPI,Delivered,1465.24,7477.32,0.0,7477.32,4395.72,3081.5999999999995,41.21262698399961,7477.32,3081.5999999999995
ORD-101605,2025-03-21,Fashion,Sneakers,Central,Indore,Returning,2,2998.98,0.0,Credit Card,Delivered,1826.58,5997.96,0.0,5997.96,3653.16,2344.8,39.09329171918453,5997.96,2344.8
ORD-102830,2025-03-22,Electronics,Smart Watch,West,Pune,Returning,2,3866.02,0.05,UPI,Delivered,2632.27,7732.04,386.60200000000003,7345.438,5264.54,2080.898,28.32912074133632,7345.438,2080.898
ORD-101610,2025-03-22,Home & Kitchen,Air Fryer,East,Kolkata,Loyal,1,5082.57,0.2,UPI,Delivered,3338.56,5082.57,1016.514,4066.0559999999996,3338.56,727.4959999999996,17.89193262463674,4066.0559999999996,727.4959999999996
ORD-101630,2025-03-22,Sports,Resistance Bands,North,Chandigarh,Loyal,1,684.88,0.1,UPI,Cancelled,308.22,684.88,68.488,616.392,308.22,308.172,49.996106373865985,0.0,0.0
ORD-102823,2025-03-22,Electronics,Wireless Headphones,South,Kochi,Returning,1,2563.57,0.05,Net Banking,Delivered,1665.33,2563.57,128.1785,2435.3915,1665.33,770.0615000000003,31.619618447383107,2435.3915,770.0615000000003
ORD-102080,2025-03-22,Home & Kitchen,Coffee Maker,East,Bhubaneswar,Returning,2,3545.72,0.1,Debit Card,Delivered,2240.63,7091.44,709.144,6382.295999999999,4481.26,1901.0359999999991,29.78608325279804,6382.295999999999,1901.0359999999991
ORD-101928,2025-03-22,Home & Kitchen,Coffee Maker,East,Patna,Returning,1,3364.51,0.0,Net Banking,Delivered,2276.01,3364.51,0.0,3364.51,2276.01,1088.5,32.352407928643395,3364.51,1088.5
ORD-100157,2025-03-22,Fashion,Hoodie,South,Hyderabad,New,1,1882.28,0.1,Cash on Delivery,Delivered,1025.16,1882.28,188.228,1694.052,1025.16,668.8919999999998,39.484738366945045,1694.052,668.8919999999998
ORD-101805,2025-03-23,Fashion,Backpack,East,Patna,Loyal,2,1563.72,0.0,Cash on Delivery,Delivered,834.41,3127.44,0.0,3127.44,1668.82,1458.6200000000001,46.639423937789374,3127.44,1458.6200000000001
ORD-101005,2025-03-23,Sports,Dumbbell Set,South,Hyderabad,Returning,1,2482.79,0.0,Net Banking,Delivered,1547.76,2482.79,0.0,2482.79,1547.76,935.03,37.660454569254746,2482.79,935.03
ORD-102819,2025-03-23,Home & Kitchen,Storage Box Set,North,Lucknow,Loyal,2,970.84,0.0,UPI,Delivered,538.45,1941.68,0.0,1941.68,1076.9,864.78,44.53771991265295,1941.68,864.78
ORD-100018,2025-03-23,Electronics,Power Bank,North,Delhi,Returning,2,1288.5,0.1,UPI,Delivered,785.15,2577.0,257.7,2319.3,1570.3,749.0000000000002,32.294226706333816,2319.3,749.0000000000002
ORD-103064,2025-03-23,Sports,Resistance Bands,East,Kolkata,Returning,1,708.2,0.0,UPI,Delivered,296.93,708.2,0.0,708.2,296.93,411.27000000000004,58.07257836769274,708.2,411.27000000000004
ORD-100221,2025-03-23,Fashion,Denim Jacket,West,Pune,New,1,2483.12,0.0,Debit Card,Delivered,1467.99,2483.12,0.0,2483.12,1467.99,1015.1299999999999,40.88123006540159,2483.12,1015.1299999999999
ORD-102550,2025-03-23,Home & Kitchen,Water Bottle,North,Jaipur,Loyal,2,726.33,0.0,Cash on Delivery,Delivered,294.03,1452.66,0.0,1452.66,588.06,864.6000000000001,59.5184007269423,1452.66,864.6000000000001
ORD-103348,2025-03-23,Home & Kitchen,Storage Box Set,North,Jaipur,New,1,1045.93,0.05,Credit Card,Delivered,519.2,1045.93,52.29650000000001,993.6335,519.2,474.4335,47.747333398078865,993.6335,474.4335
ORD-100759,2025-03-23,Home & Kitchen,Mixer Grinder,Central,Indore,New,1,3147.58,0.05,Credit Card,Delivered,1850.17,3147.58,157.37900000000002,2990.201,1850.17,1140.031,38.12556413431739,2990.201,1140.031
ORD-102909,2025-03-23,Home & Kitchen,Mixer Grinder,South,Kochi,Loyal,2,2926.36,0.1,Debit Card,Delivered,1915.46,5852.72,585.272,5267.448,3830.92,1436.5280000000002,27.27180220858374,5267.448,1436.5280000000002
ORD-103165,2025-03-23,Fashion,T-Shirt,West,Surat,New,1,833.78,0.15,Credit Card,Delivered,422.28,833.78,125.067,708.713,422.28,286.433,40.415937057737054,708.713,286.433
ORD-102697,2025-03-23,Fashion,T-Shirt,Central,Bhopal,Returning,3,768.19,0.05,Net Banking,Delivered,421.11,2304.57,115.22850000000001,2189.3415,1263.33,926.0115000000001,42.29634801149113,2189.3415,926.0115000000001
ORD-100074,2025-03-24,Home & Kitchen,Air Fryer,East,Patna,New,1,5231.48,0.0,UPI,Delivered,3225.21,5231.48,0.0,5231.48,3225.21,2006.2699999999995,38.34995068317187,5231.48,2006.2699999999995
ORD-102104,2025-03-24,Fashion,Sneakers,South,Hyderabad,Loyal,5,3144.83,0.1,UPI,Delivered,1818.7,15724.15,1572.415,14151.735,9093.5,5058.235000000001,35.74286121101052,14151.735,5058.235000000001
ORD-102006,2025-03-24,Fashion,Hoodie,South,Kochi,Loyal,1,1803.25,0.0,UPI,Delivered,1037.89,1803.25,0.0,1803.25,1037.89,765.3599999999999,42.443366144461386,1803.25,765.3599999999999
ORD-102699,2025-03-24,Home & Kitchen,Storage Box Set,North,Chandigarh,New,1,980.17,0.15,UPI,Delivered,530.35,980.17,147.0255,833.1445,530.35,302.79449999999997,36.34357545419792,833.1445,302.79449999999997
ORD-100945,2025-03-24,Sports,Running Shoes,East,Guwahati,Loyal,2,3540.63,0.0,UPI,Delivered,2128.25,7081.26,0.0,7081.26,4256.5,2824.76,39.890640931133724,7081.26,2824.76
ORD-100705,2025-03-24,Home & Kitchen,Storage Box Set,North,Lucknow,Loyal,1,977.85,0.0,Debit Card,Delivered,519.79,977.85,0.0,977.85,519.79,458.06000000000006,46.84358541698625,977.85,458.06000000000006
ORD-103287,2025-03-25,Sports,Running Shoes,North,Delhi,New,3,3538.8,0.0,UPI,Delivered,2050.53,10616.400000000001,0.0,10616.400000000001,6151.59,4464.810000000001,42.055781620888446,10616.400000000001,4464.810000000001
ORD-103102,2025-03-25,Beauty,Perfume,South,Bengaluru,New,2,1993.86,0.05,UPI,Delivered,1090.71,3987.72,199.386,3788.334,2181.42,1606.9139999999998,42.41743204268683,3788.334,1606.9139999999998
ORD-103022,2025-03-25,Fashion,Hoodie,North,Jaipur,New,4,1751.45,0.1,UPI,Delivered,984.56,7005.8,700.58,6305.22,3938.24,2366.9800000000005,37.540006534268436,6305.22,2366.9800000000005
ORD-102085,2025-03-25,Fashion,T-Shirt,South,Bengaluru,Loyal,3,824.73,0.0,UPI,Delivered,446.4,2474.19,0.0,2474.19,1339.1999999999998,1134.9900000000002,45.873194863773605,2474.19,1134.9900000000002
ORD-101776,2025-03-25,Fashion,Backpack,North,Delhi,New,2,1443.37,0.0,UPI,Delivered,843.68,2886.74,0.0,2886.74,1687.36,1199.3799999999999,41.54790524952022,2886.74,1199.3799999999999
ORD-100434,2025-03-25,Electronics,Smart Watch,East,Bhubaneswar,Loyal,1,3963.42,0.0,Credit Card,Cancelled,2685.17,3963.42,0.0,3963.42,2685.17,1278.25,32.25118710608515,0.0,0.0
ORD-100414,2025-03-26,Fashion,Backpack,West,Pune,New,4,1555.87,0.05,UPI,Delivered,847.72,6223.48,311.174,5912.306,3390.88,2521.4259999999995,42.64708220447317,5912.306,2521.4259999999995
ORD-102431,2025-03-26,Beauty,Skin Care Kit,South,Chennai,Returning,3,1583.0,0.1,UPI,Delivered,840.59,4749.0,474.90000000000003,4274.1,2521.77,1752.3300000000004,40.99880676633678,4274.1,1752.3300000000004
ORD-100443,2025-03-26,Beauty,Perfume,Central,Raipur,New,1,2061.65,0.0,UPI,Delivered,1112.98,2061.65,0.0,2061.65,1112.98,948.6700000000001,46.01508500472922,2061.65,948.6700000000001
ORD-101645,2025-03-26,Beauty,Perfume,East,Guwahati,Returning,1,2032.09,0.0,UPI,Delivered,1089.54,2032.09,0.0,2032.09,1089.54,942.55,46.38328026809836,2032.09,942.55
ORD-101926,2025-03-26,Sports,Running Shoes,North,Jaipur,Loyal,2,3360.35,0.15,Cash on Delivery,Delivered,2158.51,6720.7,1008.1049999999999,5712.595,4317.02,1395.5749999999998,24.4297906643128,5712.595,1395.5749999999998
ORD-100670,2025-03-26,Sports,Sports Bag,North,Chandigarh,New,4,1544.04,0.0,Credit Card,Delivered,845.5,6176.16,0.0,6176.16,3382.0,2794.16,45.24105593119349,6176.16,2794.16
ORD-102207,2025-03-27,Sports,Running Shoes,South,Chennai,Returning,2,3671.7,0.15,UPI,Delivered,2099.83,7343.4,1101.51,6241.889999999999,4199.66,2042.2299999999996,32.71813505204353,6241.889999999999,2042.2299999999996
ORD-102480,2025-03-27,Electronics,Smart Watch,East,Bhubaneswar,New,2,3985.49,0.05,UPI,Delivered,2738.51,7970.98,398.549,7572.431,5477.02,2095.410999999999,27.671576010398763,7572.431,2095.410999999999
ORD-101895,2025-03-27,Electronics,Power Bank,North,Lucknow,New,4,1286.51,0.0,Credit Card,Delivered,822.87,5146.04,0.0,5146.04,3291.48,1854.56,36.03858500905551,5146.04,1854.56
ORD-103269,2025-03-27,Home & Kitchen,Mixer Grinder,East,Bhubaneswar,New,4,3016.27,0.05,Debit Card,Delivered,1811.35,12065.08,603.254,11461.826,7245.4,4216.4259999999995,36.7866865192335,11461.826,4216.4259999999995
ORD-100604,2025-03-27,Home & Kitchen,Air Fryer,West,Surat,Loyal,1,5023.47,0.05,Debit Card,Delivered,3392.97,5023.47,251.17350000000002,4772.2965,3392.97,1379.3265000000006,28.902782968325635,4772.2965,1379.3265000000006
ORD-102761,2025-03-27,Home & Kitchen,Air Fryer,West,Ahmedabad,Returning,2,5005.87,0.0,Credit Card,Delivered,3308.04,10011.74,0.0,10011.74,6616.08,3395.66,33.916781698286215,10011.74,3395.66
ORD-100948,2025-03-27,Electronics,USB-C Hub,North,Jaipur,Returning,4,998.07,0.05,Credit Card,Returned,607.11,3992.28,199.61400000000003,3792.666,2428.44,1364.226,35.9701065161024,0.0,0.0
ORD-101358,2025-03-27,Home & Kitchen,Mixer Grinder,West,Mumbai,New,2,2917.66,0.05,Cash on Delivery,Delivered,1841.5,5835.32,291.766,5543.554,3683.0,1860.554,33.5624763464016,5543.554,1860.554
ORD-103308,2025-03-28,Home & Kitchen,Mixer Grinder,West,Ahmedabad,Loyal,3,3034.33,0.1,Debit Card,Delivered,1895.67,9102.99,910.299,8192.690999999999,5687.01,2505.6809999999987,30.584346461986655,8192.690999999999,2505.6809999999987
ORD-101819,2025-03-28,Beauty,Skin Care Kit,South,Hyderabad,Returning,1,1575.81,0.05,UPI,Delivered,825.74,1575.81,78.79050000000001,1497.0194999999999,825.74,671.2794999999999,44.8410658645395,1497.0194999999999,671.2794999999999
ORD-100823,2025-03-29,Beauty,Face Serum,West,Mumbai,New,2,924.6,0.0,Credit Card,Delivered,410.44,1849.2,0.0,1849.2,820.88,1028.3200000000002,55.608911961929486,1849.2,1028.3200000000002
ORD-101342,2025-03-29,Sports,Sports Bag,South,Kochi,Returning,1,1675.9,0.1,Net Banking,Delivered,830.7,1675.9,167.59000000000003,1508.31,830.7,677.6099999999999,44.925114863655345,1508.31,677.6099999999999
ORD-102727,2025-03-29,Home & Kitchen,Coffee Maker,South,Kochi,New,3,3590.3,0.1,UPI,Delivered,2170.62,10770.900000000001,1077.0900000000001,9693.810000000001,6511.86,3181.9500000000016,32.82455505110995,9693.810000000001,3181.9500000000016
ORD-102378,2025-03-29,Fashion,Denim Jacket,West,Pune,New,3,2433.63,0.1,Credit Card,Delivered,1483.15,7300.89,730.089,6570.801,4449.450000000001,2121.3509999999997,32.28451143171129,6570.801,2121.3509999999997
ORD-100682,2025-03-29,Beauty,Face Serum,South,Chennai,New,2,900.17,0.0,UPI,Delivered,423.08,1800.34,0.0,1800.34,846.16,954.18,52.99998889098726,1800.34,954.18
ORD-101836,2025-03-29,Beauty,Skin Care Kit,Central,Indore,New,1,1676.14,0.0,Credit Card,Delivered,858.51,1676.14,0.0,1676.14,858.51,817.6300000000001,48.78053145918599,1676.14,817.6300000000001
ORD-100721,2025-03-30,Fashion,Backpack,Central,Raipur,Returning,1,1454.98,0.2,Net Banking,Delivered,874.27,1454.98,290.99600000000004,1163.984,874.27,289.71399999999994,24.889861029017577,1163.984,289.71399999999994
ORD-102108,2025-03-30,Fashion,Sneakers,North,Chandigarh,Returning,2,2981.27,0.0,UPI,Delivered,1816.09,5962.54,0.0,5962.54,3632.18,2330.36,39.08334367568184,5962.54,2330.36
ORD-101528,2025-03-30,Home & Kitchen,Storage Box Set,West,Surat,Returning,1,1001.72,0.15,UPI,Returned,521.04,1001.72,150.258,851.462,521.04,330.422,38.8064294119996,0.0,0.0
ORD-102210,2025-03-30,Fashion,Hoodie,West,Surat,Returning,1,1866.96,0.05,Net Banking,Delivered,1006.64,1866.96,93.34800000000001,1773.612,1006.64,766.9720000000001,43.24350534389709,1773.612,766.9720000000001
ORD-102234,2025-03-30,Electronics,Bluetooth Speaker,West,Surat,New,2,1858.35,0.15,Credit Card,Returned,1171.44,3716.7,557.505,3159.1949999999997,2342.88,816.3149999999996,25.839335653544644,0.0,0.0
ORD-101445,2025-03-31,Home & Kitchen,Air Fryer,North,Jaipur,Returning,2,4928.25,0.15,UPI,Delivered,3261.53,9856.5,1478.475,8378.025,6523.06,1854.9649999999992,22.140838682147635,8378.025,1854.9649999999992
ORD-100241,2025-03-31,Electronics,USB-C Hub,West,Surat,New,3,1012.54,0.0,Net Banking,Delivered,599.48,3037.62,0.0,3037.62,1798.44,1239.1799999999998,40.79443775060738,3037.62,1239.1799999999998
ORD-103249,2025-03-31,Fashion,Backpack,East,Patna,New,5,1448.66,0.0,UPI,Delivered,847.58,7243.3,0.0,7243.3,4237.900000000001,3005.3999999999996,41.49213756160866,7243.3,3005.3999999999996
ORD-100306,2025-03-31,Fashion,Sneakers,East,Bhubaneswar,Loyal,1,2941.73,0.05,UPI,Delivered,1865.96,2941.73,147.0865,2794.6435,1865.96,928.6835000000001,33.23083964019025,2794.6435,928.6835000000001
ORD-102736,2025-03-31,Fashion,T-Shirt,East,Patna,Returning,2,830.04,0.0,Credit Card,Delivered,446.74,1660.08,0.0,1660.08,893.48,766.5999999999999,46.178497421810995,1660.08,766.5999999999999
ORD-100100,2025-03-31,Beauty,Perfume,West,Mumbai,New,1,2029.16,0.1,Cash on Delivery,Delivered,1117.06,2029.16,202.91600000000003,1826.2440000000001,1117.06,709.1840000000002,38.83292703494167,1826.2440000000001,709.1840000000002
ORD-100620,2025-03-31,Home & Kitchen,Water Bottle,West,Mumbai,Returning,1,688.79,0.05,Debit Card,Delivered,304.63,688.79,34.4395,654.3505,304.63,349.7205,53.44543940900175,654.3505,349.7205
ORD-100769,2025-03-31,Home & Kitchen,Water Bottle,Central,Bhopal,New,3,676.14,0.0,Debit Card,Delivered,300.79,2028.42,0.0,2028.42,902.3700000000001,1126.05,55.513651019019726,2028.42,1126.05
ORD-100118,2025-03-31,Electronics,Power Bank,South,Bengaluru,Returning,3,1328.07,0.0,UPI,Delivered,823.52,3984.21,0.0,3984.21,2470.56,1513.65,37.99122034230123,3984.21,1513.65
ORD-103204,2025-03-31,Sports,Running Shoes,North,Chandigarh,New,1,3392.29,0.05,UPI,Delivered,2159.72,3392.29,169.61450000000002,3222.6755,2159.72,1062.9555,32.98363425048535,3222.6755,1062.9555
ORD-100462,2025-03-31,Fashion,Denim Jacket,West,Ahmedabad,Returning,2,2517.15,0.1,Credit Card,Delivered,1453.59,5034.3,503.43000000000006,4530.87,2907.18,1623.69,35.8361639155394,4530.87,1623.69
ORD-100329,2025-04-01,Fashion,Denim Jacket,South,Chennai,Returning,2,2482.4,0.0,Cash on Delivery,Delivered,1446.87,4964.8,0.0,4964.8,2893.74,2071.0600000000004,41.714872703835006,4964.8,2071.0600000000004
ORD-101963,2025-04-01,Sports,Sports Bag,Central,Indore,Returning,1,1586.64,0.05,UPI,Delivered,832.63,1586.64,79.33200000000001,1507.308,832.63,674.678,44.7604603704087,1507.308,674.678
ORD-101187,2025-04-01,Fashion,T-Shirt,North,Jaipur,Returning,3,816.31,0.15,Credit Card,Delivered,428.55,2448.93,367.3395,2081.5905,1285.65,795.9404999999997,38.23713165485717,2081.5905,795.9404999999997
ORD-101090,2025-04-01,Electronics,Smart Watch,West,Surat,Returning,2,4148.05,0.05,Net Banking,Delivered,2783.36,8296.1,414.80500000000006,7881.295,5566.72,2314.575,29.367952855463468,7881.295,2314.575
ORD-101612,2025-04-02,Fashion,Denim Jacket,South,Kochi,Returning,1,2446.33,0.1,UPI,Delivered,1498.13,2446.33,244.633,2201.697,1498.13,703.567,31.955668740975714,2201.697,703.567
ORD-102519,2025-04-02,Beauty,Face Serum,North,Lucknow,Returning,3,924.84,0.05,UPI,Delivered,432.33,2774.52,138.726,2635.794,1296.99,1338.8039999999999,50.79319552286711,2635.794,1338.8039999999999
ORD-102302,2025-04-02,Home & Kitchen,Coffee Maker,West,Mumbai,Loyal,1,3645.82,0.15,Net Banking,Delivered,2163.42,3645.82,546.873,3098.947,2163.42,935.527,30.18854468953486,3098.947,935.527
ORD-100834,2025-04-02,Electronics,USB-C Hub,East,Bhubaneswar,New,1,1040.99,0.0,Cash on Delivery,Delivered,577.7,1040.99,0.0,1040.99,577.7,463.28999999999996,44.50475028578565,1040.99,463.28999999999996
ORD-100528,2025-04-02,Electronics,Bluetooth Speaker,South,Bengaluru,Returning,1,1875.91,0.05,Debit Card,Delivered,1177.89,1875.91,93.7955,1782.1145000000001,1177.89,604.2245,33.90492025063485,1782.1145000000001,604.2245
ORD-101063,2025-04-02,Home & Kitchen,Storage Box Set,North,Jaipur,New,1,983.07,0.15,Credit Card,Delivered,536.1,983.07,147.4605,835.6095,536.1,299.5095,35.84323778032682,835.6095,299.5095
ORD-100408,2025-04-02,Electronics,Power Bank,West,Pune,Returning,2,1309.63,0.0,Credit Card,Delivered,788.29,2619.26,0.0,2619.26,1576.58,1042.6800000000003,39.80819009949376,2619.26,1042.6800000000003
ORD-100924,2025-04-03,Fashion,Sneakers,West,Surat,New,3,2885.1,0.1,Debit Card,Delivered,1754.62,8655.3,865.53,7789.7699999999995,5263.86,2525.91,32.425989470805945,7789.7699999999995,2525.91
ORD-100256,2025-04-03,Sports,Resistance Bands,Central,Indore,Returning,2,678.11,0.0,UPI,Delivered,291.15,1356.22,0.0,1356.22,582.3,773.9200000000001,57.064488062408756,1356.22,773.9200000000001
ORD-100522,2025-04-04,Home & Kitchen,Coffee Maker,South,Hyderabad,New,4,3606.67,0.0,Net Banking,Delivered,2222.25,14426.68,0.0,14426.68,8889.0,5537.68,38.38499225046927,14426.68,5537.68
ORD-102330,2025-04-04,Fashion,Hoodie,South,Bengaluru,Returning,3,1823.82,0.05,Cash on Delivery,Cancelled,985.16,5471.46,273.57300000000004,5197.887,2955.48,2242.4069999999997,43.140741612890004,0.0,0.0
ORD-101935,2025-04-04,Electronics,Smart Watch,East,Kolkata,Returning,1,4128.28,0.05,Credit Card,Delivered,2753.95,4128.28,206.414,3921.866,2753.95,1167.9160000000002,29.779599812946188,3921.866,1167.9160000000002
ORD-102889,2025-04-05,Electronics,USB-C Hub,South,Bengaluru,Returning,1,1048.22,0.0,Credit Card,Delivered,595.37,1048.22,0.0,1048.22,595.37,452.85,43.20180878059949,1048.22,452.85
ORD-102891,2025-04-05,Electronics,Bluetooth Speaker,West,Pune,New,1,1873.53,0.05,Cash on Delivery,Delivered,1205.02,1873.53,93.6765,1779.8535,1205.02,574.8335,32.29667497914856,1779.8535,574.8335
ORD-103058,2025-04-05,Home & Kitchen,Water Bottle,Central,Bhopal,New,1,686.98,0.1,Credit Card,Delivered,308.03,686.98,68.69800000000001,618.282,308.03,310.25200000000007,50.17969146764746,618.282,310.25200000000007
ORD-100938,2025-04-05,Home & Kitchen,Coffee Maker,South,Hyderabad,New,1,3520.35,0.0,UPI,Delivered,2183.81,3520.35,0.0,3520.35,2183.81,1336.54,37.966111324158106,3520.35,1336.54
ORD-100752,2025-04-05,Home & Kitchen,Air Fryer,South,Chennai,New,4,5201.11,0.0,Cash on Delivery,Cancelled,3214.96,20804.44,0.0,20804.44,12859.84,7944.5999999999985,38.18704084320462,0.0,0.0
ORD-101575,2025-04-05,Home & Kitchen,Air Fryer,West,Pune,Loyal,1,5184.46,0.0,Cash on Delivery,Delivered,3401.09,5184.46,0.0,5184.46,3401.09,1783.37,34.398375144180875,5184.46,1783.37
ORD-100457,2025-04-05,Beauty,Skin Care Kit,North,Jaipur,New,1,1628.4,0.2,Credit Card,Delivered,860.54,1628.4,325.68000000000006,1302.72,860.54,442.18000000000006,33.94282731515599,1302.72,442.18000000000006
ORD-100975,2025-04-05,Electronics,USB-C Hub,North,Chandigarh,Returning,1,1032.82,0.05,Credit Card,Delivered,601.27,1032.82,51.641,981.179,601.27,379.909,38.719642389411106,981.179,379.909
ORD-101607,2025-04-05,Home & Kitchen,Water Bottle,West,Pune,New,2,722.38,0.1,UPI,Delivered,297.94,1444.76,144.476,1300.284,595.88,704.4040000000001,54.17308834070096,1300.284,704.4040000000001
ORD-101677,2025-04-06,Electronics,Smart Watch,North,Delhi,New,2,3894.82,0.05,Net Banking,Delivered,2729.83,7789.64,389.482,7400.158,5459.66,1940.4980000000005,26.22238606256786,7400.158,1940.4980000000005
ORD-101524,2025-04-06,Home & Kitchen,Air Fryer,West,Mumbai,New,2,4867.34,0.05,Credit Card,Returned,3237.29,9734.68,486.73400000000004,9247.946,6474.58,2773.366,29.98899431289932,0.0,0.0
ORD-102663,2025-04-06,Beauty,Face Serum,South,Hyderabad,New,2,921.43,0.0,Net Banking,Delivered,416.57,1842.86,0.0,1842.86,833.14,1009.7199999999999,54.790922804770844,1842.86,1009.7199999999999
ORD-101698,2025-04-06,Beauty,Hair Care Combo,South,Bengaluru,Loyal,2,1345.82,0.1,Debit Card,Delivered,630.69,2691.64,269.164,2422.4759999999997,1261.38,1161.0959999999995,47.93013429235211,2422.4759999999997,1161.0959999999995
ORD-102063,2025-04-06,Home & Kitchen,Coffee Maker,South,Bengaluru,Returning,5,3610.17,0.0,UPI,Delivered,2136.15,18050.85,0.0,18050.85,10680.75,7370.0999999999985,40.82965622117518,18050.85,7370.0999999999985
ORD-103069,2025-04-06,Home & Kitchen,Air Fryer,North,Jaipur,New,1,5158.42,0.1,Debit Card,Delivered,3312.7,5158.42,515.842,4642.578,3312.7,1329.8780000000006,28.645248394318855,4642.578,1329.8780000000006
ORD-102639,2025-04-07,Beauty,Face Serum,West,Pune,Returning,2,905.41,0.0,Net Banking,Delivered,410.65,1810.82,0.0,1810.82,821.3,989.52,54.64485702609867,1810.82,989.52
ORD-100273,2025-04-07,Electronics,Smart Watch,East,Kolkata,New,2,4029.16,0.0,Credit Card,Delivered,2723.43,8058.32,0.0,8058.32,5446.86,2611.46,32.4070029485054,8058.32,2611.46
ORD-101481,2025-04-07,Fashion,Denim Jacket,East,Guwahati,Returning,2,2551.89,0.05,UPI,Cancelled,1464.86,5103.78,255.189,4848.590999999999,2929.72,1918.8709999999996,39.57584791127979,0.0,0.0
ORD-100357,2025-04-07,Beauty,Hair Dryer,East,Kolkata,Loyal,1,2391.73,0.2,Debit Card,Delivered,1320.67,2391.73,478.346,1913.384,1320.67,592.7139999999999,30.977263319856334,1913.384,592.7139999999999
ORD-101104,2025-04-07,Fashion,Backpack,West,Mumbai,Returning,2,1500.99,0.0,Cash on Delivery,Delivered,872.24,3001.98,0.0,3001.98,1744.48,1257.5,41.88901991352374,3001.98,1257.5
ORD-102886,2025-04-08,Electronics,Wireless Headphones,South,Kochi,Loyal,1,2601.3,0.1,Credit Card,Delivered,1708.64,2601.3,260.13000000000005,2341.17,1708.64,632.53,27.01768773732792,2341.17,632.53
ORD-102308,2025-04-08,Sports,Dumbbell Set,South,Kochi,New,2,2481.02,0.1,Debit Card,Delivered,1492.18,4962.04,496.204,4465.836,2984.36,1481.476,33.17354242296403,4465.836,1481.476
ORD-100961,2025-04-08,Sports,Dumbbell Set,West,Surat,New,4,2506.78,0.15,Credit Card,Delivered,1472.92,10027.12,1504.068,8523.052000000001,5891.68,2631.372000000001,30.87358847511432,8523.052000000001,2631.372000000001
ORD-100182,2025-04-08,Home & Kitchen,Water Bottle,Central,Bhopal,Loyal,1,696.06,0.1,Credit Card,Delivered,307.84,696.06,69.606,626.454,307.84,318.614,50.85991948331402,626.454,318.614
ORD-101537,2025-04-08,Home & Kitchen,Storage Box Set,South,Bengaluru,Returning,1,1024.97,0.05,UPI,Delivered,507.05,1024.97,51.24850000000001,973.7215,507.05,466.6715,47.9265888655021,973.7215,466.6715
ORD-101970,2025-04-08,Fashion,Hoodie,North,Chandigarh,New,2,1875.47,0.0,UPI,Delivered,1014.14,3750.94,0.0,3750.94,2028.28,1722.66,45.92608786064293,3750.94,1722.66
ORD-100390,2025-04-08,Beauty,Hair Dryer,North,Chandigarh,New,3,2235.45,0.15,Credit Card,Delivered,1282.66,6706.349999999999,1005.9524999999999,5700.397499999999,3847.9800000000005,1852.4174999999987,32.49628644318223,5700.397499999999,1852.4174999999987
ORD-102008,2025-04-08,Electronics,USB-C Hub,North,Jaipur,New,3,987.3,0.05,Credit Card,Delivered,596.07,2961.8999999999996,148.095,2813.805,1788.21,1025.5949999999998,36.44868780885668,2813.805,1025.5949999999998
ORD-102013,2025-04-08,Electronics,Bluetooth Speaker,Central,Nagpur,Returning,1,1986.59,0.0,Net Banking,Returned,1229.97,1986.59,0.0,1986.59,1229.97,756.6199999999999,38.086369104848,0.0,0.0
ORD-103038,2025-04-09,Beauty,Skin Care Kit,North,Lucknow,New,1,1620.82,0.0,Credit Card,Delivered,844.33,1620.82,0.0,1620.82,844.33,776.4899999999999,47.9072321417554,1620.82,776.4899999999999
ORD-101046,2025-04-09,Home & Kitchen,Air Fryer,East,Kolkata,Returning,5,4956.39,0.0,Net Banking,Delivered,3259.1,24781.95,0.0,24781.95,16295.5,8486.45,34.244480357679684,24781.95,8486.45
ORD-100058,2025-04-09,Fashion,Hoodie,South,Kochi,Returning,2,1785.07,0.05,Net Banking,Delivered,1013.14,3570.14,178.507,3391.633,2026.28,1365.3529999999998,40.256507705875016,3391.633,1365.3529999999998
ORD-100536,2025-04-09,Electronics,Power Bank,East,Guwahati,Loyal,1,1272.84,0.2,UPI,Delivered,781.92,1272.84,254.56799999999998,1018.2719999999999,781.92,236.35199999999998,23.211087018006975,1018.2719999999999,236.35199999999998
ORD-102222,2025-04-09,Electronics,Power Bank,North,Lucknow,Returning,4,1270.27,0.1,Net Banking,Cancelled,795.44,5081.08,508.108,4572.972,3181.76,1391.2119999999995,30.42249110644018,0.0,0.0
ORD-101229,2025-04-09,Beauty,Hair Care Combo,South,Chennai,Loyal,1,1335.83,0.15,Cash on Delivery,Delivered,654.15,1335.83,200.37449999999998,1135.4555,654.15,481.30550000000005,42.388759400962876,1135.4555,481.30550000000005
ORD-102792,2025-04-10,Electronics,USB-C Hub,North,Jaipur,New,2,996.84,0.0,Debit Card,Delivered,609.01,1993.68,0.0,1993.68,1218.02,775.6600000000001,38.90594277918222,1993.68,775.6600000000001
ORD-100533,2025-04-10,Fashion,T-Shirt,West,Ahmedabad,New,2,802.96,0.0,Credit Card,Delivered,435.88,1605.92,0.0,1605.92,871.76,734.1600000000001,45.71585135000498,1605.92,734.1600000000001
ORD-103253,2025-04-10,Beauty,Hair Care Combo,West,Surat,Returning,1,1357.57,0.0,Credit Card,Delivered,637.58,1357.57,0.0,1357.57,637.58,719.9899999999999,53.0352026046539,1357.57,719.9899999999999
ORD-101655,2025-04-10,Sports,Running Shoes,North,Delhi,Returning,1,3515.6,0.05,Net Banking,Delivered,2076.75,3515.6,175.78,3339.8199999999997,2076.75,1263.0699999999997,37.81850518890239,3339.8199999999997,1263.0699999999997
ORD-101406,2025-04-10,Fashion,Backpack,East,Guwahati,Returning,4,1542.85,0.0,Cash on Delivery,Delivered,850.07,6171.4,0.0,6171.4,3400.28,2771.1199999999994,44.902615289885595,6171.4,2771.1199999999994
ORD-100884,2025-04-10,Home & Kitchen,Mixer Grinder,East,Guwahati,New,1,3102.51,0.05,Credit Card,Delivered,1794.53,3102.51,155.12550000000002,2947.3845,1794.53,1152.8545000000001,39.114492866471956,2947.3845,1152.8545000000001
ORD-102249,2025-04-10,Fashion,Sneakers,North,Delhi,New,1,2927.21,0.0,Credit Card,Delivered,1839.7,2927.21,0.0,2927.21,1839.7,1087.51,37.151758842037296,2927.21,1087.51
ORD-100847,2025-04-10,Electronics,Wireless Headphones,North,Jaipur,Loyal,4,2552.27,0.0,UPI,Delivered,1618.1,10209.08,0.0,10209.08,6472.4,3736.6800000000003,36.601535104044636,10209.08,3736.6800000000003
ORD-103403,2025-04-11,Fashion,T-Shirt,North,Chandigarh,Returning,1,814.61,0.15,Credit Card,Delivered,422.02,814.61,122.19149999999999,692.4185,422.02,270.3985,39.05131073187675,692.4185,270.3985
ORD-101947,2025-04-11,Fashion,Backpack,West,Pune,New,2,1571.07,0.1,UPI,Delivered,851.71,3142.14,314.214,2827.926,1703.42,1124.5059999999999,39.76433612477837,2827.926,1124.5059999999999
ORD-102427,2025-04-11,Home & Kitchen,Coffee Maker,East,Bhubaneswar,Returning,2,3372.16,0.15,Debit Card,Returned,2136.56,6744.32,1011.6479999999999,5732.672,4273.12,1459.5519999999997,25.460239134560638,0.0,0.0
ORD-100937,2025-04-11,Electronics,Smart Watch,North,Jaipur,New,5,3958.14,0.05,UPI,Delivered,2720.54,19790.7,989.5350000000001,18801.165,13602.7,5198.465,27.6496961757423,18801.165,5198.465
ORD-100750,2025-04-11,Fashion,T-Shirt,North,Chandigarh,New,3,777.41,0.05,Net Banking,Delivered,441.32,2332.23,116.6115,2215.6185,1323.96,891.6585,40.24422525809385,2215.6185,891.6585
ORD-102868,2025-04-11,Home & Kitchen,Coffee Maker,North,Chandigarh,Loyal,2,3423.79,0.05,Debit Card,Delivered,2272.83,6847.58,342.379,6505.201,4545.66,1959.5410000000002,30.12268183565735,6505.201,1959.5410000000002
ORD-103351,2025-04-12,Home & Kitchen,Coffee Maker,North,Jaipur,Returning,2,3469.83,0.1,Cash on Delivery,Delivered,2275.84,6939.66,693.966,6245.6939999999995,4551.68,1694.0139999999992,27.122910600487298,6245.6939999999995,1694.0139999999992
ORD-103365,2025-04-13,Electronics,Smart Watch,East,Patna,Loyal,1,4093.58,0.15,Credit Card,Delivered,2799.61,4093.58,614.0369999999999,3479.543,2799.61,679.933,19.54087074078406,3479.543,679.933
ORD-100178,2025-04-13,Beauty,Face Serum,North,Chandigarh,Loyal,2,880.98,0.0,Cash on Delivery,Delivered,419.68,1761.96,0.0,1761.96,839.36,922.6,52.36214215986742,1761.96,922.6
ORD-102660,2025-04-13,Electronics,Power Bank,South,Hyderabad,New,1,1319.17,0.1,UPI,Delivered,787.68,1319.17,131.917,1187.2530000000002,787.68,399.5730000000002,33.65525292418719,1187.2530000000002,399.5730000000002
ORD-101854,2025-04-13,Electronics,Wireless Headphones,West,Mumbai,New,2,2487.3,0.1,UPI,Delivered,1662.57,4974.6,497.46000000000004,4477.14,3325.14,1152.0000000000005,25.730712017046603,4477.14,1152.0000000000005
ORD-103163,2025-04-13,Fashion,Sneakers,North,Delhi,Returning,2,3104.52,0.0,Net Banking,Cancelled,1791.6,6209.04,0.0,6209.04,3583.2,2625.84,42.29059564763635,0.0,0.0
ORD-101908,2025-04-13,Fashion,Sneakers,North,Lucknow,New,1,3113.97,0.1,Debit Card,Delivered,1766.98,3113.97,311.397,2802.573,1766.98,1035.5929999999998,36.95150848880653,2802.573,1035.5929999999998
ORD-103327,2025-04-13,Fashion,Denim Jacket,South,Kochi,Returning,3,2427.6,0.1,Debit Card,Delivered,1438.99,7282.799999999999,728.28,6554.5199999999995,4316.97,2237.5499999999993,34.137511213635776,6554.5199999999995,2237.5499999999993
ORD-100083,2025-04-13,Fashion,Backpack,Central,Raipur,Returning,2,1531.83,0.0,Credit Card,Delivered,881.82,3063.66,0.0,3063.66,1763.64,1300.0199999999998,42.433559859775556,3063.66,1300.0199999999998
ORD-100287,2025-04-13,Sports,Dumbbell Set,North,Lucknow,Loyal,1,2432.01,0.1,Debit Card,Delivered,1539.46,2432.01,243.20100000000002,2188.809,1539.46,649.3490000000002,29.666773117252355,2188.809,649.3490000000002
ORD-101695,2025-04-13,Sports,Resistance Bands,North,Lucknow,New,3,687.42,0.0,Cash on Delivery,Delivered,311.39,2062.2599999999998,0.0,2062.2599999999998,934.17,1128.0899999999997,54.70163800878647,2062.2599999999998,1128.0899999999997
ORD-102433,2025-04-14,Home & Kitchen,Mixer Grinder,South,Bengaluru,Loyal,2,2893.84,0.1,Credit Card,Returned,1895.43,5787.68,578.768,5208.912,3790.86,1418.0520000000001,27.223573752061853,0.0,0.0
ORD-102369,2025-04-14,Fashion,Denim Jacket,Central,Bhopal,New,1,2451.34,0.1,UPI,Delivered,1415.47,2451.34,245.13400000000001,2206.206,1415.47,790.7360000000001,35.841440010588315,2206.206,790.7360000000001
ORD-101556,2025-04-14,Electronics,Smart Watch,South,Bengaluru,New,1,4096.57,0.05,Credit Card,Delivered,2639.58,4096.57,204.8285,3891.7414999999996,2639.58,1252.1614999999997,32.17483740890806,3891.7414999999996,1252.1614999999997
ORD-103322,2025-04-14,Fashion,Backpack,South,Hyderabad,Returning,1,1560.75,0.05,UPI,Delivered,849.63,1560.75,78.03750000000001,1482.7125,849.63,633.0825000000001,42.697589721540766,1482.7125,633.0825000000001
ORD-102095,2025-04-14,Sports,Sports Bag,South,Kochi,Returning,1,1666.51,0.1,Credit Card,Delivered,843.14,1666.51,166.651,1499.859,843.14,656.7189999999999,43.785382492620975,1499.859,656.7189999999999
ORD-101778,2025-04-14,Electronics,Bluetooth Speaker,North,Chandigarh,Returning,2,1990.14,0.1,UPI,Delivered,1205.46,3980.28,398.028,3582.2520000000004,2410.92,1171.3320000000003,32.69820213653312,3582.2520000000004,1171.3320000000003
ORD-102933,2025-04-14,Beauty,Hair Care Combo,North,Jaipur,Returning,3,1319.16,0.0,UPI,Delivered,669.87,3957.4800000000005,0.0,3957.4800000000005,2009.6100000000001,1947.8700000000003,49.21995815518967,3957.4800000000005,1947.8700000000003
ORD-101487,2025-04-14,Sports,Sports Bag,West,Pune,New,1,1567.22,0.05,Debit Card,Delivered,835.41,1567.22,78.361,1488.859,835.41,653.449,43.88924673189335,1488.859,653.449
ORD-101936,2025-04-15,Electronics,Bluetooth Speaker,South,Kochi,New,2,1890.05,0.1,UPI,Delivered,1213.44,3780.1,378.01,3402.09,2426.88,975.21,28.665026498417152,3402.09,975.21
ORD-101941,2025-04-15,Electronics,Wireless Headphones,East,Patna,Returning,5,2486.39,0.0,Credit Card,Delivered,1677.57,12431.949999999999,0.0,12431.949999999999,8387.85,4044.0999999999985,32.529892736055075,12431.949999999999,4044.0999999999985
ORD-101076,2025-04-15,Beauty,Face Serum,South,Hyderabad,New,2,900.07,0.1,Net Banking,Delivered,419.6,1800.14,180.014,1620.1260000000002,839.2,780.9260000000002,48.201559631781734,1620.1260000000002,780.9260000000002
ORD-102720,2025-04-15,Electronics,Wireless Headphones,North,Lucknow,Returning,1,2488.7,0.05,Debit Card,Delivered,1661.42,2488.7,124.435,2364.265,1661.42,702.8449999999998,29.72784353699775,2364.265,702.8449999999998
ORD-100041,2025-04-16,Beauty,Perfume,North,Delhi,New,3,2036.29,0.0,Net Banking,Delivered,1115.29,6108.87,0.0,6108.87,3345.87,2763.0,45.229314095732924,6108.87,2763.0
ORD-101078,2025-04-16,Electronics,Power Bank,West,Mumbai,New,3,1248.58,0.05,Debit Card,Delivered,803.26,3745.74,187.287,3558.453,2409.7799999999997,1148.6730000000002,32.28012285113785,3558.453,1148.6730000000002
ORD-101850,2025-04-16,Fashion,Denim Jacket,North,Lucknow,Loyal,2,2617.79,0.0,Cash on Delivery,Delivered,1485.47,5235.58,0.0,5235.58,2970.94,2264.64,43.25480653528358,5235.58,2264.64
ORD-100623,2025-04-16,Fashion,T-Shirt,West,Surat,Loyal,2,797.28,0.05,UPI,Delivered,435.36,1594.56,79.72800000000001,1514.8319999999999,870.72,644.1119999999999,42.52035869324122,1514.8319999999999,644.1119999999999
ORD-103271,2025-04-16,Sports,Running Shoes,North,Delhi,Returning,2,3498.49,0.0,UPI,Delivered,2165.55,6996.98,0.0,6996.98,4331.1,2665.879999999999,38.10043761737206,6996.98,2665.879999999999
ORD-100532,2025-04-16,Electronics,Smart Watch,Central,Nagpur,Loyal,2,4100.33,0.1,Cash on Delivery,Delivered,2639.89,8200.66,820.066,7380.594,5279.78,2100.8140000000003,28.46402335638568,7380.594,2100.8140000000003
ORD-101637,2025-04-16,Home & Kitchen,Mixer Grinder,South,Bengaluru,New,1,2966.31,0.1,Credit Card,Delivered,1886.45,2966.31,296.63100000000003,2669.679,1886.45,783.229,29.337946622047074,2669.679,783.229
ORD-101596,2025-04-16,Home & Kitchen,Storage Box Set,North,Jaipur,Returning,4,978.42,0.15,Credit Card,Delivered,511.32,3913.68,587.0519999999999,3326.6279999999997,2045.28,1281.3479999999997,38.51792265320919,3326.6279999999997,1281.3479999999997
ORD-100467,2025-04-16,Electronics,Bluetooth Speaker,South,Hyderabad,Loyal,1,1913.04,0.05,UPI,Delivered,1184.78,1913.04,95.652,1817.388,1184.78,632.608,34.80863745111115,1817.388,632.608
ORD-102596,2025-04-16,Sports,Resistance Bands,North,Jaipur,Returning,2,701.82,0.1,Credit Card,Delivered,308.74,1403.64,140.364,1263.276,617.48,645.796,51.12073687776859,1263.276,645.796
ORD-100350,2025-04-16,Electronics,Wireless Headphones,East,Bhubaneswar,Returning,2,2412.73,0.1,Cash on Delivery,Delivered,1662.88,4825.46,482.54600000000005,4342.914,3325.76,1017.1539999999995,23.421002580295156,4342.914,1017.1539999999995
ORD-102297,2025-04-17,Electronics,Power Bank,North,Chandigarh,Returning,1,1277.79,0.05,Credit Card,Delivered,824.91,1277.79,63.8895,1213.9005,824.91,388.9905,32.04467746738715,1213.9005,388.9905
ORD-100187,2025-04-17,Fashion,Backpack,Central,Indore,New,1,1562.1,0.0,Debit Card,Delivered,842.88,1562.1,0.0,1562.1,842.88,719.2199999999999,46.04186671787978,1562.1,719.2199999999999
ORD-102200,2025-04-17,Fashion,T-Shirt,North,Chandigarh,New,2,775.54,0.05,Net Banking,Delivered,446.65,1551.08,77.554,1473.5259999999998,893.3,580.2259999999999,39.376705942073635,1473.5259999999998,580.2259999999999
ORD-100168,2025-04-17,Beauty,Hair Dryer,South,Kochi,New,2,2372.3,0.0,UPI,Delivered,1341.55,4744.6,0.0,4744.6,2683.1,2061.5000000000005,43.44939510179995,4744.6,2061.5000000000005
ORD-102328,2025-04-18,Home & Kitchen,Coffee Maker,West,Mumbai,Returning,3,3663.37,0.05,Net Banking,Delivered,2174.37,10990.11,549.5055000000001,10440.604500000001,6523.11,3917.4945000000016,37.52172108425332,10440.604500000001,3917.4945000000016
ORD-102940,2025-04-18,Beauty,Perfume,East,Patna,Returning,1,1988.75,0.0,UPI,Delivered,1085.05,1988.75,0.0,1988.75,1085.05,903.7,45.44060339409177,1988.75,903.7
ORD-100703,2025-04-18,Home & Kitchen,Air Fryer,Central,Indore,Returning,2,5245.95,0.15,UPI,Delivered,3275.5,10491.9,1573.7849999999999,8918.115,6551.0,2367.115,26.5427727720488,8918.115,2367.115
ORD-103049,2025-04-19,Beauty,Skin Care Kit,West,Mumbai,Returning,3,1626.5,0.0,Debit Card,Delivered,832.69,4879.5,0.0,4879.5,2498.07,2381.43,48.80479557331693,4879.5,2381.43
ORD-100262,2025-04-19,Fashion,Backpack,Central,Nagpur,Loyal,5,1508.2,0.2,Net Banking,Delivered,858.64,7541.0,1508.2,6032.8,4293.2,1739.6000000000004,28.835698183264824,6032.8,1739.6000000000004
ORD-102534,2025-04-19,Electronics,Power Bank,North,Delhi,Returning,1,1291.81,0.15,Debit Card,Delivered,778.01,1291.81,193.77149999999997,1098.0384999999999,778.01,320.0284999999999,29.145471675173496,1098.0384999999999,320.0284999999999
ORD-101193,2025-04-19,Beauty,Skin Care Kit,North,Delhi,New,5,1564.99,0.0,UPI,Delivered,866.64,7824.95,0.0,7824.95,4333.2,3491.75,44.62328832772094,7824.95,3491.75
ORD-100685,2025-04-19,Home & Kitchen,Mixer Grinder,North,Jaipur,Returning,1,2929.77,0.05,Credit Card,Cancelled,1814.6,2929.77,146.48850000000002,2783.2815,1814.6,968.6815000000001,34.80357628216909,0.0,0.0
ORD-103180,2025-04-19,Fashion,Sneakers,North,Chandigarh,Returning,1,3042.3,0.2,Debit Card,Delivered,1755.46,3042.3,608.46,2433.84,1755.46,678.3800000000001,27.872826479965816,2433.84,678.3800000000001
ORD-102103,2025-04-20,Fashion,Backpack,North,Delhi,New,2,1490.62,0.05,UPI,Delivered,857.82,2981.24,149.06199999999998,2832.178,1715.64,1116.5379999999998,39.42329895931682,2832.178,1116.5379999999998
ORD-102805,2025-04-20,Electronics,USB-C Hub,West,Pune,Loyal,5,992.97,0.05,Cash on Delivery,Delivered,591.71,4964.85,248.24250000000004,4716.6075,2958.55,1758.0575,37.273771455436986,4716.6075,1758.0575
ORD-102450,2025-04-20,Electronics,USB-C Hub,West,Pune,New,1,1009.99,0.05,Credit Card,Delivered,596.46,1009.99,50.499500000000005,959.4905,596.46,363.03049999999996,37.83575762344702,959.4905,363.03049999999996
ORD-102051,2025-04-20,Electronics,USB-C Hub,West,Pune,New,1,986.0,0.05,UPI,Delivered,577.27,986.0,49.300000000000004,936.7,577.27,359.43000000000006,38.37194405893029,936.7,359.43000000000006
ORD-101433,2025-04-20,Fashion,T-Shirt,North,Chandigarh,Returning,1,802.73,0.1,UPI,Delivered,445.92,802.73,80.27300000000001,722.457,445.92,276.537,38.27729539612738,722.457,276.537
ORD-100704,2025-04-20,Beauty,Hair Care Combo,South,Bengaluru,New,2,1304.89,0.05,Net Banking,Returned,665.24,2609.78,130.489,2479.291,1330.48,1148.8110000000001,46.336271135578684,0.0,0.0
ORD-101032,2025-04-21,Electronics,Power Bank,Central,Bhopal,Returning,1,1315.18,0.0,Credit Card,Returned,791.83,1315.18,0.0,1315.18,791.83,523.35,39.793032132483766,0.0,0.0
ORD-103289,2025-04-21,Sports,Running Shoes,East,Patna,New,1,3599.86,0.1,Credit Card,Delivered,2166.11,3599.86,359.98600000000005,3239.8740000000003,2166.11,1073.7640000000001,33.14215305903871,3239.8740000000003,1073.7640000000001
ORD-101616,2025-04-21,Fashion,Backpack,North,Chandigarh,Returning,1,1539.29,0.15,Cash on Delivery,Delivered,853.01,1539.29,230.8935,1308.3965,853.01,455.38650000000007,34.8049310740284,1308.3965,455.38650000000007
ORD-100908,2025-04-21,Home & Kitchen,Water Bottle,North,Chandigarh,Returning,1,726.46,0.0,Credit Card,Delivered,299.34,726.46,0.0,726.46,299.34,427.12000000000006,58.79470308069268,726.46,427.12000000000006
ORD-103257,2025-04-21,Beauty,Hair Care Combo,Central,Indore,Returning,1,1248.26,0.15,Debit Card,Delivered,644.47,1248.26,187.239,1061.021,644.47,416.55099999999993,39.259449153221276,1061.021,416.55099999999993
ORD-103196,2025-04-22,Beauty,Hair Care Combo,North,Jaipur,New,1,1282.97,0.0,Credit Card,Delivered,649.55,1282.97,0.0,1282.97,649.55,633.4200000000001,49.371380468756094,1282.97,633.4200000000001
ORD-102370,2025-04-22,Fashion,Hoodie,South,Bengaluru,Returning,1,1781.74,0.0,Debit Card,Delivered,1026.77,1781.74,0.0,1781.74,1026.77,754.97,42.37262451311639,1781.74,754.97
ORD-100411,2025-04-22,Fashion,T-Shirt,West,Mumbai,New,1,822.05,0.0,Debit Card,Delivered,440.76,822.05,0.0,822.05,440.76,381.28999999999996,46.3828234292318,822.05,381.28999999999996
ORD-102931,2025-04-22,Sports,Dumbbell Set,West,Mumbai,Loyal,1,2497.64,0.0,Credit Card,Delivered,1527.83,2497.64,0.0,2497.64,1527.83,969.81,38.829054627568425,2497.64,969.81
ORD-100544,2025-04-22,Fashion,Backpack,South,Hyderabad,New,1,1440.1,0.0,Credit Card,Cancelled,873.61,1440.1,0.0,1440.1,873.61,566.4899999999999,39.33685160752725,0.0,0.0
ORD-100259,2025-04-22,Electronics,Power Bank,North,Delhi,New,1,1361.75,0.0,Credit Card,Delivered,826.55,1361.75,0.0,1361.75,826.55,535.2,39.302368276115295,1361.75,535.2
ORD-103052,2025-04-22,Electronics,Power Bank,West,Mumbai,Returning,1,1269.77,0.1,Cash on Delivery,Delivered,801.63,1269.77,126.977,1142.793,801.63,341.1629999999999,29.8534380242091,1142.793,341.1629999999999
ORD-103097,2025-04-22,Electronics,Power Bank,West,Mumbai,New,2,1321.63,0.0,Credit Card,Delivered,784.15,2643.26,0.0,2643.26,1568.3,1074.9600000000003,40.66796304563305,2643.26,1074.9600000000003
ORD-100230,2025-04-23,Electronics,Bluetooth Speaker,West,Pune,Loyal,1,1876.26,0.1,Credit Card,Delivered,1178.49,1876.26,187.626,1688.634,1178.49,510.144,30.210454130379937,1688.634,510.144
ORD-102368,2025-04-23,Sports,Dumbbell Set,West,Pune,Returning,1,2510.75,0.05,Cash on Delivery,Delivered,1537.17,2510.75,125.53750000000001,2385.2125,1537.17,848.0425,35.55416970186094,2385.2125,848.0425
ORD-100761,2025-04-23,Fashion,Sneakers,South,Hyderabad,New,1,2984.87,0.0,UPI,Delivered,1808.44,2984.87,0.0,2984.87,1808.44,1176.4299999999998,39.41310676846898,2984.87,1176.4299999999998
ORD-100661,2025-04-23,Home & Kitchen,Air Fryer,East,Bhubaneswar,New,1,5065.46,0.1,UPI,Delivered,3350.62,5065.46,506.54600000000005,4558.914,3350.62,1208.2939999999999,26.50398757247888,4558.914,1208.2939999999999
ORD-102248,2025-04-23,Fashion,Backpack,North,Chandigarh,Returning,4,1481.12,0.0,Credit Card,Delivered,833.16,5924.48,0.0,5924.48,3332.64,2591.8399999999997,43.74797450577941,5924.48,2591.8399999999997
ORD-102147,2025-04-23,Fashion,Sneakers,West,Ahmedabad,Returning,1,3057.45,0.1,UPI,Cancelled,1771.31,3057.45,305.745,2751.705,1771.31,980.395,35.628637517466444,0.0,0.0
ORD-103088,2025-04-23,Electronics,Smart Watch,South,Kochi,New,1,4162.4,0.1,Credit Card,Delivered,2661.91,4162.4,416.24,3746.16,2661.91,1084.25,28.94297093557136,3746.16,1084.25
ORD-102478,2025-04-23,Electronics,Bluetooth Speaker,South,Hyderabad,Returning,1,1899.55,0.2,UPI,Delivered,1181.25,1899.55,379.91,1519.6399999999999,1181.25,338.3899999999999,22.267773946461,1519.6399999999999,338.3899999999999
ORD-101174,2025-04-24,Home & Kitchen,Air Fryer,South,Bengaluru,Loyal,1,5093.83,0.0,UPI,Delivered,3345.13,5093.83,0.0,5093.83,3345.13,1748.6999999999998,34.329767581564354,5093.83,1748.6999999999998
ORD-102275,2025-04-24,Beauty,Skin Care Kit,West,Pune,Returning,2,1644.16,0.0,Debit Card,Delivered,840.89,3288.32,0.0,3288.32,1681.78,1606.5400000000002,48.85595075905022,3288.32,1606.5400000000002
ORD-102032,2025-04-24,Beauty,Perfume,Central,Indore,Returning,2,1998.36,0.15,UPI,Delivered,1125.32,3996.72,599.5079999999999,3397.212,2250.64,1146.5720000000001,33.750381194932785,3397.212,1146.5720000000001
ORD-101883,2025-04-24,Home & Kitchen,Water Bottle,North,Delhi,New,2,684.37,0.1,Cash on Delivery,Delivered,291.18,1368.74,136.874,1231.866,582.36,649.506,52.72537759788808,1231.866,649.506
ORD-101405,2025-04-24,Electronics,Bluetooth Speaker,South,Kochi,Loyal,2,1887.35,0.15,UPI,Delivered,1175.84,3774.7,566.2049999999999,3208.495,2351.68,856.815,26.704576444719414,3208.495,856.815
ORD-101702,2025-04-24,Home & Kitchen,Storage Box Set,West,Pune,New,5,1007.55,0.15,Debit Card,Delivered,540.45,5037.75,755.6625,4282.0875,2702.25,1579.8374999999996,36.89409662927252,4282.0875,1579.8374999999996
ORD-102381,2025-04-25,Beauty,Face Serum,South,Hyderabad,New,2,916.33,0.15,Debit Card,Delivered,430.6,1832.66,274.899,1557.761,861.2,696.5609999999999,44.71552439687474,1557.761,696.5609999999999
ORD-101886,2025-04-25,Electronics,Wireless Headphones,South,Hyderabad,Returning,3,2453.99,0.05,UPI,Delivered,1640.29,7361.969999999999,368.0985,6993.871499999999,4920.87,2073.0014999999994,29.640257188025252,6993.871499999999,2073.0014999999994
ORD-100251,2025-04-25,Beauty,Face Serum,West,Ahmedabad,Loyal,3,898.95,0.0,Net Banking,Delivered,423.06,2696.8500000000004,0.0,2696.8500000000004,1269.18,1427.6700000000003,52.938428166193894,2696.8500000000004,1427.6700000000003
ORD-100392,2025-04-25,Fashion,T-Shirt,West,Mumbai,New,1,815.88,0.2,Credit Card,Delivered,439.75,815.88,163.17600000000002,652.704,439.75,212.95399999999995,32.62642790606461,652.704,212.95399999999995
ORD-101106,2025-04-26,Sports,Resistance Bands,North,Lucknow,New,4,680.5,0.0,Debit Card,Delivered,303.39,2722.0,0.0,2722.0,1213.56,1508.44,55.416605437178546,2722.0,1508.44
ORD-102613,2025-04-26,Home & Kitchen,Storage Box Set,West,Ahmedabad,New,2,1011.98,0.1,UPI,Delivered,530.75,2023.96,202.39600000000002,1821.564,1061.5,760.0640000000001,41.7259014780705,1821.564,760.0640000000001
ORD-100469,2025-04-26,Sports,Yoga Mat,East,Bhubaneswar,Returning,1,980.22,0.2,UPI,Delivered,492.05,980.22,196.044,784.176,492.05,292.12600000000003,37.25260655771154,784.176,292.12600000000003
ORD-100349,2025-04-26,Electronics,Smart Watch,East,Kolkata,New,1,3977.91,0.0,Credit Card,Delivered,2802.96,3977.91,0.0,3977.91,2802.96,1174.9499999999998,29.53686734994004,3977.91,1174.9499999999998
ORD-103087,2025-04-26,Electronics,Power Bank,Central,Raipur,New,1,1335.53,0.1,Credit Card,Delivered,828.04,1335.53,133.553,1201.9769999999999,828.04,373.9369999999999,31.110162673661808,1201.9769999999999,373.9369999999999
ORD-102483,2025-04-26,Beauty,Skin Care Kit,Central,Nagpur,Loyal,1,1628.63,0.1,UPI,Delivered,838.41,1628.63,162.86300000000003,1465.767,838.41,627.3570000000001,42.800595183272655,1465.767,627.3570000000001
ORD-100564,2025-04-26,Electronics,Wireless Headphones,North,Jaipur,Returning,5,2580.61,0.05,UPI,Delivered,1661.25,12903.050000000001,645.1525000000001,12257.897500000001,8306.25,3951.647500000001,32.237563578909025,12257.897500000001,3951.647500000001
ORD-101639,2025-04-27,Fashion,Denim Jacket,West,Ahmedabad,Returning,1,2581.74,0.15,UPI,Delivered,1460.09,2581.74,387.26099999999997,2194.479,1460.09,734.3889999999999,33.465300875515325,2194.479,734.3889999999999
ORD-100023,2025-04-27,Home & Kitchen,Storage Box Set,North,Jaipur,Loyal,2,1010.69,0.0,Credit Card,Delivered,531.61,2021.38,0.0,2021.38,1063.22,958.1600000000001,47.40128031344923,2021.38,958.1600000000001
ORD-101929,2025-04-27,Electronics,Power Bank,Central,Indore,Returning,2,1312.67,0.0,UPI,Delivered,787.51,2625.34,0.0,2625.34,1575.02,1050.3200000000002,40.00700861602688,2625.34,1050.3200000000002
ORD-100635,2025-04-27,Electronics,Wireless Headphones,North,Lucknow,Loyal,2,2621.17,0.05,Debit Card,Delivered,1625.7,5242.34,262.117,4980.223,3251.4,1728.8229999999999,34.713766833332556,4980.223,1728.8229999999999
ORD-102926,2025-04-27,Electronics,Smart Watch,North,Lucknow,New,2,4184.44,0.0,UPI,Delivered,2649.1,8368.88,0.0,8368.88,5298.2,3070.6799999999994,36.691648105839725,8368.88,3070.6799999999994
ORD-102385,2025-04-28,Fashion,T-Shirt,West,Pune,Returning,2,820.71,0.2,Net Banking,Delivered,423.02,1641.42,328.28400000000005,1313.136,846.04,467.096,35.571029961862294,1313.136,467.096
ORD-103099,2025-04-28,Electronics,Bluetooth Speaker,East,Kolkata,Returning,3,1855.17,0.1,Credit Card,Delivered,1198.04,5565.51,556.551,5008.959,3594.12,1414.839,28.246168515254368,5008.959,1414.839
ORD-100912,2025-04-28,Fashion,Backpack,North,Delhi,Returning,1,1488.96,0.1,UPI,Delivered,856.31,1488.96,148.89600000000002,1340.064,856.31,483.75400000000013,36.09932062946248,1340.064,483.75400000000013
ORD-101891,2025-04-29,Electronics,Smart Watch,Central,Nagpur,Returning,5,4118.13,0.1,UPI,Delivered,2744.46,20590.65,2059.065,18531.585000000003,13722.3,4809.2850000000035,25.9518276499285,18531.585000000003,4809.2850000000035
ORD-102929,2025-04-29,Electronics,USB-C Hub,North,Lucknow,Returning,1,1012.51,0.05,Credit Card,Delivered,575.13,1012.51,50.6255,961.8845,575.13,386.7545,40.207997945699304,961.8845,386.7545
ORD-101798,2025-04-29,Sports,Yoga Mat,Central,Raipur,New,1,966.84,0.05,Debit Card,Delivered,513.26,966.84,48.342000000000006,918.498,513.26,405.23800000000006,44.119638801608716,918.498,405.23800000000006
ORD-101432,2025-04-29,Electronics,Wireless Headphones,Central,Nagpur,New,2,2439.94,0.0,UPI,Returned,1641.69,4879.88,0.0,4879.88,3283.38,1596.5,32.715968425453084,0.0,0.0
ORD-102741,2025-04-29,Home & Kitchen,Coffee Maker,South,Bengaluru,Returning,2,3411.3,0.0,UPI,Delivered,2247.19,6822.6,0.0,6822.6,4494.38,2328.2200000000003,34.125113593058366,6822.6,2328.2200000000003
ORD-101663,2025-04-29,Home & Kitchen,Storage Box Set,Central,Bhopal,Returning,2,1021.09,0.15,Credit Card,Returned,505.36,2042.18,306.327,1735.853,1010.72,725.133,41.77387140500953,0.0,0.0
ORD-103290,2025-04-29,Beauty,Perfume,North,Chandigarh,New,2,2074.68,0.0,Credit Card,Delivered,1142.16,4149.36,0.0,4149.36,2284.32,1865.0399999999995,44.9476545780554,4149.36,1865.0399999999995
ORD-103359,2025-04-30,Fashion,Backpack,South,Bengaluru,Returning,2,1499.61,0.05,UPI,Returned,826.98,2999.22,149.96099999999998,2849.259,1653.96,1195.299,41.951223107481624,0.0,0.0
ORD-102944,2025-04-30,Sports,Sports Bag,North,Chandigarh,Returning,5,1563.31,0.1,Debit Card,Delivered,883.84,7816.549999999999,781.655,7034.8949999999995,4419.2,2615.6949999999997,37.181720551621595,7034.8949999999995,2615.6949999999997
ORD-101960,2025-04-30,Beauty,Hair Care Combo,North,Lucknow,New,1,1256.14,0.0,Net Banking,Delivered,654.28,1256.14,0.0,1256.14,654.28,601.8600000000001,47.91344913783496,1256.14,601.8600000000001
ORD-101345,2025-04-30,Fashion,Sneakers,East,Patna,Returning,2,2879.4,0.0,UPI,Delivered,1780.08,5758.8,0.0,5758.8,3560.16,2198.6400000000003,38.1787872473432,5758.8,2198.6400000000003
ORD-101326,2025-04-30,Sports,Sports Bag,West,Pune,New,2,1659.05,0.1,Net Banking,Delivered,826.28,3318.1,331.81,2986.29,1652.56,1333.73,44.66177095995366,2986.29,1333.73
ORD-102674,2025-04-30,Electronics,Smart Watch,South,Bengaluru,New,2,4128.83,0.0,Cash on Delivery,Delivered,2624.42,8257.66,0.0,8257.66,5248.84,3008.8199999999997,36.436714517187674,8257.66,3008.8199999999997
ORD-102810,2025-05-01,Home & Kitchen,Air Fryer,North,Lucknow,New,5,5173.34,0.1,Credit Card,Returned,3218.56,25866.7,2586.67,23280.03,16092.8,7187.23,30.872941314938167,0.0,0.0
ORD-102071,2025-05-01,Beauty,Perfume,South,Chennai,Returning,1,1997.43,0.0,Credit Card,Delivered,1128.98,1997.43,0.0,1997.43,1128.98,868.45,43.47836970507102,1997.43,868.45
ORD-103256,2025-05-01,Fashion,Backpack,Central,Raipur,Returning,3,1552.19,0.15,Debit Card,Delivered,859.84,4656.57,698.4854999999999,3958.0845,2579.52,1378.5645,34.82908209766618,3958.0845,1378.5645
ORD-100253,2025-05-01,Sports,Resistance Bands,North,Chandigarh,New,1,693.17,0.0,UPI,Delivered,300.7,693.17,0.0,693.17,300.7,392.46999999999997,56.61958826839015,693.17,392.46999999999997
ORD-102738,2025-05-01,Electronics,USB-C Hub,West,Mumbai,Loyal,1,966.21,0.15,Debit Card,Returned,587.06,966.21,144.9315,821.2785,587.06,234.21850000000006,28.518766776434557,0.0,0.0
ORD-100072,2025-05-01,Fashion,Denim Jacket,North,Delhi,Returning,5,2515.48,0.05,UPI,Delivered,1492.51,12577.4,628.87,11948.529999999999,7462.55,4485.979999999999,37.54419999782399,11948.529999999999,4485.979999999999
ORD-103045,2025-05-01,Fashion,Denim Jacket,East,Kolkata,New,5,2478.55,0.05,Debit Card,Delivered,1472.48,12392.75,619.6375,11773.1125,7362.4,4410.7125,37.46428567636638,11773.1125,4410.7125
ORD-101534,2025-05-01,Electronics,Wireless Headphones,East,Bhubaneswar,Returning,1,2494.16,0.05,UPI,Delivered,1619.04,2494.16,124.708,2369.4519999999998,1619.04,750.4119999999998,31.670276502752532,2369.4519999999998,750.4119999999998
ORD-103394,2025-05-01,Sports,Sports Bag,East,Guwahati,New,2,1629.43,0.0,Debit Card,Delivered,863.38,3258.86,0.0,3258.86,1726.76,1532.1000000000001,47.01337277452852,3258.86,1532.1000000000001
ORD-101651,2025-05-02,Electronics,Smart Watch,East,Kolkata,Returning,5,4174.86,0.0,Debit Card,Delivered,2748.04,20874.3,0.0,20874.3,13740.2,7134.0999999999985,34.17647537881509,20874.3,7134.0999999999985
ORD-100523,2025-05-03,Beauty,Face Serum,East,Patna,Returning,2,943.49,0.0,Credit Card,Delivered,431.34,1886.98,0.0,1886.98,862.68,1024.3000000000002,54.28250431907069,1886.98,1024.3000000000002
ORD-101178,2025-05-03,Home & Kitchen,Coffee Maker,Central,Bhopal,Loyal,4,3457.56,0.0,Credit Card,Delivered,2163.46,13830.24,0.0,13830.24,8653.84,5176.4,37.428128506808264,13830.24,5176.4
ORD-101113,2025-05-03,Fashion,Hoodie,North,Delhi,New,1,1879.43,0.0,UPI,Delivered,1004.06,1879.43,0.0,1879.43,1004.06,875.3700000000001,46.57635559717575,1879.43,875.3700000000001
ORD-103194,2025-05-03,Sports,Resistance Bands,East,Kolkata,Returning,1,706.98,0.05,UPI,Delivered,298.38,706.98,35.349000000000004,671.631,298.38,373.251,55.57381955270081,671.631,373.251
ORD-102392,2025-05-03,Home & Kitchen,Storage Box Set,South,Kochi,New,2,981.99,0.0,Credit Card,Delivered,514.63,1963.98,0.0,1963.98,1029.26,934.72,47.593152679762525,1963.98,934.72
ORD-102220,2025-05-03,Electronics,USB-C Hub,South,Chennai,Returning,1,1036.3,0.0,Net Banking,Delivered,612.93,1036.3,0.0,1036.3,612.93,423.37,40.8539998070057,1036.3,423.37
ORD-103295,2025-05-03,Electronics,Smart Watch,South,Hyderabad,New,2,3987.27,0.05,Credit Card,Delivered,2704.63,7974.54,398.72700000000003,7575.813,5409.26,2166.553,28.598290374907613,7575.813,2166.553
ORD-101523,2025-05-03,Home & Kitchen,Air Fryer,North,Jaipur,Returning,3,4976.73,0.15,Net Banking,Delivered,3414.55,14930.189999999999,2239.5285,12690.661499999998,10243.650000000001,2447.011499999997,19.281985418963362,12690.661499999998,2447.011499999997
ORD-102861,2025-05-04,Sports,Sports Bag,South,Chennai,New,1,1584.29,0.05,Credit Card,Delivered,833.5,1584.29,79.2145,1505.0755,833.5,671.5754999999999,44.62071836263363,1505.0755,671.5754999999999
ORD-102993,2025-05-04,Beauty,Hair Dryer,South,Bengaluru,Returning,5,2287.52,0.05,Cash on Delivery,Delivered,1321.33,11437.6,571.88,10865.720000000001,6606.65,4259.0700000000015,39.19731044054146,10865.720000000001,4259.0700000000015
ORD-102554,2025-05-04,Fashion,T-Shirt,South,Bengaluru,Loyal,1,805.65,0.0,Net Banking,Delivered,446.45,805.65,0.0,805.65,446.45,359.2,44.58511760690126,805.65,359.2
ORD-100888,2025-05-04,Electronics,Bluetooth Speaker,North,Jaipur,New,3,1841.91,0.0,UPI,Delivered,1220.21,5525.7300000000005,0.0,5525.7300000000005,3660.63,1865.1000000000004,33.75300639010593,5525.7300000000005,1865.1000000000004
ORD-102890,2025-05-05,Electronics,Bluetooth Speaker,East,Bhubaneswar,Returning,1,1962.6,0.1,Credit Card,Delivered,1186.06,1962.6,196.26,1766.34,1186.06,580.28,32.85211227736449,1766.34,580.28
ORD-100052,2025-05-05,Home & Kitchen,Storage Box Set,North,Jaipur,New,3,1047.42,0.05,Net Banking,Returned,529.37,3142.26,157.11300000000003,2985.1470000000004,1588.1100000000001,1397.0370000000003,46.799604843580575,0.0,0.0
ORD-103182,2025-05-05,Home & Kitchen,Coffee Maker,South,Hyderabad,Loyal,2,3539.09,0.1,Net Banking,Delivered,2210.57,7078.18,707.8180000000001,6370.362,4421.14,1949.2219999999998,30.5982925303146,6370.362,1949.2219999999998
ORD-102851,2025-05-05,Home & Kitchen,Water Bottle,North,Chandigarh,New,3,720.81,0.15,UPI,Delivered,302.24,2162.43,324.36449999999996,1838.0655,906.72,931.3454999999999,50.66987547505788,1838.0655,931.3454999999999
ORD-100543,2025-05-05,Home & Kitchen,Storage Box Set,West,Mumbai,Returning,1,968.62,0.15,UPI,Delivered,522.0,968.62,145.293,823.327,522.0,301.327,36.598702581112974,823.327,301.327
ORD-103258,2025-05-05,Home & Kitchen,Storage Box Set,North,Delhi,New,1,1039.56,0.1,Credit Card,Delivered,517.14,1039.56,103.956,935.6039999999999,517.14,418.46399999999994,44.726615106391165,935.6039999999999,418.46399999999994
ORD-101115,2025-05-05,Fashion,Hoodie,North,Delhi,Loyal,3,1885.14,0.15,Net Banking,Delivered,1026.6,5655.42,848.313,4807.107,3079.7999999999997,1727.3070000000002,35.932360149254016,4807.107,1727.3070000000002
ORD-102466,2025-05-05,Electronics,Wireless Headphones,East,Patna,Returning,1,2518.09,0.05,UPI,Returned,1612.59,2518.09,125.90450000000001,2392.1855,1612.59,779.5955000000001,32.589257814663625,0.0,0.0
ORD-100398,2025-05-06,Sports,Sports Bag,North,Jaipur,Loyal,4,1638.85,0.15,UPI,Delivered,881.44,6555.4,983.31,5572.09,3525.76,2046.33,36.724640126056826,5572.09,2046.33
ORD-103153,2025-05-06,Electronics,Bluetooth Speaker,North,Jaipur,New,2,1947.52,0.0,Credit Card,Delivered,1222.71,3895.04,0.0,3895.04,2445.42,1449.62,37.21707607624055,3895.04,1449.62
ORD-101770,2025-05-06,Beauty,Face Serum,North,Lucknow,Returning,1,867.01,0.15,UPI,Delivered,434.55,867.01,130.0515,736.9585,434.55,302.40849999999995,41.034671558846256,736.9585,302.40849999999995
ORD-100993,2025-05-06,Electronics,USB-C Hub,South,Chennai,Loyal,1,1034.38,0.05,UPI,Delivered,595.89,1034.38,51.71900000000001,982.6610000000001,595.89,386.7710000000001,39.35955532986453,982.6610000000001,386.7710000000001
ORD-103024,2025-05-07,Fashion,Sneakers,South,Hyderabad,New,2,3095.46,0.05,Net Banking,Delivered,1851.53,6190.92,309.54600000000005,5881.374,3703.06,2178.314,37.0375017810464,5881.374,2178.314
ORD-100838,2025-05-07,Electronics,Bluetooth Speaker,West,Ahmedabad,New,2,1944.44,0.0,Debit Card,Delivered,1229.49,3888.88,0.0,3888.88,2458.98,1429.9,36.76894118615128,3888.88,1429.9
ORD-102813,2025-05-07,Electronics,Power Bank,East,Kolkata,Returning,1,1330.33,0.0,Credit Card,Delivered,811.13,1330.33,0.0,1330.33,811.13,519.1999999999999,39.02791036810415,1330.33,519.1999999999999
ORD-103040,2025-05-07,Home & Kitchen,Coffee Maker,South,Bengaluru,Loyal,3,3672.92,0.05,Credit Card,Delivered,2145.51,11018.76,550.938,10467.822,6436.530000000001,4031.2919999999995,38.51127770418717,10467.822,4031.2919999999995
ORD-101787,2025-05-07,Electronics,Wireless Headphones,South,Chennai,Returning,3,2575.2,0.1,UPI,Returned,1659.38,7725.599999999999,772.56,6953.039999999999,4978.14,1974.8999999999987,28.403403403403388,0.0,0.0
ORD-102094,2025-05-07,Home & Kitchen,Air Fryer,West,Surat,Returning,1,4902.98,0.0,UPI,Cancelled,3403.38,4902.98,0.0,4902.98,3403.38,1499.5999999999995,30.585480666859738,0.0,0.0
ORD-102745,2025-05-07,Electronics,Smart Watch,North,Lucknow,New,1,4194.99,0.0,Net Banking,Delivered,2718.68,4194.99,0.0,4194.99,2718.68,1476.31,35.19221738311653,4194.99,1476.31
ORD-102815,2025-05-08,Electronics,Wireless Headphones,East,Patna,New,1,2501.94,0.0,Debit Card,Returned,1677.42,2501.94,0.0,2501.94,1677.42,824.52,32.95522674404662,0.0,0.0
ORD-101085,2025-05-08,Home & Kitchen,Water Bottle,South,Chennai,Returning,4,698.82,0.05,Net Banking,Delivered,294.21,2795.28,139.764,2655.516,1176.84,1478.6760000000002,55.683189255873444,2655.516,1478.6760000000002
ORD-100426,2025-05-08,Home & Kitchen,Mixer Grinder,South,Bengaluru,New,3,2887.27,0.1,UPI,Delivered,1837.96,8661.81,866.181,7795.628999999999,5513.88,2281.748999999999,29.269594538170036,7795.628999999999,2281.748999999999
ORD-101704,2025-05-08,Electronics,Bluetooth Speaker,North,Jaipur,New,1,1845.79,0.05,Debit Card,Delivered,1203.98,1845.79,92.2895,1753.5004999999999,1203.98,549.5204999999999,31.338485503711,1753.5004999999999,549.5204999999999
ORD-100102,2025-05-08,Sports,Running Shoes,Central,Raipur,Returning,2,3466.46,0.05,Debit Card,Delivered,2120.87,6932.92,346.646,6586.274,4241.74,2344.5340000000006,35.59727396704116,6586.274,2344.5340000000006
ORD-102511,2025-05-08,Sports,Resistance Bands,Central,Raipur,Returning,3,733.95,0.05,Debit Card,Cancelled,299.11,2201.8500000000004,110.09250000000003,2091.7575,897.33,1194.4275000000002,57.1016238737043,0.0,0.0
ORD-103288,2025-05-08,Electronics,Wireless Headphones,North,Delhi,Loyal,4,2538.97,0.05,UPI,Delivered,1633.74,10155.88,507.794,9648.086,6534.96,3113.1259999999993,32.26677291226467,9648.086,3113.1259999999993
ORD-102900,2025-05-09,Fashion,Backpack,East,Patna,Returning,1,1447.9,0.0,Cash on Delivery,Delivered,833.31,1447.9,0.0,1447.9,833.31,614.5900000000001,42.44699219559362,1447.9,614.5900000000001
ORD-100009,2025-05-09,Sports,Resistance Bands,Central,Raipur,New,1,680.25,0.0,Credit Card,Delivered,303.65,680.25,0.0,680.25,303.65,376.6,55.36199926497611,680.25,376.6
ORD-101796,2025-05-09,Fashion,Hoodie,Central,Bhopal,Returning,2,1793.1,0.2,Net Banking,Delivered,1003.06,3586.2,717.24,2868.96,2006.12,862.8400000000001,30.07500975963416,2868.96,862.8400000000001
ORD-101364,2025-05-09,Home & Kitchen,Mixer Grinder,East,Kolkata,New,1,3004.01,0.15,Net Banking,Delivered,1859.15,3004.01,450.60150000000004,2553.4085,1859.15,694.2584999999999,27.189480257467615,2553.4085,694.2584999999999
ORD-100872,2025-05-09,Sports,Running Shoes,South,Kochi,Returning,1,3514.1,0.1,UPI,Delivered,2148.86,3514.1,351.41,3162.69,2148.86,1013.8299999999999,32.05593972219851,3162.69,1013.8299999999999
ORD-102349,2025-05-09,Home & Kitchen,Storage Box Set,Central,Indore,Returning,4,1036.74,0.1,Cash on Delivery,Delivered,530.76,4146.96,414.696,3732.264,2123.04,1609.2240000000002,43.11656410157481,3732.264,1609.2240000000002
ORD-100653,2025-05-10,Beauty,Face Serum,North,Chandigarh,Loyal,2,907.57,0.15,UPI,Delivered,427.29,1815.14,272.271,1542.8690000000001,854.58,688.2890000000001,44.61098123042203,1542.8690000000001,688.2890000000001
ORD-102773,2025-05-10,Beauty,Hair Care Combo,North,Chandigarh,New,1,1302.86,0.1,Debit Card,Delivered,674.52,1302.86,130.286,1172.5739999999998,674.52,498.05399999999986,42.47527234954894,1172.5739999999998,498.05399999999986
ORD-100664,2025-05-10,Home & Kitchen,Water Bottle,North,Chandigarh,Returning,2,694.41,0.1,UPI,Delivered,304.63,1388.82,138.882,1249.9379999999999,609.26,640.6779999999999,51.25678233640388,1249.9379999999999,640.6779999999999
ORD-102116,2025-05-10,Fashion,Backpack,East,Bhubaneswar,New,1,1559.13,0.1,UPI,Delivered,832.75,1559.13,155.913,1403.217,832.75,570.4670000000001,40.654225255252754,1403.217,570.4670000000001
ORD-100339,2025-05-10,Beauty,Face Serum,South,Chennai,New,1,896.62,0.1,Credit Card,Delivered,427.21,896.62,89.662,806.958,427.21,379.748,47.05920258551251,806.958,379.748
ORD-100224,2025-05-10,Fashion,Hoodie,East,Guwahati,New,3,1870.17,0.0,Credit Card,Delivered,1027.87,5610.51,0.0,5610.51,3083.6099999999997,2526.9000000000005,45.03868632263378,5610.51,2526.9000000000005
ORD-102643,2025-05-10,Home & Kitchen,Mixer Grinder,South,Chennai,Returning,1,2988.29,0.05,Credit Card,Delivered,1894.65,2988.29,149.4145,2838.8755,1894.65,944.2255,33.26054629729271,2838.8755,944.2255
ORD-102765,2025-05-11,Electronics,Power Bank,South,Chennai,New,3,1330.86,0.05,Debit Card,Delivered,807.47,3992.58,199.62900000000002,3792.951,2422.41,1370.5410000000002,36.133896799615925,3792.951,1370.5410000000002
ORD-101740,2025-05-11,Fashion,Backpack,West,Ahmedabad,Loyal,1,1470.86,0.1,UPI,Delivered,827.74,1470.86,147.08599999999998,1323.774,827.74,496.0339999999999,37.47119976672755,1323.774,496.0339999999999
ORD-102870,2025-05-12,Home & Kitchen,Coffee Maker,East,Patna,Returning,1,3491.76,0.05,Debit Card,Delivered,2181.19,3491.76,174.58800000000002,3317.172,2181.19,1135.982,34.245495862137986,3317.172,1135.982
ORD-103079,2025-05-12,Beauty,Face Serum,South,Hyderabad,New,3,872.87,0.1,Cash on Delivery,Delivered,426.38,2618.61,261.86100000000005,2356.7490000000003,1279.1399999999999,1077.6090000000004,45.724385583700276,2356.7490000000003,1077.6090000000004
ORD-102496,2025-05-12,Electronics,Power Bank,Central,Nagpur,New,3,1273.99,0.05,Net Banking,Delivered,821.22,3821.9700000000003,191.09850000000003,3630.8715,2463.66,1167.2115000000003,32.146868871564315,3630.8715,1167.2115000000003
ORD-101872,2025-05-12,Electronics,Smart Watch,West,Surat,Returning,2,4134.55,0.15,UPI,Returned,2695.02,8269.1,1240.365,7028.735000000001,5390.04,1638.6950000000006,23.314223683209008,0.0,0.0
ORD-100735,2025-05-13,Beauty,Perfume,Central,Bhopal,Loyal,2,2014.78,0.1,Net Banking,Delivered,1140.29,4029.56,402.956,3626.604,2280.58,1346.024,37.115273683037906,3626.604,1346.024
ORD-102474,2025-05-13,Electronics,Bluetooth Speaker,Central,Raipur,Returning,2,1978.94,0.0,Credit Card,Delivered,1219.37,3957.88,0.0,3957.88,2438.74,1519.1400000000003,38.382669509939674,3957.88,1519.1400000000003
ORD-103433,2025-05-13,Electronics,Wireless Headphones,West,Surat,New,1,2592.34,0.05,Credit Card,Delivered,1661.65,2592.34,129.61700000000002,2462.723,1661.65,801.0729999999999,32.527937571541734,2462.723,801.0729999999999
ORD-101474,2025-05-13,Home & Kitchen,Coffee Maker,Central,Indore,New,1,3539.63,0.2,Credit Card,Delivered,2212.31,3539.63,707.926,2831.704,2212.31,619.3940000000002,21.873543279947345,2831.704,619.3940000000002
ORD-101940,2025-05-13,Fashion,Sneakers,East,Bhubaneswar,New,1,3078.96,0.1,UPI,Delivered,1862.08,3078.96,307.896,2771.064,1862.08,908.9839999999999,32.80270683030056,2771.064,908.9839999999999
ORD-103242,2025-05-13,Sports,Running Shoes,North,Jaipur,Returning,2,3510.8,0.0,UPI,Delivered,2157.11,7021.6,0.0,7021.6,4314.22,2707.38,38.5578785462003,7021.6,2707.38
ORD-102360,2025-05-13,Home & Kitchen,Coffee Maker,West,Ahmedabad,Returning,4,3436.48,0.0,UPI,Delivered,2135.41,13745.92,0.0,13745.92,8541.64,5204.280000000001,37.86054334668033,13745.92,5204.280000000001
ORD-102277,2025-05-14,Home & Kitchen,Coffee Maker,North,Delhi,New,4,3510.62,0.05,UPI,Delivered,2248.47,14042.48,702.124,13340.356,8993.88,4346.476000000001,32.58140937168394,13340.356,4346.476000000001
ORD-102523,2025-05-14,Beauty,Perfume,West,Ahmedabad,New,1,1976.58,0.05,Net Banking,Delivered,1130.49,1976.58,98.82900000000001,1877.751,1130.49,747.261,39.795531995456265,1877.751,747.261
ORD-103241,2025-05-14,Electronics,Bluetooth Speaker,West,Pune,New,2,1965.88,0.1,UPI,Delivered,1246.01,3931.76,393.17600000000004,3538.5840000000003,2492.02,1046.5640000000003,29.575785116306413,3538.5840000000003,1046.5640000000003
ORD-101072,2025-05-14,Home & Kitchen,Mixer Grinder,South,Chennai,Loyal,5,2925.33,0.05,UPI,Delivered,1904.05,14626.65,731.3325,13895.3175,9520.25,4375.067499999999,31.485912430572384,13895.3175,4375.067499999999
ORD-101989,2025-05-15,Beauty,Skin Care Kit,West,Pune,Returning,2,1552.55,0.15,Credit Card,Delivered,847.3,3105.1,465.765,2639.335,1694.6,944.7350000000001,35.79443306742039,2639.335,944.7350000000001
ORD-103328,2025-05-15,Electronics,Wireless Headphones,Central,Indore,Returning,2,2427.43,0.15,Credit Card,Delivered,1684.32,4854.86,728.2289999999999,4126.630999999999,3368.64,757.9909999999995,18.36827668865958,4126.630999999999,757.9909999999995
ORD-101745,2025-05-15,Electronics,USB-C Hub,Central,Nagpur,Loyal,3,963.9,0.0,UPI,Delivered,612.93,2891.7,0.0,2891.7,1838.79,1052.9099999999999,36.411453470276996,2891.7,1052.9099999999999
ORD-101710,2025-05-16,Beauty,Perfume,North,Jaipur,New,1,1970.81,0.15,UPI,Delivered,1120.42,1970.81,295.62149999999997,1675.1885,1120.42,554.7684999999999,33.116780589169515,1675.1885,554.7684999999999
ORD-101988,2025-05-16,Beauty,Hair Dryer,North,Jaipur,New,2,2356.13,0.05,Debit Card,Delivered,1271.59,4712.26,235.61300000000003,4476.647,2543.18,1933.467,43.190070604182104,4476.647,1933.467
ORD-102444,2025-05-16,Beauty,Skin Care Kit,East,Kolkata,New,2,1617.24,0.0,UPI,Delivered,834.81,3234.48,0.0,3234.48,1669.62,1564.8600000000001,48.38057431179046,3234.48,1564.8600000000001
ORD-103297,2025-05-16,Electronics,Smart Watch,North,Delhi,New,1,3979.93,0.0,Debit Card,Delivered,2729.1,3979.93,0.0,3979.93,2729.1,1250.83,31.428442208782563,3979.93,1250.83
ORD-103232,2025-05-16,Electronics,Smart Watch,South,Kochi,Loyal,4,4104.28,0.2,Cash on Delivery,Delivered,2704.04,16417.12,3283.424,13133.696,10816.16,2317.536,17.645725925131813,13133.696,2317.536
ORD-102470,2025-05-17,Home & Kitchen,Air Fryer,North,Delhi,New,3,4996.18,0.0,UPI,Delivered,3370.59,14988.54,0.0,14988.54,10111.77,4876.77,32.53665800671713,14988.54,4876.77
ORD-100142,2025-05-17,Beauty,Skin Care Kit,South,Chennai,Loyal,5,1541.44,0.05,UPI,Delivered,837.57,7707.200000000001,385.36000000000007,7321.840000000001,4187.85,3133.9900000000007,42.80331173584782,7321.840000000001,3133.9900000000007
ORD-102602,2025-05-17,Electronics,Bluetooth Speaker,West,Surat,Returning,4,1921.59,0.1,Credit Card,Delivered,1178.54,7686.36,768.636,6917.724,4714.16,2203.5640000000003,31.853887203363424,6917.724,2203.5640000000003
ORD-102734,2025-05-17,Electronics,Smart Watch,South,Chennai,Loyal,1,3900.29,0.0,UPI,Delivered,2669.77,3900.29,0.0,3900.29,2669.77,1230.52,31.549448887134034,3900.29,1230.52
ORD-103179,2025-05-18,Beauty,Perfume,South,Bengaluru,New,1,1939.95,0.1,Credit Card,Delivered,1094.26,1939.95,193.995,1745.955,1094.26,651.6949999999999,37.32599064695252,1745.955,651.6949999999999
ORD-102462,2025-05-18,Fashion,T-Shirt,North,Lucknow,Returning,2,816.74,0.0,Credit Card,Delivered,438.49,1633.48,0.0,1633.48,876.98,756.5,46.31216788696525,1633.48,756.5
ORD-103476,2025-05-18,Fashion,Backpack,East,Bhubaneswar,Returning,5,1460.5,0.0,Debit Card,Delivered,827.21,7302.5,0.0,7302.5,4136.05,3166.45,43.36117767887709,7302.5,3166.45
ORD-103018,2025-05-18,Home & Kitchen,Coffee Maker,South,Chennai,New,1,3613.63,0.2,Cash on Delivery,Delivered,2236.17,3613.63,722.7260000000001,2890.904,2236.17,654.7339999999999,22.64807132993693,2890.904,654.7339999999999
ORD-102665,2025-05-18,Electronics,Power Bank,East,Bhubaneswar,Returning,1,1330.13,0.15,UPI,Delivered,809.63,1330.13,199.51950000000002,1130.6105,809.63,320.9805,28.390015836576787,1130.6105,320.9805
ORD-101395,2025-05-18,Beauty,Skin Care Kit,West,Surat,New,1,1644.65,0.0,Debit Card,Delivered,858.98,1644.65,0.0,1644.65,858.98,785.6700000000001,47.77125832243942,1644.65,785.6700000000001
ORD-102839,2025-05-18,Home & Kitchen,Mixer Grinder,Central,Nagpur,Returning,1,3031.91,0.0,Net Banking,Delivered,1907.93,3031.91,0.0,3031.91,1907.93,1123.9799999999998,37.071680887625284,3031.91,1123.9799999999998
ORD-101582,2025-05-19,Electronics,USB-C Hub,South,Chennai,Loyal,3,1048.48,0.0,Debit Card,Delivered,607.81,3145.44,0.0,3145.44,1823.4299999999998,1322.0100000000002,42.029414008850914,3145.44,1322.0100000000002
ORD-102553,2025-05-19,Sports,Yoga Mat,East,Bhubaneswar,New,3,981.99,0.1,Credit Card,Cancelled,508.68,2945.9700000000003,294.59700000000004,2651.373,1526.04,1125.333,42.44340573732931,0.0,0.0
ORD-100964,2025-05-19,Electronics,Smart Watch,South,Hyderabad,Loyal,1,4110.94,0.2,Debit Card,Delivered,2714.83,4110.94,822.188,3288.7519999999995,2714.83,573.9219999999996,17.451057422390004,3288.7519999999995,573.9219999999996
ORD-102194,2025-05-20,Home & Kitchen,Mixer Grinder,South,Kochi,New,1,3141.66,0.0,UPI,Delivered,1889.33,3141.66,0.0,3141.66,1889.33,1252.33,39.86204745262059,3141.66,1252.33
ORD-102874,2025-05-20,Sports,Dumbbell Set,Central,Bhopal,Returning,1,2582.48,0.0,Cash on Delivery,Delivered,1466.19,2582.48,0.0,2582.48,1466.19,1116.29,43.22550416653759,2582.48,1116.29
ORD-102358,2025-05-20,Beauty,Hair Care Combo,North,Lucknow,Returning,2,1335.86,0.15,UPI,Returned,653.38,2671.72,400.758,2270.962,1306.76,964.202,42.457865873581326,0.0,0.0
ORD-100903,2025-05-20,Beauty,Face Serum,West,Ahmedabad,Loyal,2,904.41,0.0,Cash on Delivery,Delivered,408.46,1808.82,0.0,1808.82,816.92,991.9,54.83685496622107,1808.82,991.9
ORD-102394,2025-05-21,Fashion,Hoodie,East,Bhubaneswar,New,1,1826.65,0.05,UPI,Returned,1025.77,1826.65,91.33250000000001,1735.3175,1025.77,709.5475000000001,40.88862700917844,0.0,0.0
ORD-103444,2025-05-21,Home & Kitchen,Air Fryer,North,Jaipur,Loyal,1,5056.88,0.05,Credit Card,Delivered,3369.96,5056.88,252.84400000000002,4804.036,3369.96,1434.076,29.851483211199913,4804.036,1434.076
ORD-101355,2025-05-21,Home & Kitchen,Mixer Grinder,North,Chandigarh,Returning,2,3115.45,0.0,Debit Card,Delivered,1801.6,6230.9,0.0,6230.9,3603.2,2627.7,42.17207786997063,6230.9,2627.7
ORD-101839,2025-05-22,Beauty,Perfume,West,Surat,New,5,1948.74,0.05,UPI,Delivered,1131.24,9743.7,487.18500000000006,9256.515000000001,5656.2,3600.3150000000014,38.89492967925835,9256.515000000001,3600.3150000000014
ORD-102703,2025-05-22,Home & Kitchen,Water Bottle,South,Kochi,Returning,2,701.25,0.05,Cash on Delivery,Returned,294.49,1402.5,70.125,1332.375,588.98,743.395,55.79472746036214,0.0,0.0
ORD-102299,2025-05-22,Fashion,Sneakers,West,Pune,Returning,2,2953.57,0.15,Credit Card,Delivered,1796.52,5907.14,886.071,5021.069,3593.04,1428.0290000000005,28.440736424852965,5021.069,1428.0290000000005
ORD-103413,2025-05-22,Electronics,Bluetooth Speaker,West,Mumbai,New,2,1863.26,0.0,Credit Card,Delivered,1165.38,3726.52,0.0,3726.52,2330.76,1395.7599999999998,37.45478355140989,3726.52,1395.7599999999998
ORD-101257,2025-05-22,Home & Kitchen,Coffee Maker,North,Lucknow,Returning,1,3526.48,0.0,Credit Card,Delivered,2173.67,3526.48,0.0,3526.48,2173.67,1352.81,38.36148227127333,3526.48,1352.81
ORD-100363,2025-05-23,Electronics,Smart Watch,Central,Raipur,New,3,4029.37,0.0,Credit Card,Cancelled,2713.62,12088.11,0.0,12088.11,8140.86,3947.250000000001,32.65398809243133,0.0,0.0
ORD-103471,2025-05-23,Electronics,USB-C Hub,Central,Raipur,New,2,961.81,0.05,Debit Card,Delivered,609.51,1923.62,96.181,1827.4389999999999,1219.02,608.4189999999999,33.29353264322366,1827.4389999999999,608.4189999999999
ORD-102241,2025-05-23,Sports,Dumbbell Set,West,Pune,Returning,4,2570.51,0.15,Credit Card,Delivered,1542.7,10282.04,1542.306,8739.734,6170.8,2568.934,29.393732120451265,8739.734,2568.934
ORD-103181,2025-05-23,Beauty,Skin Care Kit,West,Mumbai,New,2,1548.97,0.0,UPI,Delivered,845.09,3097.94,0.0,3097.94,1690.18,1407.76,45.44180971871631,3097.94,1407.76
ORD-103197,2025-05-24,Home & Kitchen,Storage Box Set,South,Chennai,New,1,970.75,0.2,Net Banking,Delivered,527.24,970.75,194.15,776.6,527.24,249.36,32.10919392222508,776.6,249.36
ORD-103314,2025-05-24,Electronics,USB-C Hub,East,Bhubaneswar,New,1,1033.24,0.05,Debit Card,Delivered,612.1,1033.24,51.662000000000006,981.578,612.1,369.47799999999995,37.64122667785952,981.578,369.47799999999995
ORD-103152,2025-05-24,Fashion,Hoodie,West,Mumbai,Returning,3,1835.3,0.05,UPI,Delivered,1035.96,5505.9,275.295,5230.605,3107.88,2122.7249999999995,40.58278153292018,5230.605,2122.7249999999995
ORD-100976,2025-05-24,Beauty,Hair Care Combo,South,Chennai,Returning,2,1332.52,0.1,UPI,Delivered,664.77,2665.04,266.504,2398.536,1329.54,1068.996,44.5686868990084,2398.536,1068.996
ORD-103029,2025-05-24,Electronics,Wireless Headphones,East,Guwahati,New,3,2580.91,0.05,UPI,Delivered,1713.15,7742.73,387.1365,7355.5935,5139.450000000001,2216.143499999999,30.128683701729837,7355.5935,2216.143499999999
ORD-102747,2025-05-24,Fashion,Denim Jacket,South,Chennai,Returning,3,2549.28,0.05,Credit Card,Delivered,1428.2,7647.84,382.39200000000005,7265.448,4284.6,2980.848,41.02772464960178,7265.448,2980.848
ORD-102914,2025-05-25,Electronics,USB-C Hub,North,Lucknow,Loyal,3,969.14,0.1,UPI,Delivered,611.2,2907.42,290.742,2616.678,1833.6000000000001,783.0779999999997,29.926418153093344,2616.678,783.0779999999997
ORD-100032,2025-05-25,Beauty,Hair Care Combo,West,Surat,Returning,1,1307.69,0.15,UPI,Delivered,646.28,1307.69,196.1535,1111.5365000000002,646.28,465.2565000000002,41.857060024569606,1111.5365000000002,465.2565000000002
ORD-100078,2025-05-25,Fashion,Hoodie,South,Kochi,Returning,1,1736.28,0.0,Credit Card,Delivered,1016.72,1736.28,0.0,1736.28,1016.72,719.56,41.442624461492386,1736.28,719.56
ORD-102315,2025-05-25,Electronics,Power Bank,East,Bhubaneswar,Returning,1,1255.24,0.05,UPI,Cancelled,789.31,1255.24,62.762,1192.478,789.31,403.1680000000001,33.809261051356934,0.0,0.0
ORD-100567,2025-05-26,Electronics,Wireless Headphones,West,Pune,New,3,2526.04,0.05,Credit Card,Delivered,1642.01,7578.12,378.906,7199.214,4926.03,2273.184,31.575446986296008,7199.214,2273.184
ORD-101512,2025-05-26,Home & Kitchen,Air Fryer,West,Mumbai,Returning,1,5087.77,0.05,Credit Card,Returned,3363.35,5087.77,254.38850000000002,4833.3815,3363.35,1470.0315000000005,30.414141734932375,0.0,0.0
ORD-102936,2025-05-26,Fashion,Backpack,West,Pune,New,1,1542.75,0.15,UPI,Delivered,877.16,1542.75,231.4125,1311.3375,877.16,434.1775000000001,33.10951604754688,1311.3375,434.1775000000001
ORD-103336,2025-05-26,Fashion,T-Shirt,North,Lucknow,Loyal,1,812.15,0.1,Credit Card,Delivered,423.04,812.15,81.215,730.935,423.04,307.8949999999999,42.123444629139385,730.935,307.8949999999999
ORD-102968,2025-05-26,Home & Kitchen,Water Bottle,South,Bengaluru,Returning,5,684.48,0.0,Cash on Delivery,Delivered,299.96,3422.4,0.0,3422.4,1499.8,1922.6000000000001,56.17695184665732,3422.4,1922.6000000000001
ORD-101503,2025-05-27,Electronics,USB-C Hub,East,Patna,Returning,4,997.92,0.05,Credit Card,Delivered,582.09,3991.68,199.584,3792.096,2328.36,1463.7359999999999,38.59965570491886,3792.096,1463.7359999999999
ORD-100412,2025-05-27,Electronics,Bluetooth Speaker,South,Bengaluru,New,1,1879.38,0.05,Debit Card,Delivered,1245.46,1879.38,93.96900000000001,1785.411,1245.46,539.951,30.24239236791977,1785.411,539.951
ORD-100326,2025-05-27,Home & Kitchen,Water Bottle,North,Lucknow,Returning,2,704.98,0.05,Credit Card,Delivered,299.23,1409.96,70.498,1339.462,598.46,741.002,55.32086763192983,1339.462,741.002
ORD-101656,2025-05-28,Beauty,Hair Care Combo,South,Hyderabad,New,2,1252.69,0.05,Net Banking,Delivered,672.52,2505.38,125.269,2380.111,1345.04,1035.071,43.488349913092286,2380.111,1035.071
ORD-103484,2025-05-28,Fashion,T-Shirt,East,Guwahati,New,1,787.55,0.2,Debit Card,Delivered,431.22,787.55,157.51,630.04,431.22,198.81999999999994,31.55672655704399,630.04,198.81999999999994
ORD-103089,2025-05-28,Electronics,Smart Watch,West,Mumbai,New,3,4131.76,0.0,Debit Card,Delivered,2622.23,12395.28,0.0,12395.28,7866.6900000000005,4528.59,36.53479388928689,12395.28,4528.59
ORD-101545,2025-05-28,Fashion,Hoodie,West,Ahmedabad,New,3,1752.56,0.05,Debit Card,Returned,995.43,5257.68,262.884,4994.796,2986.29,2008.5060000000003,40.211972621104046,0.0,0.0
ORD-101479,2025-05-28,Home & Kitchen,Mixer Grinder,North,Delhi,New,2,3105.29,0.15,Debit Card,Delivered,1875.63,6210.58,931.587,5278.993,3751.26,1527.7330000000002,28.939856521878323,5278.993,1527.7330000000002
ORD-100626,2025-05-29,Electronics,Smart Watch,North,Jaipur,Loyal,1,3959.75,0.05,Net Banking,Delivered,2766.32,3959.75,197.9875,3761.7625,2766.32,995.4424999999997,26.462130450819256,3761.7625,995.4424999999997
ORD-100486,2025-05-29,Sports,Yoga Mat,North,Chandigarh,Returning,1,1012.57,0.0,Cash on Delivery,Delivered,510.36,1012.57,0.0,1012.57,510.36,502.21000000000004,49.59755868730063,1012.57,502.21000000000004
ORD-101112,2025-05-29,Home & Kitchen,Storage Box Set,North,Delhi,New,3,1036.98,0.0,Debit Card,Delivered,513.16,3110.94,0.0,3110.94,1539.48,1571.46,50.51399255530483,3110.94,1571.46
ORD-101877,2025-05-29,Sports,Resistance Bands,South,Bengaluru,Returning,1,679.07,0.2,Net Banking,Cancelled,306.89,679.07,135.81400000000002,543.2560000000001,306.89,236.3660000000001,43.50913749687073,0.0,0.0
ORD-102175,2025-05-29,Electronics,Bluetooth Speaker,North,Chandigarh,Returning,1,1992.61,0.0,UPI,Cancelled,1224.55,1992.61,0.0,1992.61,1224.55,768.06,38.54542534665589,0.0,0.0
ORD-101288,2025-05-30,Electronics,Smart Watch,South,Kochi,Loyal,3,4021.67,0.05,UPI,Delivered,2694.99,12065.01,603.2505,11461.7595,8084.969999999999,3376.7895000000008,29.461353642955086,11461.7595,3376.7895000000008
ORD-100148,2025-05-30,Electronics,Smart Watch,Central,Nagpur,Loyal,2,3998.69,0.1,Net Banking,Delivered,2762.19,7997.38,799.738,7197.642,5524.38,1673.2619999999997,23.247363511550027,7197.642,1673.2619999999997
ORD-101386,2025-05-30,Beauty,Skin Care Kit,West,Ahmedabad,New,2,1567.18,0.05,Debit Card,Delivered,846.06,3134.36,156.71800000000002,2977.6420000000003,1692.12,1285.5220000000004,43.17248346174591,2977.6420000000003,1285.5220000000004
ORD-101817,2025-05-30,Sports,Dumbbell Set,Central,Indore,New,1,2491.49,0.1,Credit Card,Delivered,1515.04,2491.49,249.149,2242.341,1515.04,727.3009999999999,32.43489727922738,2242.341,727.3009999999999
ORD-101291,2025-05-30,Fashion,Hoodie,South,Kochi,New,4,1744.49,0.0,Credit Card,Delivered,1031.09,6977.96,0.0,6977.96,4124.36,2853.6000000000004,40.894473456425665,6977.96,2853.6000000000004
ORD-102209,2025-05-30,Electronics,USB-C Hub,East,Guwahati,Returning,4,971.38,0.15,Debit Card,Delivered,576.34,3885.52,582.828,3302.692,2305.36,997.3319999999999,30.197547939680717,3302.692,997.3319999999999
ORD-100719,2025-05-31,Home & Kitchen,Water Bottle,West,Mumbai,Returning,1,725.76,0.15,Cash on Delivery,Delivered,297.5,725.76,108.86399999999999,616.896,297.5,319.39599999999996,51.77469135802468,616.896,319.39599999999996
ORD-103110,2025-05-31,Electronics,Wireless Headphones,North,Lucknow,Returning,5,2461.43,0.0,Cash on Delivery,Delivered,1670.99,12307.15,0.0,12307.15,8354.95,3952.199999999999,32.11303998082415,12307.15,3952.199999999999
ORD-103210,2025-05-31,Beauty,Face Serum,West,Ahmedabad,New,1,905.39,0.05,Credit Card,Delivered,423.82,905.39,45.2695,860.1205,423.82,436.3005,50.72550880952146,860.1205,436.3005
ORD-101609,2025-05-31,Home & Kitchen,Mixer Grinder,South,Chennai,New,1,3033.53,0.0,Debit Card,Delivered,1879.88,3033.53,0.0,3033.53,1879.88,1153.65,38.0299519042172,3033.53,1153.65
ORD-102882,2025-05-31,Fashion,Backpack,West,Mumbai,Returning,2,1544.55,0.1,UPI,Delivered,879.25,3089.1,308.91,2780.19,1758.5,1021.69,36.74892723159209,2780.19,1021.69
ORD-103435,2025-05-31,Electronics,Power Bank,Central,Bhopal,Loyal,4,1276.14,0.05,Debit Card,Returned,825.35,5104.56,255.22800000000004,4849.332,3301.4,1547.9320000000002,31.920520187110306,0.0,0.0
ORD-100327,2025-05-31,Sports,Dumbbell Set,West,Pune,Returning,4,2491.98,0.05,Net Banking,Delivered,1520.52,9967.92,498.396,9469.524,6082.08,3387.4439999999995,35.77206203817636,9469.524,3387.4439999999995
ORD-100637,2025-05-31,Sports,Dumbbell Set,East,Patna,New,1,2448.49,0.05,UPI,Delivered,1510.8,2448.49,122.4245,2326.0654999999997,1510.8,815.2654999999997,35.04912049983115,2326.0654999999997,815.2654999999997
ORD-103255,2025-05-31,Electronics,Wireless Headphones,East,Patna,Loyal,4,2409.63,0.1,UPI,Delivered,1602.22,9638.52,963.8520000000001,8674.668,6408.88,2265.7879999999996,26.119593280111697,8674.668,2265.7879999999996
ORD-100510,2025-05-31,Fashion,Sneakers,North,Delhi,Returning,2,3108.34,0.1,Net Banking,Returned,1747.09,6216.68,621.6680000000001,5595.012000000001,3494.18,2100.832000000001,37.54830195180994,0.0,0.0
ORD-102293,2025-05-31,Electronics,Power Bank,West,Ahmedabad,Returning,3,1298.7,0.1,UPI,Delivered,778.46,3896.1000000000004,389.61000000000007,3506.4900000000002,2335.38,1171.1100000000001,33.398355620577846,3506.4900000000002,1171.1100000000001
ORD-100566,2025-06-01,Fashion,T-Shirt,West,Surat,Loyal,2,789.34,0.15,UPI,Cancelled,438.67,1578.68,236.802,1341.8780000000002,877.34,464.5380000000001,34.618497359670556,0.0,0.0
ORD-101308,2025-06-01,Electronics,Wireless Headphones,West,Ahmedabad,New,3,2571.2,0.0,Debit Card,Delivered,1656.51,7713.599999999999,0.0,7713.599999999999,4969.53,2744.0699999999997,35.574439950217794,7713.599999999999,2744.0699999999997
ORD-103293,2025-06-01,Fashion,Hoodie,North,Chandigarh,Returning,2,1849.07,0.1,Net Banking,Delivered,1009.84,3698.14,369.814,3328.326,2019.68,1308.646,39.318444166827405,3328.326,1308.646
ORD-103372,2025-06-02,Fashion,Hoodie,South,Kochi,New,3,1800.2,0.0,Net Banking,Cancelled,979.53,5400.6,0.0,5400.6,2938.59,2462.01,45.58771247639151,0.0,0.0
ORD-101265,2025-06-02,Electronics,Power Bank,North,Chandigarh,New,2,1249.73,0.0,UPI,Delivered,776.85,2499.46,0.0,2499.46,1553.7,945.76,37.838573131796466,2499.46,945.76
ORD-100854,2025-06-02,Beauty,Hair Dryer,South,Bengaluru,Returning,1,2321.12,0.1,Cash on Delivery,Delivered,1313.15,2321.12,232.112,2089.008,1313.15,775.8579999999997,37.14002052648912,2089.008,775.8579999999997
ORD-102641,2025-06-02,Electronics,Bluetooth Speaker,South,Kochi,Returning,1,1961.86,0.1,Cash on Delivery,Delivered,1212.48,1961.86,196.186,1765.674,1212.48,553.194,31.330472103004293,1765.674,553.194
ORD-101047,2025-06-02,Home & Kitchen,Air Fryer,North,Delhi,Returning,2,5171.02,0.0,UPI,Delivered,3227.26,10342.04,0.0,10342.04,6454.52,3887.5200000000004,37.58948911433334,10342.04,3887.5200000000004
ORD-100189,2025-06-02,Electronics,Bluetooth Speaker,West,Ahmedabad,Returning,2,1955.31,0.05,Cash on Delivery,Delivered,1224.78,3910.62,195.531,3715.089,2449.56,1265.529,34.064567497575425,3715.089,1265.529
ORD-100097,2025-06-02,Fashion,Backpack,North,Chandigarh,New,3,1456.82,0.05,Credit Card,Delivered,875.86,4370.46,218.52300000000002,4151.937,2627.58,1524.357,36.7143576600512,4151.937,1524.357
ORD-101402,2025-06-03,Home & Kitchen,Water Bottle,Central,Nagpur,Returning,4,671.6,0.1,UPI,Delivered,302.33,2686.4,268.64000000000004,2417.76,1209.32,1208.4400000000003,49.98180133677454,2417.76,1208.4400000000003
ORD-103084,2025-06-03,Beauty,Face Serum,West,Mumbai,New,1,866.44,0.2,Cash on Delivery,Delivered,417.66,866.44,173.288,693.152,417.66,275.492,39.74481787544435,693.152,275.492
ORD-102667,2025-06-03,Home & Kitchen,Coffee Maker,North,Lucknow,New,1,3469.39,0.1,Credit Card,Delivered,2253.52,3469.39,346.939,3122.451,2253.52,868.931,27.82849114365606,3122.451,868.931
ORD-100832,2025-06-03,Beauty,Hair Care Combo,West,Ahmedabad,Loyal,4,1275.53,0.0,UPI,Cancelled,669.64,5102.12,0.0,5102.12,2678.56,2423.56,47.50103878387807,0.0,0.0
ORD-100384,2025-06-03,Sports,Dumbbell Set,North,Chandigarh,New,1,2461.18,0.0,Credit Card,Delivered,1512.7,2461.18,0.0,2461.18,1512.7,948.4799999999998,38.537612039753284,2461.18,948.4799999999998
ORD-100593,2025-06-03,Beauty,Face Serum,South,Chennai,New,1,896.64,0.1,Debit Card,Delivered,422.37,896.64,89.664,806.976,422.37,384.606,47.66015346181299,806.976,384.606
ORD-103094,2025-06-03,Fashion,Hoodie,South,Kochi,Loyal,4,1842.34,0.1,UPI,Delivered,972.6,7369.36,736.936,6632.424,3890.4,2742.024,41.34271270956139,6632.424,2742.024
ORD-102182,2025-06-03,Home & Kitchen,Mixer Grinder,West,Mumbai,New,1,3088.51,0.15,Debit Card,Delivered,1902.29,3088.51,463.2765,2625.2335000000003,1902.29,722.9435000000003,27.538255168540253,2625.2335000000003,722.9435000000003
ORD-102967,2025-06-03,Fashion,Backpack,Central,Indore,New,2,1503.15,0.05,Credit Card,Delivered,862.66,3006.3,150.31500000000003,2855.985,1725.32,1130.6650000000002,39.58931857135104,2855.985,1130.6650000000002
ORD-103073,2025-06-03,Home & Kitchen,Storage Box Set,South,Kochi,New,1,1021.32,0.0,Credit Card,Delivered,526.75,1021.32,0.0,1021.32,526.75,494.57000000000005,48.42458778835233,1021.32,494.57000000000005
ORD-101251,2025-06-04,Beauty,Skin Care Kit,West,Surat,New,1,1639.98,0.0,UPI,Delivered,851.03,1639.98,0.0,1639.98,851.03,788.95,48.107293991390144,1639.98,788.95
ORD-101542,2025-06-04,Beauty,Hair Care Combo,North,Chandigarh,Loyal,1,1362.05,0.0,UPI,Delivered,631.23,1362.05,0.0,1362.05,631.23,730.8199999999999,53.65588634778459,1362.05,730.8199999999999
ORD-101506,2025-06-04,Beauty,Perfume,North,Lucknow,New,1,2087.31,0.05,UPI,Delivered,1095.53,2087.31,104.3655,1982.9445,1095.53,887.4145000000001,44.752361954658845,1982.9445,887.4145000000001
ORD-101709,2025-06-05,Electronics,Wireless Headphones,Central,Nagpur,Returning,2,2405.06,0.05,Cash on Delivery,Delivered,1609.28,4810.12,240.506,4569.614,3218.56,1351.0539999999996,29.566042120844337,4569.614,1351.0539999999996
ORD-103275,2025-06-05,Home & Kitchen,Coffee Maker,West,Surat,New,3,3406.03,0.1,UPI,Delivered,2162.04,10218.09,1021.8090000000001,9196.281,6486.12,2710.161000000001,29.47018474098389,9196.281,2710.161000000001
ORD-100315,2025-06-05,Fashion,T-Shirt,East,Kolkata,New,1,838.16,0.2,Credit Card,Delivered,423.44,838.16,167.632,670.528,423.44,247.08800000000002,36.849766154433524,670.528,247.08800000000002
ORD-101786,2025-06-05,Beauty,Hair Dryer,West,Ahmedabad,New,1,2339.44,0.05,Debit Card,Delivered,1346.86,2339.44,116.97200000000001,2222.468,1346.86,875.608,39.39800258091455,2222.468,875.608
ORD-101124,2025-06-05,Electronics,Bluetooth Speaker,West,Pune,Loyal,2,1966.7,0.0,Debit Card,Delivered,1204.1,3933.4,0.0,3933.4,2408.2,1525.2000000000003,38.775613972644535,3933.4,1525.2000000000003
ORD-102253,2025-06-05,Sports,Sports Bag,East,Bhubaneswar,New,1,1643.52,0.0,UPI,Cancelled,855.92,1643.52,0.0,1643.52,855.92,787.6,47.921534267912776,0.0,0.0
ORD-102162,2025-06-05,Fashion,Sneakers,Central,Nagpur,New,1,2943.9,0.05,UPI,Delivered,1850.65,2943.9,147.19500000000002,2796.705,1850.65,946.0549999999998,33.827486274026036,2796.705,946.0549999999998
ORD-101107,2025-06-05,Home & Kitchen,Coffee Maker,West,Mumbai,Returning,2,3629.74,0.1,UPI,Delivered,2182.32,7259.48,725.948,6533.531999999999,4364.64,2168.891999999999,33.19631709158231,6533.531999999999,2168.891999999999
ORD-102487,2025-06-05,Fashion,Backpack,South,Bengaluru,New,3,1546.76,0.0,Credit Card,Delivered,859.44,4640.28,0.0,4640.28,2578.32,2061.9599999999996,44.436111613954324,4640.28,2061.9599999999996
ORD-102687,2025-06-05,Beauty,Skin Care Kit,North,Lucknow,New,1,1661.32,0.1,Credit Card,Delivered,881.28,1661.32,166.132,1495.1879999999999,881.28,613.9079999999999,41.05891700575446,1495.1879999999999,613.9079999999999
ORD-101454,2025-06-06,Home & Kitchen,Coffee Maker,South,Hyderabad,Loyal,1,3384.92,0.0,UPI,Delivered,2254.33,3384.92,0.0,3384.92,2254.33,1130.5900000000001,33.40078938350094,3384.92,1130.5900000000001
ORD-101906,2025-06-06,Electronics,Power Bank,South,Bengaluru,Returning,3,1314.33,0.1,Debit Card,Delivered,791.18,3942.99,394.299,3548.691,2373.54,1175.1509999999998,33.11505566418716,3548.691,1175.1509999999998
ORD-100857,2025-06-06,Home & Kitchen,Coffee Maker,West,Surat,New,1,3487.07,0.0,Debit Card,Delivered,2283.03,3487.07,0.0,3487.07,2283.03,1204.04,34.52870174673867,3487.07,1204.04
ORD-100831,2025-06-06,Electronics,USB-C Hub,North,Chandigarh,Loyal,1,1046.53,0.0,Debit Card,Delivered,576.28,1046.53,0.0,1046.53,576.28,470.25,44.934211154959726,1046.53,470.25
ORD-103482,2025-06-06,Sports,Running Shoes,East,Bhubaneswar,New,1,3503.04,0.05,UPI,Delivered,2069.51,3503.04,175.15200000000002,3327.888,2069.51,1258.3779999999997,37.81311149894467,3327.888,1258.3779999999997
ORD-101892,2025-06-06,Electronics,Bluetooth Speaker,North,Chandigarh,Loyal,1,1871.78,0.0,Credit Card,Delivered,1178.59,1871.78,0.0,1871.78,1178.59,693.19,37.03373259677954,1871.78,693.19
ORD-101013,2025-06-06,Electronics,Wireless Headphones,East,Kolkata,New,2,2432.82,0.0,Net Banking,Delivered,1712.28,4865.64,0.0,4865.64,3424.56,1441.0800000000004,29.617480948035617,4865.64,1441.0800000000004
ORD-103278,2025-06-06,Fashion,Hoodie,West,Ahmedabad,New,3,1801.02,0.05,Cash on Delivery,Delivered,1002.2,5403.0599999999995,270.15299999999996,5132.906999999999,3006.6000000000004,2126.306999999999,41.425005362458336,5132.906999999999,2126.306999999999
ORD-102751,2025-06-06,Electronics,Wireless Headphones,South,Chennai,New,2,2417.98,0.2,Debit Card,Delivered,1613.4,4835.96,967.192,3868.768,3226.8,641.9679999999998,16.59360292475537,3868.768,641.9679999999998
ORD-100119,2025-06-06,Home & Kitchen,Air Fryer,West,Surat,Returning,1,5026.62,0.1,Debit Card,Delivered,3323.78,5026.62,502.66200000000003,4523.958,3323.78,1200.1779999999994,26.52937980414494,4523.958,1200.1779999999994
ORD-101811,2025-06-06,Beauty,Face Serum,North,Jaipur,Loyal,1,869.63,0.0,Credit Card,Delivered,413.16,869.63,0.0,869.63,413.16,456.46999999999997,52.49013948460839,869.63,456.46999999999997
ORD-100989,2025-06-07,Home & Kitchen,Water Bottle,Central,Nagpur,Returning,3,723.72,0.05,Net Banking,Delivered,298.68,2171.16,108.55799999999999,2062.602,896.04,1166.562,56.55778477864367,2062.602,1166.562
ORD-103386,2025-06-07,Fashion,Denim Jacket,North,Delhi,New,4,2469.02,0.1,UPI,Cancelled,1430.69,9876.08,987.6080000000001,8888.472,5722.76,3165.7119999999995,35.61593038713515,0.0,0.0
ORD-101515,2025-06-07,Fashion,Sneakers,East,Kolkata,New,1,3013.95,0.05,Debit Card,Delivered,1788.71,3013.95,150.6975,2863.2524999999996,1788.71,1074.5424999999996,37.52873698704532,2863.2524999999996,1074.5424999999996
ORD-102100,2025-06-07,Fashion,Backpack,South,Kochi,Returning,3,1494.25,0.0,UPI,Delivered,865.95,4482.75,0.0,4482.75,2597.8500000000004,1884.8999999999996,42.0478500920194,4482.75,1884.8999999999996
ORD-103061,2025-06-08,Home & Kitchen,Water Bottle,North,Delhi,Returning,1,695.63,0.05,Credit Card,Delivered,307.24,695.63,34.7815,660.8485,307.24,353.60849999999994,53.50825491773076,660.8485,353.60849999999994
ORD-100508,2025-06-08,Beauty,Perfume,South,Bengaluru,Loyal,5,1923.84,0.0,Net Banking,Cancelled,1067.41,9619.199999999999,0.0,9619.199999999999,5337.05,4282.149999999999,44.516695775116425,0.0,0.0
ORD-101904,2025-06-08,Electronics,Wireless Headphones,South,Kochi,Returning,2,2488.53,0.1,Cash on Delivery,Delivered,1630.07,4977.06,497.7060000000001,4479.354,3260.14,1219.2140000000004,27.218523028097362,4479.354,1219.2140000000004
ORD-101563,2025-06-08,Home & Kitchen,Coffee Maker,East,Patna,New,2,3617.6,0.0,UPI,Delivered,2254.59,7235.2,0.0,7235.2,4509.18,2726.0199999999995,37.67718929677134,7235.2,2726.0199999999995
ORD-100925,2025-06-08,Home & Kitchen,Coffee Maker,North,Chandigarh,Loyal,1,3633.34,0.05,Debit Card,Delivered,2184.99,3633.34,181.66700000000003,3451.6730000000002,2184.99,1266.6830000000004,36.69765357262986,3451.6730000000002,1266.6830000000004
ORD-103333,2025-06-08,Fashion,Backpack,North,Lucknow,Returning,2,1494.16,0.15,UPI,Delivered,842.51,2988.32,448.248,2540.072,1685.02,855.0520000000001,33.66251035403721,2540.072,855.0520000000001
ORD-100617,2025-06-09,Electronics,Wireless Headphones,West,Mumbai,New,2,2467.96,0.0,UPI,Delivered,1709.09,4935.92,0.0,4935.92,3418.18,1517.7400000000002,30.748877615520513,4935.92,1517.7400000000002
ORD-101413,2025-06-09,Electronics,Power Bank,Central,Raipur,New,2,1355.63,0.05,Debit Card,Cancelled,798.11,2711.26,135.56300000000002,2575.697,1596.22,979.4770000000001,38.02764843846151,0.0,0.0
ORD-100483,2025-06-09,Electronics,USB-C Hub,East,Guwahati,Returning,1,967.8,0.1,Credit Card,Delivered,610.02,967.8,96.78,871.02,610.02,261.0,29.964868774540193,871.02,261.0
ORD-100568,2025-06-09,Beauty,Hair Care Combo,West,Ahmedabad,Returning,2,1303.78,0.1,Net Banking,Delivered,660.5,2607.56,260.75600000000003,2346.804,1321.0,1025.804,43.710680568125845,2346.804,1025.804
ORD-103431,2025-06-09,Home & Kitchen,Air Fryer,South,Chennai,New,3,4948.67,0.15,Debit Card,Delivered,3399.13,14846.01,2226.9015,12619.1085,10197.39,2421.718500000001,19.19088420548885,12619.1085,2421.718500000001
ORD-102237,2025-06-09,Electronics,Wireless Headphones,North,Delhi,Loyal,2,2617.86,0.05,Credit Card,Delivered,1655.1,5235.72,261.786,4973.934,3310.2,1663.7340000000004,33.44905662198172,4973.934,1663.7340000000004
ORD-102399,2025-06-10,Fashion,Backpack,West,Mumbai,New,1,1449.86,0.0,Credit Card,Delivered,846.28,1449.86,0.0,1449.86,846.28,603.5799999999999,41.63022636668367,1449.86,603.5799999999999
ORD-101818,2025-06-11,Fashion,Hoodie,South,Chennai,Returning,2,1822.87,0.1,UPI,Delivered,1035.37,3645.74,364.574,3281.1659999999997,2070.74,1210.426,36.89011772034698,3281.1659999999997,1210.426
ORD-103222,2025-06-11,Electronics,USB-C Hub,West,Mumbai,New,4,1001.14,0.1,UPI,Delivered,605.82,4004.56,400.456,3604.104,2423.28,1180.8239999999996,32.763316485872764,3604.104,1180.8239999999996
ORD-101942,2025-06-11,Home & Kitchen,Water Bottle,Central,Indore,Returning,1,681.84,0.1,UPI,Cancelled,301.42,681.84,68.18400000000001,613.6560000000001,301.42,312.23600000000005,50.88127550288761,0.0,0.0
ORD-100696,2025-06-11,Home & Kitchen,Coffee Maker,South,Chennai,Loyal,2,3629.8,0.0,Debit Card,Delivered,2181.11,7259.6,0.0,7259.6,4362.22,2897.38,39.911014380957624,7259.6,2897.38
ORD-101852,2025-06-11,Electronics,USB-C Hub,North,Delhi,New,2,999.95,0.1,Credit Card,Delivered,609.28,1999.9,199.99,1799.91,1218.56,581.3500000000001,32.29883716408043,1799.91,581.3500000000001
ORD-101660,2025-06-11,Electronics,Power Bank,North,Jaipur,Returning,4,1260.67,0.15,Debit Card,Delivered,822.47,5042.68,756.402,4286.278,3289.88,996.3980000000001,23.2462290126772,4286.278,996.3980000000001
ORD-103391,2025-06-11,Home & Kitchen,Water Bottle,North,Chandigarh,New,3,681.19,0.0,UPI,Delivered,296.76,2043.5700000000002,0.0,2043.5700000000002,890.28,1153.2900000000002,56.43506217061319,2043.5700000000002,1153.2900000000002
ORD-102126,2025-06-12,Fashion,Denim Jacket,East,Kolkata,New,1,2427.57,0.1,Credit Card,Delivered,1448.15,2427.57,242.75700000000003,2184.813,1448.15,736.663,33.717439433031565,2184.813,736.663
ORD-103306,2025-06-12,Electronics,Bluetooth Speaker,North,Jaipur,New,3,1869.95,0.05,UPI,Delivered,1187.63,5609.85,280.4925,5329.3575,3562.8900000000003,1766.4674999999997,33.145974913486285,5329.3575,1766.4674999999997
ORD-100919,2025-06-12,Home & Kitchen,Coffee Maker,North,Lucknow,New,2,3626.84,0.0,Credit Card,Delivered,2186.38,7253.68,0.0,7253.68,4372.76,2880.92,39.71666795336988,7253.68,2880.92
ORD-101562,2025-06-12,Sports,Running Shoes,Central,Raipur,New,3,3630.75,0.15,UPI,Delivered,2172.44,10892.25,1633.8374999999999,9258.4125,6517.32,2741.0925000000007,29.606506515020804,9258.4125,2741.0925000000007
ORD-101307,2025-06-12,Home & Kitchen,Water Bottle,South,Hyderabad,New,1,700.64,0.1,UPI,Returned,304.41,700.64,70.06400000000001,630.576,304.41,326.166,51.72508944203395,0.0,0.0
ORD-103319,2025-06-13,Electronics,Smart Watch,North,Delhi,Returning,2,4197.46,0.0,UPI,Delivered,2633.84,8394.92,0.0,8394.92,5267.68,3127.24,37.25157595307638,8394.92,3127.24
ORD-100346,2025-06-13,Fashion,T-Shirt,North,Lucknow,Loyal,2,831.44,0.0,Credit Card,Delivered,421.94,1662.88,0.0,1662.88,843.88,819.0000000000001,49.25190031752141,1662.88,819.0000000000001
ORD-101425,2025-06-13,Home & Kitchen,Coffee Maker,Central,Bhopal,New,2,3441.88,0.15,Credit Card,Delivered,2244.11,6883.76,1032.564,5851.196,4488.22,1362.9759999999997,23.29397271942351,5851.196,1362.9759999999997
ORD-102346,2025-06-14,Fashion,Sneakers,South,Chennai,Returning,3,3072.07,0.0,UPI,Delivered,1849.63,9216.210000000001,0.0,9216.210000000001,5548.89,3667.3200000000006,39.79206202983656,9216.210000000001,3667.3200000000006
ORD-103468,2025-06-14,Electronics,Power Bank,North,Chandigarh,Loyal,2,1306.26,0.1,Cash on Delivery,Delivered,821.04,2612.52,261.252,2351.268,1642.08,709.1880000000001,30.161938154221467,2351.268,709.1880000000001
ORD-102188,2025-06-14,Home & Kitchen,Storage Box Set,West,Surat,Returning,4,1022.51,0.05,Net Banking,Delivered,532.8,4090.04,204.502,3885.538,2131.2,1754.3380000000002,45.15045278157105,3885.538,1754.3380000000002
ORD-100933,2025-06-14,Electronics,Smart Watch,North,Lucknow,New,1,4105.03,0.0,Net Banking,Delivered,2695.8,4105.03,0.0,4105.03,2695.8,1409.2299999999996,34.329347166768564,4105.03,1409.2299999999996
ORD-102421,2025-06-14,Sports,Resistance Bands,North,Lucknow,Returning,2,733.67,0.05,Credit Card,Delivered,300.5,1467.34,73.367,1393.973,601.0,792.973,56.8858220352905,1393.973,792.973
ORD-102079,2025-06-14,Sports,Dumbbell Set,East,Bhubaneswar,Returning,5,2469.26,0.05,UPI,Delivered,1498.19,12346.300000000001,617.315,11728.985,7490.950000000001,4238.035,36.1330072465776,11728.985,4238.035
ORD-102608,2025-06-14,Fashion,Sneakers,West,Ahmedabad,New,3,2939.85,0.0,Credit Card,Delivered,1826.71,8819.55,0.0,8819.55,5480.13,3339.419999999999,37.86383659030222,8819.55,3339.419999999999
ORD-101804,2025-06-15,Home & Kitchen,Water Bottle,North,Delhi,New,5,714.15,0.0,Debit Card,Delivered,307.32,3570.75,0.0,3570.75,1536.6,2034.15,56.96702373450956,3570.75,2034.15
ORD-101179,2025-06-15,Fashion,Sneakers,North,Lucknow,Returning,2,3122.29,0.2,Cash on Delivery,Delivered,1841.69,6244.58,1248.9160000000002,4995.664,3683.38,1312.2839999999997,26.268460008519384,4995.664,1312.2839999999997
ORD-102418,2025-06-15,Fashion,Sneakers,West,Pune,Returning,1,2950.41,0.0,Debit Card,Delivered,1808.57,2950.41,0.0,2950.41,1808.57,1141.84,38.7010618863141,2950.41,1141.84
ORD-100211,2025-06-16,Home & Kitchen,Storage Box Set,West,Pune,New,3,967.57,0.1,Net Banking,Delivered,535.41,2902.71,290.271,2612.439,1606.23,1006.2089999999998,38.51607635623262,2612.439,1006.2089999999998
ORD-102895,2025-06-16,Electronics,Wireless Headphones,North,Delhi,New,3,2438.42,0.0,Credit Card,Cancelled,1610.79,7315.26,0.0,7315.26,4832.37,2482.8900000000003,33.941240639430454,0.0,0.0
ORD-101502,2025-06-16,Home & Kitchen,Coffee Maker,South,Bengaluru,Returning,2,3591.72,0.0,UPI,Delivered,2180.26,7183.44,0.0,7183.44,4360.52,2822.919999999999,39.29760671767286,7183.44,2822.919999999999
ORD-101297,2025-06-17,Fashion,Denim Jacket,North,Lucknow,New,2,2430.33,0.0,Debit Card,Delivered,1406.64,4860.66,0.0,4860.66,2813.28,2047.3799999999997,42.1214402982311,4860.66,2047.3799999999997
ORD-100380,2025-06-17,Electronics,Smart Watch,South,Chennai,Returning,5,3866.36,0.15,Debit Card,Delivered,2743.09,19331.8,2899.77,16432.03,13715.45,2716.579999999998,16.532223955287314,16432.03,2716.579999999998
ORD-103200,2025-06-18,Home & Kitchen,Air Fryer,North,Lucknow,Returning,2,5121.28,0.05,UPI,Delivered,3247.26,10242.56,512.128,9730.431999999999,6494.52,3235.9119999999984,33.255584130283204,9730.431999999999,3235.9119999999984
ORD-100209,2025-06-18,Beauty,Skin Care Kit,South,Kochi,Loyal,3,1678.63,0.0,UPI,Delivered,843.37,5035.89,0.0,5035.89,2530.11,2505.78,49.75843396102774,5035.89,2505.78
ORD-103216,2025-06-18,Electronics,Smart Watch,East,Patna,Returning,2,4084.3,0.0,Credit Card,Delivered,2745.47,8168.6,0.0,8168.6,5490.94,2677.6600000000008,32.779913326641044,8168.6,2677.6600000000008
ORD-101459,2025-06-18,Electronics,Smart Watch,South,Kochi,Loyal,2,4033.6,0.0,Cash on Delivery,Delivered,2746.8,8067.2,0.0,8067.2,5493.6,2573.5999999999995,31.902023006743352,8067.2,2573.5999999999995
ORD-102492,2025-06-18,Beauty,Perfume,North,Delhi,New,1,2007.1,0.15,Net Banking,Cancelled,1121.59,2007.1,301.065,1706.0349999999999,1121.59,584.4449999999999,34.25750350959974,0.0,0.0
ORD-101882,2025-06-18,Sports,Yoga Mat,Central,Nagpur,New,4,1024.91,0.05,UPI,Delivered,491.57,4099.64,204.98200000000003,3894.6580000000004,1966.28,1928.3780000000004,49.51341042011905,3894.6580000000004,1928.3780000000004
ORD-101261,2025-06-19,Fashion,Denim Jacket,South,Kochi,New,2,2449.49,0.0,UPI,Delivered,1458.52,4898.98,0.0,4898.98,2917.04,1981.9399999999996,40.456176591861976,4898.98,1981.9399999999996
ORD-103302,2025-06-19,Fashion,Backpack,West,Pune,Returning,1,1554.58,0.2,Cash on Delivery,Delivered,835.42,1554.58,310.916,1243.664,835.42,408.244,32.8259079622792,1243.664,408.244
ORD-101621,2025-06-19,Sports,Sports Bag,West,Ahmedabad,Loyal,4,1578.73,0.1,Credit Card,Delivered,872.4,6314.92,631.4920000000001,5683.428,3489.6,2193.828,38.6004362156079,5683.428,2193.828
ORD-100206,2025-06-19,Sports,Yoga Mat,South,Chennai,New,2,980.16,0.0,Credit Card,Delivered,485.36,1960.32,0.0,1960.32,970.72,989.5999999999999,50.48155403199477,1960.32,989.5999999999999
ORD-101701,2025-06-19,Home & Kitchen,Water Bottle,East,Kolkata,New,2,706.42,0.05,Debit Card,Delivered,294.51,1412.84,70.642,1342.1979999999999,589.02,753.1779999999999,56.115267643075015,1342.1979999999999,753.1779999999999
ORD-102301,2025-06-20,Sports,Running Shoes,Central,Indore,Returning,4,3459.05,0.1,Debit Card,Delivered,2081.4,13836.2,1383.6200000000001,12452.58,8325.6,4126.98,33.1415658441865,12452.58,4126.98
ORD-100618,2025-06-20,Fashion,Sneakers,North,Delhi,Loyal,2,2957.57,0.05,Credit Card,Delivered,1782.93,5915.14,295.757,5619.383000000001,3565.86,2053.5230000000006,36.54356714963191,5619.383000000001,2053.5230000000006
ORD-100292,2025-06-20,Beauty,Perfume,East,Patna,New,1,1966.05,0.0,Debit Card,Delivered,1073.43,1966.05,0.0,1966.05,1073.43,892.6199999999999,45.40169375143053,1966.05,892.6199999999999
ORD-101429,2025-06-20,Electronics,Bluetooth Speaker,South,Bengaluru,Returning,1,1934.41,0.0,Net Banking,Delivered,1173.44,1934.41,0.0,1934.41,1173.44,760.97,39.33860970528482,1934.41,760.97
ORD-101673,2025-06-20,Home & Kitchen,Coffee Maker,Central,Raipur,Returning,1,3581.54,0.15,Debit Card,Delivered,2210.79,3581.54,537.231,3044.309,2210.79,833.5190000000002,27.379579405375743,3044.309,833.5190000000002
ORD-102333,2025-06-21,Beauty,Face Serum,West,Pune,Returning,2,938.2,0.05,UPI,Delivered,427.1,1876.4,93.82000000000001,1782.5800000000002,854.2,928.3800000000001,52.0806920306522,1782.5800000000002,928.3800000000001
ORD-103168,2025-06-21,Home & Kitchen,Coffee Maker,North,Lucknow,Loyal,3,3597.02,0.1,UPI,Delivered,2228.33,10791.06,1079.106,9711.954,6684.99,3026.964,31.167404623209706,9711.954,3026.964
ORD-100509,2025-06-21,Electronics,Power Bank,East,Patna,Returning,2,1252.47,0.05,Credit Card,Delivered,826.93,2504.94,125.24700000000001,2379.693,1653.86,725.8330000000003,30.501119262022463,2379.693,725.8330000000003
ORD-101123,2025-06-21,Electronics,Smart Watch,West,Pune,New,1,4047.4,0.0,Credit Card,Delivered,2788.0,4047.4,0.0,4047.4,2788.0,1259.4,31.11627217472946,4047.4,1259.4
ORD-101011,2025-06-21,Home & Kitchen,Air Fryer,South,Hyderabad,New,1,4972.85,0.05,Cash on Delivery,Returned,3279.98,4972.85,248.64250000000004,4724.2075,3279.98,1444.2275000000004,30.570788857178698,0.0,0.0
ORD-102430,2025-06-22,Sports,Dumbbell Set,North,Lucknow,Returning,1,2565.63,0.1,Debit Card,Delivered,1487.68,2565.63,256.56300000000005,2309.067,1487.68,821.387,35.57224627955794,2309.067,821.387
ORD-102658,2025-06-22,Fashion,T-Shirt,West,Ahmedabad,Loyal,1,784.17,0.0,Credit Card,Delivered,444.07,784.17,0.0,784.17,444.07,340.09999999999997,43.37069768034992,784.17,340.09999999999997
ORD-100744,2025-06-22,Sports,Resistance Bands,North,Lucknow,New,1,705.01,0.1,UPI,Delivered,300.55,705.01,70.501,634.509,300.55,333.959,52.632665572907555,634.509,333.959
ORD-102238,2025-06-22,Fashion,Hoodie,West,Mumbai,Loyal,2,1828.11,0.05,Debit Card,Delivered,1029.48,3656.22,182.811,3473.4089999999997,2058.96,1414.4489999999996,40.7222126734859,3473.4089999999997,1414.4489999999996
ORD-100890,2025-06-22,Electronics,Bluetooth Speaker,South,Bengaluru,Returning,1,1943.36,0.0,UPI,Delivered,1165.35,1943.36,0.0,1943.36,1165.35,778.01,40.03427054174214,1943.36,778.01
ORD-100779,2025-06-22,Beauty,Hair Care Combo,North,Lucknow,New,1,1352.8,0.0,Net Banking,Delivered,662.53,1352.8,0.0,1352.8,662.53,690.27,51.0252808988764,1352.8,690.27
ORD-102577,2025-06-22,Electronics,Power Bank,South,Bengaluru,Returning,2,1260.0,0.2,Credit Card,Delivered,830.46,2520.0,504.0,2016.0,1660.92,355.0799999999999,17.613095238095234,2016.0,355.0799999999999
ORD-100216,2025-06-23,Electronics,Wireless Headphones,East,Bhubaneswar,New,1,2435.69,0.0,Credit Card,Delivered,1676.6,2435.69,0.0,2435.69,1676.6,759.0900000000001,31.165296076265868,2435.69,759.0900000000001
ORD-103032,2025-06-23,Sports,Running Shoes,North,Chandigarh,Returning,2,3458.47,0.0,Cash on Delivery,Delivered,2069.95,6916.94,0.0,6916.94,4139.9,2777.04,40.14838931666315,6916.94,2777.04
ORD-103304,2025-06-24,Electronics,USB-C Hub,Central,Bhopal,New,1,990.61,0.05,Cash on Delivery,Delivered,605.9,990.61,49.5305,941.0795,605.9,335.1795000000001,35.61649148663849,941.0795,335.1795000000001
ORD-103100,2025-06-24,Beauty,Skin Care Kit,South,Hyderabad,New,2,1658.74,0.1,UPI,Delivered,854.12,3317.48,331.74800000000005,2985.732,1708.24,1277.492,42.78655954385725,2985.732,1277.492
ORD-103060,2025-06-24,Home & Kitchen,Air Fryer,South,Bengaluru,Returning,3,5049.48,0.15,Net Banking,Delivered,3362.78,15148.439999999999,2272.2659999999996,12876.173999999999,10088.34,2787.833999999999,21.651105367168842,12876.173999999999,2787.833999999999
ORD-101640,2025-06-24,Electronics,Smart Watch,East,Guwahati,Returning,1,4054.17,0.0,Net Banking,Delivered,2697.47,4054.17,0.0,4054.17,2697.47,1356.7000000000003,33.46430958741247,4054.17,1356.7000000000003
ORD-100505,2025-06-24,Sports,Dumbbell Set,North,Delhi,New,1,2602.12,0.0,UPI,Delivered,1479.86,2602.12,0.0,2602.12,1479.86,1122.26,43.128679691943496,2602.12,1122.26
ORD-102106,2025-06-25,Electronics,Power Bank,Central,Nagpur,Returning,4,1248.08,0.15,Credit Card,Delivered,784.86,4992.32,748.848,4243.472,3139.44,1104.0319999999997,26.017185926995623,4243.472,1104.0319999999997
ORD-100281,2025-06-25,Electronics,Bluetooth Speaker,South,Bengaluru,New,1,1985.85,0.0,Net Banking,Delivered,1221.46,1985.85,0.0,1985.85,1221.46,764.3899999999999,38.491829695092775,1985.85,764.3899999999999
ORD-101491,2025-06-25,Sports,Yoga Mat,East,Patna,New,1,1018.87,0.05,Net Banking,Delivered,497.66,1018.87,50.9435,967.9265,497.66,470.2665,48.58493904237564,967.9265,470.2665
ORD-101322,2025-06-25,Sports,Resistance Bands,West,Mumbai,Loyal,4,704.37,0.0,Net Banking,Delivered,292.33,2817.48,0.0,2817.48,1169.32,1648.16,58.49766457969533,2817.48,1648.16
ORD-103307,2025-06-25,Home & Kitchen,Water Bottle,North,Chandigarh,New,3,675.78,0.15,UPI,Delivered,305.93,2027.34,304.101,1723.239,917.79,805.4490000000001,46.74041151575609,1723.239,805.4490000000001
ORD-103083,2025-06-26,Home & Kitchen,Coffee Maker,West,Surat,Returning,2,3417.91,0.0,Credit Card,Delivered,2250.74,6835.82,0.0,6835.82,4501.48,2334.34,34.148646395019185,6835.82,2334.34
ORD-102955,2025-06-26,Electronics,Wireless Headphones,North,Chandigarh,Returning,4,2444.96,0.05,Debit Card,Delivered,1696.14,9779.84,488.992,9290.848,6784.56,2506.2879999999996,26.975879919680096,9290.848,2506.2879999999996
ORD-100111,2025-06-26,Home & Kitchen,Water Bottle,North,Jaipur,Loyal,1,720.85,0.0,Cash on Delivery,Delivered,294.51,720.85,0.0,720.85,294.51,426.34000000000003,59.144066033155305,720.85,426.34000000000003
ORD-100143,2025-06-26,Home & Kitchen,Air Fryer,North,Jaipur,New,1,5245.52,0.0,UPI,Delivered,3363.77,5245.52,0.0,5245.52,3363.77,1881.7500000000005,35.873469169882114,5245.52,1881.7500000000005
ORD-100039,2025-06-26,Sports,Running Shoes,South,Hyderabad,Returning,1,3558.57,0.05,Credit Card,Delivered,2171.54,3558.57,177.9285,3380.6415,2171.54,1209.1015000000002,35.765445700172585,3380.6415,1209.1015000000002
ORD-103212,2025-06-26,Electronics,Bluetooth Speaker,Central,Nagpur,Returning,1,1987.62,0.0,Net Banking,Delivered,1181.34,1987.62,0.0,1987.62,1181.34,806.28,40.5650979563498,1987.62,806.28
ORD-101794,2025-06-27,Electronics,Bluetooth Speaker,North,Jaipur,New,3,1876.02,0.0,Credit Card,Delivered,1228.56,5628.0599999999995,0.0,5628.0599999999995,3685.68,1942.3799999999997,34.512425240669074,5628.0599999999995,1942.3799999999997
ORD-102045,2025-06-27,Home & Kitchen,Coffee Maker,East,Bhubaneswar,Loyal,5,3442.04,0.0,Debit Card,Delivered,2135.27,17210.2,0.0,17210.2,10676.35,6533.85,37.96498588046624,17210.2,6533.85
ORD-101192,2025-06-27,Electronics,Wireless Headphones,East,Patna,Returning,1,2556.64,0.1,Credit Card,Delivered,1653.11,2556.64,255.664,2300.9759999999997,1653.11,647.8659999999998,28.156138960162984,2300.9759999999997,647.8659999999998
ORD-100950,2025-06-27,Sports,Sports Bag,North,Lucknow,New,1,1570.85,0.1,UPI,Delivered,862.36,1570.85,157.085,1413.7649999999999,862.36,551.4049999999999,39.0025923686044,1413.7649999999999,551.4049999999999
ORD-100399,2025-06-28,Beauty,Hair Dryer,West,Mumbai,New,2,2223.93,0.05,Debit Card,Delivered,1319.98,4447.86,222.393,4225.467,2639.96,1585.5069999999996,37.522645425937526,4225.467,1585.5069999999996
ORD-102849,2025-06-28,Fashion,Hoodie,North,Delhi,Loyal,1,1820.13,0.1,Debit Card,Delivered,1034.13,1820.13,182.01300000000003,1638.1170000000002,1034.13,603.9870000000001,36.8708095941865,1638.1170000000002,603.9870000000001
ORD-100413,2025-06-28,Fashion,Backpack,East,Kolkata,New,2,1489.66,0.0,UPI,Delivered,866.53,2979.32,0.0,2979.32,1733.06,1246.2600000000002,41.83035054978989,2979.32,1246.2600000000002
ORD-102109,2025-06-28,Home & Kitchen,Mixer Grinder,South,Kochi,New,3,3030.61,0.1,Debit Card,Delivered,1834.33,9091.83,909.183,8182.647,5502.99,2679.657,32.74804595627796,8182.647,2679.657
ORD-101551,2025-06-29,Sports,Sports Bag,West,Ahmedabad,New,2,1625.63,0.0,Net Banking,Delivered,847.64,3251.26,0.0,3251.26,1695.28,1555.9800000000002,47.85775360936991,3251.26,1555.9800000000002
ORD-101028,2025-06-29,Home & Kitchen,Coffee Maker,South,Kochi,Loyal,1,3673.67,0.1,UPI,Cancelled,2171.55,3673.67,367.367,3306.303,2171.55,1134.7529999999997,34.32090162335393,0.0,0.0
ORD-102111,2025-06-29,Fashion,Backpack,East,Guwahati,Returning,1,1453.63,0.0,Net Banking,Delivered,851.1,1453.63,0.0,1453.63,851.1,602.5300000000001,41.45002510955333,1453.63,602.5300000000001
ORD-100314,2025-06-29,Electronics,Bluetooth Speaker,North,Chandigarh,New,1,1895.56,0.2,Cash on Delivery,Delivered,1208.82,1895.56,379.112,1516.4479999999999,1208.82,307.62799999999993,20.28608959885205,1516.4479999999999,307.62799999999993
ORD-102000,2025-06-29,Electronics,USB-C Hub,West,Pune,Loyal,3,983.19,0.1,Credit Card,Delivered,610.32,2949.57,294.95700000000005,2654.6130000000003,1830.96,823.6530000000002,31.027234478245987,2654.6130000000003,823.6530000000002
ORD-100152,2025-06-29,Electronics,Smart Watch,Central,Bhopal,New,3,4022.41,0.0,Credit Card,Delivered,2640.1,12067.23,0.0,12067.23,7920.299999999999,4146.93,34.3652188613294,12067.23,4146.93
ORD-102311,2025-06-29,Sports,Sports Bag,East,Kolkata,New,1,1668.18,0.15,Net Banking,Delivered,852.36,1668.18,250.227,1417.953,852.36,565.593,39.88799346663817,1417.953,565.593
ORD-101999,2025-06-29,Fashion,Denim Jacket,West,Surat,Loyal,1,2406.02,0.1,Debit Card,Cancelled,1490.14,2406.02,240.602,2165.418,1490.14,675.278,31.184648876106134,0.0,0.0
ORD-102979,2025-06-30,Home & Kitchen,Coffee Maker,North,Jaipur,Returning,5,3373.84,0.0,Credit Card,Delivered,2175.57,16869.2,0.0,16869.2,10877.85,5991.35,35.516503450074694,16869.2,5991.35
ORD-101917,2025-06-30,Electronics,Wireless Headphones,South,Kochi,Returning,3,2551.11,0.05,UPI,Delivered,1671.64,7653.33,382.66650000000004,7270.6635,5014.92,2255.7434999999996,31.025277129109323,7270.6635,2255.7434999999996
ORD-102110,2025-06-30,Electronics,Wireless Headphones,East,Bhubaneswar,Loyal,2,2476.23,0.1,Debit Card,Delivered,1651.64,4952.46,495.24600000000004,4457.214,3303.28,1153.9339999999997,25.889131641424434,4457.214,1153.9339999999997
ORD-100573,2025-06-30,Fashion,T-Shirt,East,Guwahati,New,3,778.03,0.15,UPI,Delivered,432.33,2334.09,350.1135,1983.9765000000002,1296.99,686.9865000000002,34.62674583091081,1983.9765000000002,686.9865000000002
ORD-101410,2025-06-30,Fashion,Hoodie,North,Chandigarh,Returning,1,1763.95,0.2,Credit Card,Delivered,1004.6,1763.95,352.79,1411.16,1004.6,406.56000000000006,28.81034042915049,1411.16,406.56000000000006
ORD-102871,2025-06-30,Electronics,USB-C Hub,South,Hyderabad,New,2,969.28,0.1,Debit Card,Delivered,589.02,1938.56,193.856,1744.704,1178.04,566.664,32.479091009133924,1744.704,566.664
ORD-102787,2025-06-30,Home & Kitchen,Air Fryer,West,Mumbai,New,1,5038.58,0.1,UPI,Delivered,3299.42,5038.58,503.858,4534.722,3299.42,1235.3019999999997,27.240964275208047,4534.722,1235.3019999999997
ORD-103039,2025-06-30,Electronics,USB-C Hub,East,Patna,New,3,1034.46,0.2,Cash on Delivery,Delivered,587.0,3103.38,620.676,2482.704,1761.0,721.7040000000002,29.0692728573362,2482.704,721.7040000000002
ORD-102706,2025-07-01,Fashion,T-Shirt,South,Hyderabad,New,3,778.77,0.2,UPI,Delivered,437.61,2336.31,467.262,1869.048,1312.83,556.2180000000001,29.759428329288497,1869.048,556.2180000000001
ORD-100814,2025-07-01,Home & Kitchen,Storage Box Set,East,Bhubaneswar,New,5,1020.11,0.05,Debit Card,Delivered,537.66,5100.55,255.02750000000003,4845.5225,2688.2999999999997,2157.2225000000003,44.5199150349627,4845.5225,2157.2225000000003
ORD-103420,2025-07-01,Fashion,Sneakers,South,Hyderabad,Returning,2,2980.11,0.0,Credit Card,Delivered,1755.64,5960.22,0.0,5960.22,3511.28,2448.94,41.088080641318605,5960.22,2448.94
ORD-101209,2025-07-01,Electronics,Bluetooth Speaker,South,Bengaluru,New,1,1958.57,0.1,Credit Card,Delivered,1238.22,1958.57,195.857,1762.713,1238.22,524.4929999999999,29.754872177149654,1762.713,524.4929999999999
ORD-100299,2025-07-01,Electronics,Power Bank,North,Delhi,New,1,1282.78,0.1,Debit Card,Delivered,788.02,1282.78,128.278,1154.502,788.02,366.48199999999997,31.74373019708931,1154.502,366.48199999999997
ORD-101382,2025-07-01,Sports,Yoga Mat,East,Patna,New,4,997.43,0.05,UPI,Delivered,516.26,3989.72,199.486,3790.234,2065.04,1725.194,45.5168203335203,3790.234,1725.194
ORD-100534,2025-07-01,Home & Kitchen,Coffee Maker,West,Pune,New,5,3359.44,0.1,Net Banking,Delivered,2137.59,16797.2,1679.7200000000003,15117.48,10687.95,4429.529999999999,29.300716786131016,15117.48,4429.529999999999
ORD-102219,2025-07-02,Fashion,Hoodie,East,Bhubaneswar,New,1,1729.08,0.0,UPI,Delivered,1012.26,1729.08,0.0,1729.08,1012.26,716.8199999999999,41.456728433617876,1729.08,716.8199999999999
ORD-100450,2025-07-02,Home & Kitchen,Air Fryer,North,Lucknow,Loyal,2,4870.98,0.0,Debit Card,Delivered,3291.62,9741.96,0.0,9741.96,6583.24,3158.7199999999993,32.423865423385024,9741.96,3158.7199999999993
ORD-102193,2025-07-02,Electronics,Smart Watch,East,Patna,Loyal,3,4028.71,0.0,Credit Card,Delivered,2737.47,12086.130000000001,0.0,12086.130000000001,8212.41,3873.720000000001,32.050954275686266,12086.130000000001,3873.720000000001
ORD-102812,2025-07-02,Electronics,Wireless Headphones,West,Pune,Returning,1,2602.53,0.05,UPI,Delivered,1649.35,2602.53,130.12650000000002,2472.4035000000003,1649.35,823.0535000000004,33.2896106966359,2472.4035000000003,823.0535000000004
ORD-100096,2025-07-03,Home & Kitchen,Water Bottle,North,Lucknow,New,5,694.17,0.0,UPI,Cancelled,303.61,3470.85,0.0,3470.85,1518.0500000000002,1952.7999999999997,56.262875088234864,0.0,0.0
ORD-101993,2025-07-03,Sports,Running Shoes,West,Surat,Returning,3,3431.25,0.1,UPI,Delivered,2085.59,10293.75,1029.375,9264.375,6256.77,3007.6049999999996,32.46419753086419,9264.375,3007.6049999999996
ORD-100660,2025-07-03,Sports,Resistance Bands,Central,Bhopal,Returning,2,675.19,0.15,UPI,Delivered,299.35,1350.38,202.55700000000002,1147.823,598.7,549.123,47.840390025291356,1147.823,549.123
ORD-102419,2025-07-03,Home & Kitchen,Mixer Grinder,West,Pune,Loyal,2,2966.63,0.1,Debit Card,Delivered,1914.73,5933.26,593.326,5339.934,3829.46,1510.4740000000002,28.28637956948532,5339.934,1510.4740000000002
ORD-103368,2025-07-03,Beauty,Perfume,East,Bhubaneswar,Loyal,4,2084.36,0.0,Credit Card,Delivered,1139.03,8337.44,0.0,8337.44,4556.12,3781.3200000000006,45.353489800226455,8337.44,3781.3200000000006
ORD-101230,2025-07-03,Sports,Running Shoes,West,Surat,Returning,4,3384.95,0.2,Credit Card,Delivered,2183.61,13539.8,2707.96,10831.84,8734.44,2097.3999999999996,19.3632845389149,10831.84,2097.3999999999996
ORD-100481,2025-07-03,Fashion,T-Shirt,East,Kolkata,New,2,818.68,0.05,Debit Card,Delivered,418.67,1637.36,81.868,1555.492,837.34,718.1519999999999,46.16880061099639,1555.492,718.1519999999999
ORD-100855,2025-07-03,Electronics,Smart Watch,South,Chennai,Returning,1,3964.29,0.1,Net Banking,Delivered,2746.9,3964.29,396.42900000000003,3567.861,2746.9,820.9609999999998,23.009893042357866,3567.861,820.9609999999998
ORD-102229,2025-07-04,Fashion,Sneakers,West,Ahmedabad,Returning,1,3084.48,0.0,Cash on Delivery,Cancelled,1844.43,3084.48,0.0,3084.48,1844.43,1240.05,40.202886710239646,0.0,0.0
ORD-102398,2025-07-04,Home & Kitchen,Air Fryer,North,Lucknow,Returning,2,5162.74,0.0,Debit Card,Delivered,3416.31,10325.48,0.0,10325.48,6832.62,3492.8599999999997,33.82757992848758,10325.48,3492.8599999999997
ORD-103389,2025-07-04,Electronics,Power Bank,West,Ahmedabad,Returning,2,1286.11,0.0,Debit Card,Delivered,805.49,2572.22,0.0,2572.22,1610.98,961.2399999999998,37.37005388341588,2572.22,961.2399999999998
ORD-100841,2025-07-04,Beauty,Hair Dryer,South,Hyderabad,Loyal,2,2261.99,0.0,Net Banking,Delivered,1279.82,4523.98,0.0,4523.98,2559.64,1964.3399999999997,43.420616359930854,4523.98,1964.3399999999997
ORD-102041,2025-07-04,Electronics,Bluetooth Speaker,West,Surat,New,1,1967.62,0.15,Net Banking,Delivered,1236.44,1967.62,295.143,1672.4769999999999,1236.44,436.0369999999998,26.071330128904602,1672.4769999999999,436.0369999999998
ORD-102807,2025-07-04,Beauty,Hair Care Combo,West,Pune,Returning,1,1269.82,0.0,Credit Card,Delivered,663.96,1269.82,0.0,1269.82,663.96,605.8599999999999,47.712274180592516,1269.82,605.8599999999999
ORD-102541,2025-07-04,Electronics,USB-C Hub,North,Delhi,New,1,1007.36,0.0,Debit Card,Delivered,583.49,1007.36,0.0,1007.36,583.49,423.87,42.07731099110546,1007.36,423.87
ORD-102186,2025-07-04,Electronics,USB-C Hub,North,Jaipur,New,2,990.52,0.0,Debit Card,Delivered,576.01,1981.04,0.0,1981.04,1152.02,829.02,41.847716351007556,1981.04,829.02
ORD-103294,2025-07-04,Fashion,T-Shirt,South,Kochi,New,4,775.03,0.1,UPI,Delivered,436.78,3100.12,310.012,2790.1079999999997,1747.12,1042.9879999999998,37.381635406228,2790.1079999999997,1042.9879999999998
ORD-100495,2025-07-04,Fashion,Denim Jacket,North,Chandigarh,Loyal,2,2448.58,0.0,UPI,Delivered,1413.08,4897.16,0.0,4897.16,2826.16,2071.0,42.28981695513318,4897.16,2071.0
ORD-103042,2025-07-05,Electronics,Bluetooth Speaker,Central,Nagpur,New,2,1894.93,0.0,Net Banking,Delivered,1179.16,3789.86,0.0,3789.86,2358.32,1431.54,37.7728992627696,3789.86,1431.54
ORD-102197,2025-07-05,Electronics,Bluetooth Speaker,West,Mumbai,Loyal,2,1843.48,0.1,Credit Card,Delivered,1181.38,3686.96,368.696,3318.264,2362.76,955.5039999999999,28.79529778221383,3318.264,955.5039999999999
ORD-101483,2025-07-05,Home & Kitchen,Storage Box Set,North,Delhi,New,1,986.95,0.0,UPI,Delivered,520.06,986.95,0.0,986.95,520.06,466.8900000000001,47.30634783930291,986.95,466.8900000000001
ORD-100342,2025-07-05,Sports,Sports Bag,West,Pune,New,1,1544.16,0.05,Debit Card,Delivered,880.35,1544.16,77.20800000000001,1466.952,880.35,586.602,39.98781146213373,1466.952,586.602
ORD-101561,2025-07-05,Sports,Running Shoes,South,Bengaluru,New,3,3373.47,0.1,Credit Card,Delivered,2060.31,10120.41,1012.041,9108.369,6180.93,2927.4390000000003,32.140101043337175,9108.369,2927.4390000000003
ORD-102583,2025-07-05,Electronics,Smart Watch,West,Ahmedabad,New,3,3965.2,0.05,UPI,Delivered,2631.8,11895.599999999999,594.78,11300.819999999998,7895.400000000001,3405.4199999999973,30.13427344210418,11300.819999999998,3405.4199999999973
ORD-101114,2025-07-06,Electronics,Smart Watch,North,Delhi,Returning,1,3953.68,0.0,Debit Card,Delivered,2760.91,3953.68,0.0,3953.68,2760.91,1192.77,30.168602415977013,3953.68,1192.77
ORD-101451,2025-07-07,Beauty,Hair Care Combo,West,Ahmedabad,Returning,1,1305.55,0.0,UPI,Delivered,664.44,1305.55,0.0,1305.55,664.44,641.1099999999999,49.1065068361993,1305.55,641.1099999999999
ORD-100154,2025-07-07,Electronics,Bluetooth Speaker,Central,Nagpur,Returning,1,1938.79,0.1,Net Banking,Delivered,1169.08,1938.79,193.87900000000002,1744.911,1169.08,575.8310000000001,33.000594299651965,1744.911,575.8310000000001
ORD-103437,2025-07-07,Electronics,Wireless Headphones,North,Lucknow,Returning,3,2563.54,0.0,Cash on Delivery,Delivered,1604.93,7690.62,0.0,7690.62,4814.79,2875.83,37.39399424233677,7690.62,2875.83
ORD-100271,2025-07-08,Home & Kitchen,Coffee Maker,West,Surat,Returning,2,3626.94,0.05,Debit Card,Delivered,2137.67,7253.88,362.694,6891.186,4275.34,2615.8459999999995,37.95930047454821,6891.186,2615.8459999999995
ORD-101820,2025-07-08,Fashion,Hoodie,South,Bengaluru,Loyal,1,1876.27,0.15,Credit Card,Delivered,998.46,1876.27,281.4405,1594.8295,998.46,596.3695,37.393934586737956,1594.8295,596.3695
ORD-100796,2025-07-08,Fashion,Denim Jacket,West,Ahmedabad,Returning,2,2545.0,0.0,Cash on Delivery,Cancelled,1466.56,5090.0,0.0,5090.0,2933.12,2156.88,42.374852652259335,0.0,0.0
ORD-101646,2025-07-08,Sports,Running Shoes,West,Mumbai,New,4,3569.23,0.2,UPI,Delivered,2181.69,14276.92,2855.384,11421.536,8726.76,2694.776,23.59381435211516,11421.536,2694.776
ORD-101862,2025-07-08,Fashion,Backpack,West,Pune,Returning,2,1482.48,0.0,Debit Card,Cancelled,826.13,2964.96,0.0,2964.96,1652.26,1312.7,44.27378446926771,0.0,0.0
ORD-101907,2025-07-08,Electronics,Wireless Headphones,South,Chennai,New,3,2555.65,0.1,Net Banking,Delivered,1631.93,7666.950000000001,766.6950000000002,6900.255000000001,4895.79,2004.465000000001,29.049143835988684,6900.255000000001,2004.465000000001
ORD-102255,2025-07-08,Home & Kitchen,Storage Box Set,West,Ahmedabad,New,1,1036.81,0.05,UPI,Delivered,513.29,1036.81,51.8405,984.9694999999999,513.29,471.67949999999996,47.887726472748646,984.9694999999999,471.67949999999996
ORD-100419,2025-07-09,Fashion,Sneakers,South,Kochi,Returning,1,3106.99,0.2,Net Banking,Delivered,1827.98,3106.99,621.398,2485.5919999999996,1827.98,657.6119999999996,26.456956733043867,2485.5919999999996,657.6119999999996
ORD-102273,2025-07-09,Fashion,T-Shirt,North,Lucknow,New,3,773.6,0.1,Cash on Delivery,Delivered,439.79,2320.8,232.08000000000004,2088.7200000000003,1319.3700000000001,769.3500000000001,36.83356313914742,2088.7200000000003,769.3500000000001
ORD-100638,2025-07-09,Electronics,Power Bank,North,Delhi,Loyal,3,1260.83,0.0,Debit Card,Delivered,831.94,3782.49,0.0,3782.49,2495.82,1286.6699999999996,34.01648120682407,3782.49,1286.6699999999996
ORD-103178,2025-07-09,Fashion,Backpack,North,Jaipur,New,2,1484.37,0.05,Cash on Delivery,Delivered,863.61,2968.74,148.43699999999998,2820.303,1727.22,1093.0829999999999,38.75764412547162,2820.303,1093.0829999999999
ORD-101581,2025-07-09,Sports,Dumbbell Set,West,Pune,Returning,3,2415.85,0.05,Credit Card,Delivered,1479.13,7247.549999999999,362.3775,6885.1725,4437.39,2447.7824999999993,35.55150579015993,6885.1725,2447.7824999999993
ORD-101239,2025-07-09,Electronics,Wireless Headphones,East,Bhubaneswar,Returning,5,2461.19,0.0,Credit Card,Delivered,1648.63,12305.95,0.0,12305.95,8243.150000000001,4062.7999999999993,33.01492367513275,12305.95,4062.7999999999993
ORD-101338,2025-07-09,Fashion,Denim Jacket,South,Bengaluru,Returning,4,2525.3,0.0,Debit Card,Delivered,1475.33,10101.2,0.0,10101.2,5901.32,4199.880000000001,41.578030333029744,10101.2,4199.880000000001
ORD-100353,2025-07-10,Beauty,Face Serum,Central,Indore,New,1,931.23,0.0,Credit Card,Delivered,426.68,931.23,0.0,931.23,426.68,504.55,54.18102939123525,931.23,504.55
ORD-100971,2025-07-10,Home & Kitchen,Water Bottle,South,Hyderabad,New,1,715.18,0.1,Cash on Delivery,Delivered,311.52,715.18,71.518,643.6619999999999,311.52,332.14199999999994,51.6019277198281,643.6619999999999,332.14199999999994
ORD-101316,2025-07-10,Fashion,Backpack,North,Chandigarh,Loyal,2,1508.58,0.0,Debit Card,Delivered,865.07,3017.16,0.0,3017.16,1730.14,1287.0199999999998,42.65667051134179,3017.16,1287.0199999999998
ORD-103475,2025-07-10,Fashion,Hoodie,East,Patna,Returning,2,1833.71,0.0,Credit Card,Delivered,1037.88,3667.42,0.0,3667.42,2075.76,1591.6599999999999,43.399992365204966,3667.42,1591.6599999999999
ORD-100263,2025-07-11,Electronics,Smart Watch,South,Chennai,New,4,4106.18,0.1,Net Banking,Delivered,2745.24,16424.72,1642.4720000000002,14782.248000000001,10980.96,3801.2880000000023,25.71522274555265,14782.248000000001,3801.2880000000023
ORD-103205,2025-07-11,Electronics,Bluetooth Speaker,West,Surat,Returning,4,1863.23,0.05,Credit Card,Delivered,1224.95,7452.92,372.646,7080.274,4899.8,2180.474,30.796463526694023,7080.274,2180.474
ORD-102833,2025-07-11,Beauty,Hair Care Combo,North,Delhi,New,1,1257.81,0.0,Credit Card,Delivered,665.69,1257.81,0.0,1257.81,665.69,592.1199999999999,47.07547244814399,1257.81,592.1199999999999
ORD-101403,2025-07-11,Fashion,Sneakers,East,Patna,New,3,3123.5,0.15,UPI,Delivered,1788.75,9370.5,1405.575,7964.925,5366.25,2598.675,32.626484241847855,7964.925,2598.675
ORD-101400,2025-07-11,Electronics,Wireless Headphones,Central,Indore,New,3,2567.69,0.05,UPI,Delivered,1642.54,7703.07,385.1535,7317.916499999999,4927.62,2390.2964999999995,32.66362085437842,7317.916499999999,2390.2964999999995
ORD-101823,2025-07-12,Fashion,Denim Jacket,West,Pune,New,4,2510.02,0.1,UPI,Delivered,1423.89,10040.08,1004.008,9036.072,5695.56,3340.5119999999997,36.968629732034,9036.072,3340.5119999999997
ORD-102776,2025-07-12,Home & Kitchen,Storage Box Set,Central,Nagpur,Returning,2,995.06,0.1,UPI,Delivered,520.91,1990.12,199.012,1791.108,1041.82,749.288,41.83376993458798,1791.108,749.288
ORD-100442,2025-07-12,Home & Kitchen,Storage Box Set,North,Delhi,Returning,5,989.04,0.0,Cash on Delivery,Delivered,529.42,4945.2,0.0,4945.2,2647.1,2298.1,46.47132573000081,4945.2,2298.1
ORD-101601,2025-07-12,Electronics,Wireless Headphones,West,Pune,Returning,1,2603.37,0.05,UPI,Delivered,1658.96,2603.37,130.1685,2473.2015,1658.96,814.2415000000001,32.92257019899107,2473.2015,814.2415000000001
ORD-100802,2025-07-12,Fashion,T-Shirt,West,Mumbai,Returning,3,776.06,0.05,UPI,Delivered,419.48,2328.18,116.40899999999999,2211.7709999999997,1258.44,953.3309999999997,43.10260872395921,2211.7709999999997,953.3309999999997
ORD-102467,2025-07-12,Home & Kitchen,Coffee Maker,West,Mumbai,Returning,4,3429.17,0.05,Debit Card,Delivered,2151.37,13716.68,685.8340000000001,13030.846,8605.48,4425.366,33.960696028485025,13030.846,4425.366
ORD-100307,2025-07-12,Sports,Resistance Bands,East,Guwahati,Loyal,2,722.33,0.05,Debit Card,Delivered,308.64,1444.66,72.233,1372.4270000000001,617.28,755.1470000000002,55.02274437911817,1372.4270000000001,755.1470000000002
ORD-103430,2025-07-12,Home & Kitchen,Storage Box Set,West,Surat,New,2,1014.04,0.1,Credit Card,Cancelled,534.58,2028.08,202.808,1825.272,1069.16,756.1119999999999,41.424620549704365,0.0,0.0
ORD-101476,2025-07-12,Beauty,Face Serum,Central,Indore,Loyal,1,914.3,0.0,UPI,Delivered,408.32,914.3,0.0,914.3,408.32,505.97999999999996,55.340697801596846,914.3,505.97999999999996
ORD-100928,2025-07-12,Beauty,Hair Care Combo,South,Bengaluru,Returning,3,1284.94,0.05,Debit Card,Delivered,667.99,3854.82,192.741,3662.079,2003.97,1658.1090000000002,45.27780531222839,3662.079,1658.1090000000002
ORD-102052,2025-07-12,Electronics,USB-C Hub,South,Hyderabad,New,3,1014.55,0.05,UPI,Delivered,610.8,3043.6499999999996,152.18249999999998,2891.4674999999997,1832.3999999999999,1059.0674999999999,36.62733542742569,2891.4674999999997,1059.0674999999999
ORD-100190,2025-07-12,Electronics,Power Bank,South,Kochi,Returning,1,1330.86,0.1,Credit Card,Delivered,802.72,1330.86,133.08599999999998,1197.774,802.72,395.05399999999986,32.982348923920526,1197.774,395.05399999999986
ORD-102997,2025-07-12,Fashion,T-Shirt,North,Jaipur,Loyal,2,802.56,0.1,Net Banking,Delivered,437.22,1605.12,160.512,1444.608,874.44,570.1679999999999,39.46870015948963,1444.608,570.1679999999999
ORD-101367,2025-07-12,Electronics,Smart Watch,North,Jaipur,New,1,4119.93,0.0,UPI,Delivered,2721.45,4119.93,0.0,4119.93,2721.45,1398.4800000000005,33.944266043355114,4119.93,1398.4800000000005
ORD-102708,2025-07-13,Home & Kitchen,Storage Box Set,West,Pune,New,3,972.17,0.1,UPI,Delivered,511.09,2916.5099999999998,291.651,2624.859,1533.27,1091.589,41.58657665040293,2624.859,1091.589
ORD-100136,2025-07-13,Fashion,Backpack,South,Kochi,Returning,1,1567.74,0.1,Cash on Delivery,Delivered,876.04,1567.74,156.774,1410.966,876.04,534.9259999999999,37.91204040352496,1410.966,534.9259999999999
ORD-103106,2025-07-13,Sports,Sports Bag,South,Hyderabad,Returning,2,1620.58,0.15,Credit Card,Delivered,840.15,3241.16,486.174,2754.986,1680.3,1074.686,39.00876447285032,2754.986,1074.686
ORD-102021,2025-07-13,Sports,Resistance Bands,North,Lucknow,New,1,705.07,0.15,Credit Card,Delivered,305.62,705.07,105.76050000000001,599.3095000000001,305.62,293.68950000000007,49.00464618031252,599.3095000000001,293.68950000000007
ORD-102187,2025-07-14,Fashion,Sneakers,North,Lucknow,Loyal,3,3033.76,0.0,Credit Card,Delivered,1747.29,9101.28,0.0,9101.28,5241.87,3859.4100000000008,42.405134222878544,9101.28,3859.4100000000008
ORD-101155,2025-07-14,Fashion,Hoodie,South,Hyderabad,New,1,1789.68,0.05,UPI,Delivered,972.51,1789.68,89.48400000000001,1700.1960000000001,972.51,727.6860000000001,42.80012422097217,1700.1960000000001,727.6860000000001
ORD-100952,2025-07-14,Home & Kitchen,Coffee Maker,East,Guwahati,Loyal,1,3577.18,0.1,Credit Card,Delivered,2237.1,3577.18,357.718,3219.462,2237.1,982.3620000000001,30.51323481997924,3219.462,982.3620000000001
ORD-101838,2025-07-14,Fashion,T-Shirt,West,Surat,Loyal,3,782.32,0.15,Credit Card,Delivered,430.88,2346.96,352.044,1994.9160000000002,1292.6399999999999,702.2760000000003,35.20328675493104,1994.9160000000002,702.2760000000003
ORD-102089,2025-07-14,Beauty,Skin Care Kit,North,Jaipur,New,1,1543.94,0.2,UPI,Delivered,882.44,1543.94,308.788,1235.152,882.44,352.712,28.55616150886692,1235.152,352.712
ORD-100226,2025-07-15,Electronics,Smart Watch,West,Surat,New,1,4059.36,0.1,UPI,Delivered,2758.82,4059.36,405.93600000000004,3653.424,2758.82,894.6039999999998,24.486728066602723,3653.424,894.6039999999998
ORD-103342,2025-07-15,Beauty,Perfume,North,Delhi,New,1,2078.44,0.15,Debit Card,Delivered,1104.28,2078.44,311.766,1766.674,1104.28,662.394,37.49384436517433,1766.674,662.394
ORD-101105,2025-07-15,Beauty,Hair Dryer,South,Bengaluru,New,3,2243.51,0.0,UPI,Delivered,1267.37,6730.530000000001,0.0,6730.530000000001,3802.1099999999997,2928.420000000001,43.50950073768337,6730.530000000001,2928.420000000001
ORD-102595,2025-07-15,Beauty,Hair Care Combo,West,Pune,Returning,1,1294.72,0.05,UPI,Delivered,631.68,1294.72,64.736,1229.984,631.68,598.304,48.6432343835367,1229.984,598.304
ORD-101391,2025-07-15,Fashion,Backpack,South,Hyderabad,New,2,1496.12,0.15,Debit Card,Delivered,832.57,2992.24,448.83599999999996,2543.404,1665.14,878.2639999999999,34.53104579531997,2543.404,878.2639999999999
ORD-102127,2025-07-16,Electronics,Smart Watch,North,Jaipur,New,1,4076.46,0.05,UPI,Delivered,2625.73,4076.46,203.823,3872.637,2625.73,1246.9070000000002,32.19787963602062,3872.637,1246.9070000000002
ORD-103062,2025-07-16,Home & Kitchen,Storage Box Set,South,Hyderabad,New,3,990.13,0.05,Cash on Delivery,Delivered,527.57,2970.39,148.5195,2821.8705,1582.71,1239.1605,43.912734478779235,2821.8705,1239.1605
ORD-100239,2025-07-16,Sports,Yoga Mat,South,Bengaluru,Loyal,3,1039.8,0.15,Net Banking,Delivered,498.65,3119.3999999999996,467.9099999999999,2651.49,1495.9499999999998,1155.54,43.5807791091047,2651.49,1155.54
ORD-102309,2025-07-16,Fashion,T-Shirt,North,Delhi,New,2,807.48,0.0,UPI,Delivered,432.76,1614.96,0.0,1614.96,865.52,749.44,46.40610293753406,1614.96,749.44
ORD-101186,2025-07-16,Fashion,Hoodie,North,Delhi,Returning,3,1751.83,0.0,UPI,Delivered,1032.92,5255.49,0.0,5255.49,3098.76,2156.7299999999996,41.037657763595774,5255.49,2156.7299999999996
ORD-103373,2025-07-16,Fashion,T-Shirt,South,Hyderabad,Returning,3,780.82,0.05,Cash on Delivery,Delivered,438.8,2342.46,117.123,2225.337,1316.4,908.9369999999999,40.84491472527531,2225.337,908.9369999999999
ORD-101779,2025-07-16,Beauty,Hair Dryer,Central,Raipur,New,1,2231.78,0.05,UPI,Delivered,1266.09,2231.78,111.58900000000001,2120.1910000000003,1266.09,854.1010000000003,40.284153644648065,2120.1910000000003,854.1010000000003
ORD-102355,2025-07-17,Sports,Yoga Mat,West,Mumbai,Returning,2,963.84,0.15,UPI,Delivered,491.9,1927.68,289.152,1638.528,983.8,654.7280000000001,39.95830403874698,1638.528,654.7280000000001
ORD-100333,2025-07-17,Home & Kitchen,Mixer Grinder,South,Hyderabad,Loyal,1,3137.61,0.0,UPI,Delivered,1923.3,3137.61,0.0,3137.61,1923.3,1214.3100000000002,38.70175069559315,3137.61,1214.3100000000002
ORD-100400,2025-07-17,Electronics,Smart Watch,West,Mumbai,Returning,1,4119.33,0.1,Net Banking,Returned,2731.81,4119.33,411.933,3707.397,2731.81,975.587,26.314608335713707,0.0,0.0
ORD-100526,2025-07-17,Electronics,USB-C Hub,South,Bengaluru,New,2,968.51,0.15,Cash on Delivery,Delivered,577.5,1937.02,290.553,1646.467,1155.0,491.4670000000001,29.849793527595757,1646.467,491.4670000000001
ORD-102781,2025-07-18,Beauty,Hair Care Combo,East,Kolkata,Returning,3,1309.58,0.0,Credit Card,Delivered,641.12,3928.74,0.0,3928.74,1923.3600000000001,2005.3799999999997,51.04384611860291,3928.74,2005.3799999999997
ORD-102808,2025-07-18,Beauty,Hair Dryer,North,Lucknow,Returning,2,2371.83,0.1,UPI,Delivered,1326.77,4743.66,474.366,4269.294,2653.54,1615.754,37.8459295611874,4269.294,1615.754
ORD-101060,2025-07-18,Electronics,USB-C Hub,West,Ahmedabad,Loyal,2,969.12,0.1,Credit Card,Delivered,589.46,1938.24,193.824,1744.416,1178.92,565.4959999999999,32.417496743895946,1744.416,565.4959999999999
ORD-101821,2025-07-19,Beauty,Perfume,North,Delhi,New,1,2027.33,0.1,Debit Card,Delivered,1090.08,2027.33,202.733,1824.597,1090.08,734.517,40.25639634395979,1824.597,734.517
ORD-100088,2025-07-19,Fashion,Hoodie,North,Delhi,New,5,1874.76,0.15,Credit Card,Delivered,989.92,9373.8,1406.07,7967.73,4949.599999999999,3018.13,37.87942111492232,7967.73,3018.13
ORD-100749,2025-07-19,Beauty,Hair Dryer,North,Chandigarh,Loyal,1,2269.25,0.0,Debit Card,Cancelled,1270.86,2269.25,0.0,2269.25,1270.86,998.3900000000001,43.99647460614741,0.0,0.0
ORD-101462,2025-07-19,Home & Kitchen,Storage Box Set,North,Chandigarh,Returning,3,968.2,0.05,Credit Card,Delivered,506.33,2904.6000000000004,145.23000000000002,2759.3700000000003,1518.99,1240.3800000000003,44.95156503114842,2759.3700000000003,1240.3800000000003
ORD-100748,2025-07-20,Electronics,Wireless Headphones,North,Chandigarh,Loyal,1,2415.67,0.0,Credit Card,Delivered,1654.64,2415.67,0.0,2415.67,1654.64,761.03,31.50388919016256,2415.67,761.03
ORD-103098,2025-07-20,Home & Kitchen,Coffee Maker,North,Chandigarh,Returning,2,3673.88,0.05,UPI,Delivered,2185.65,7347.76,367.38800000000003,6980.372,4371.3,2609.072,37.37726298827627,6980.372,2609.072
ORD-102434,2025-07-20,Fashion,Hoodie,East,Patna,New,5,1783.12,0.1,Credit Card,Delivered,1026.24,8915.599999999999,891.56,8024.039999999999,5131.2,2892.8399999999992,36.052163249435445,8024.039999999999,2892.8399999999992
ORD-101034,2025-07-20,Fashion,Backpack,South,Bengaluru,Returning,1,1478.71,0.0,Debit Card,Delivered,827.68,1478.71,0.0,1478.71,827.68,651.0300000000001,44.02688830128964,1478.71,651.0300000000001
ORD-100447,2025-07-20,Electronics,Smart Watch,West,Mumbai,New,3,4146.0,0.05,Debit Card,Cancelled,2790.51,12438.0,621.9000000000001,11816.1,8371.53,3444.5699999999997,29.151496686724045,0.0,0.0
ORD-101014,2025-07-20,Fashion,Sneakers,Central,Raipur,New,4,3051.49,0.15,UPI,Delivered,1789.15,12205.96,1830.8939999999998,10375.065999999999,7156.6,3218.4659999999985,31.021161696706308,10375.065999999999,3218.4659999999985
ORD-103164,2025-07-20,Sports,Running Shoes,Central,Raipur,New,4,3518.2,0.05,Credit Card,Delivered,2091.58,14072.8,703.64,13369.16,8366.32,5002.84,37.42075044355816,13369.16,5002.84
ORD-100309,2025-07-21,Electronics,Smart Watch,West,Surat,Loyal,1,4014.36,0.0,Debit Card,Delivered,2692.15,4014.36,0.0,4014.36,2692.15,1322.21,32.93700614792893,4014.36,1322.21
ORD-100368,2025-07-21,Electronics,Bluetooth Speaker,South,Hyderabad,Loyal,3,1938.86,0.0,UPI,Delivered,1225.91,5816.58,0.0,5816.58,3677.7300000000005,2138.8499999999995,36.77160805834355,5816.58,2138.8499999999995
ORD-100799,2025-07-21,Fashion,Sneakers,North,Delhi,Returning,5,3015.06,0.1,Credit Card,Delivered,1758.18,15075.3,1507.53,13567.769999999999,8790.9,4776.869999999999,35.20748066926252,13567.769999999999,4776.869999999999
ORD-102867,2025-07-21,Electronics,Bluetooth Speaker,West,Surat,New,1,1904.97,0.0,Debit Card,Delivered,1236.96,1904.97,0.0,1904.97,1236.96,668.01,35.066693963684465,1904.97,668.01
ORD-101177,2025-07-21,Home & Kitchen,Air Fryer,West,Mumbai,Returning,3,5193.73,0.0,Debit Card,Delivered,3420.06,15581.189999999999,0.0,15581.189999999999,10260.18,5321.009999999998,34.150215740902965,15581.189999999999,5321.009999999998
ORD-102167,2025-07-21,Home & Kitchen,Air Fryer,North,Delhi,New,3,5065.76,0.0,UPI,Delivered,3316.91,15197.28,0.0,15197.28,9950.73,5246.550000000001,34.52295410757715,15197.28,5246.550000000001
ORD-100988,2025-07-21,Home & Kitchen,Mixer Grinder,North,Jaipur,Returning,3,3040.25,0.05,Credit Card,Delivered,1920.69,9120.75,456.0375,8664.7125,5762.07,2902.6425,33.499582357752786,8664.7125,2902.6425
ORD-101604,2025-07-22,Fashion,Backpack,East,Patna,New,2,1460.91,0.0,Credit Card,Delivered,877.25,2921.82,0.0,2921.82,1754.5,1167.3200000000002,39.95181085761615,2921.82,1167.3200000000002
ORD-101586,2025-07-22,Fashion,T-Shirt,North,Chandigarh,Loyal,1,837.42,0.0,UPI,Delivered,430.16,837.42,0.0,837.42,430.16,407.25999999999993,48.63270521363234,837.42,407.25999999999993
ORD-100338,2025-07-22,Fashion,Sneakers,South,Hyderabad,New,1,2987.3,0.0,Debit Card,Cancelled,1861.28,2987.3,0.0,2987.3,1861.28,1126.0200000000002,37.69356944397952,0.0,0.0
ORD-100554,2025-07-22,Fashion,T-Shirt,South,Bengaluru,New,1,804.98,0.05,Net Banking,Delivered,440.05,804.98,40.249,764.731,440.05,324.681,42.45689006984155,764.731,324.681
ORD-100968,2025-07-22,Sports,Dumbbell Set,West,Surat,New,5,2450.15,0.1,Cash on Delivery,Delivered,1495.9,12250.75,1225.075,11025.675,7479.5,3546.1749999999993,32.16288345158006,11025.675,3546.1749999999993
ORD-101435,2025-07-23,Electronics,Wireless Headphones,West,Ahmedabad,Loyal,3,2489.13,0.2,Net Banking,Delivered,1691.25,7467.39,1493.478,5973.912,5073.75,900.1620000000003,15.068216605802032,5973.912,900.1620000000003
ORD-101756,2025-07-23,Home & Kitchen,Coffee Maker,East,Guwahati,New,2,3407.4,0.05,Net Banking,Delivered,2164.05,6814.8,340.74,6474.06,4328.1,2145.96,33.147051463841855,6474.06,2145.96
ORD-101576,2025-07-23,Beauty,Skin Care Kit,South,Bengaluru,Loyal,3,1589.8,0.1,Debit Card,Delivered,882.54,4769.4,476.94,4292.46,2647.62,1644.8400000000001,38.319285444710026,4292.46,1644.8400000000001
ORD-100525,2025-07-23,Sports,Yoga Mat,North,Chandigarh,Loyal,2,1006.98,0.0,UPI,Delivered,510.3,2013.96,0.0,2013.96,1020.6,993.36,49.32372043138891,2013.96,993.36
ORD-102272,2025-07-23,Electronics,Power Bank,North,Lucknow,New,2,1292.39,0.05,Cash on Delivery,Delivered,824.98,2584.78,129.239,2455.541,1649.96,805.5810000000001,32.80666052816875,2455.541,805.5810000000001
ORD-102016,2025-07-23,Beauty,Perfume,South,Bengaluru,New,2,1995.24,0.0,Debit Card,Delivered,1131.53,3990.48,0.0,3990.48,2263.06,1727.42,43.288526693530606,3990.48,1727.42
ORD-101439,2025-07-23,Electronics,Bluetooth Speaker,North,Delhi,Loyal,1,1892.82,0.0,UPI,Delivered,1167.42,1892.82,0.0,1892.82,1167.42,725.3999999999999,38.32377088154182,1892.82,725.3999999999999
ORD-101527,2025-07-23,Fashion,Hoodie,North,Lucknow,Returning,2,1782.65,0.0,Credit Card,Delivered,1005.44,3565.3,0.0,3565.3,2010.88,1554.42,43.59857515496592,3565.3,1554.42
ORD-100167,2025-07-24,Home & Kitchen,Water Bottle,West,Mumbai,New,1,704.12,0.1,UPI,Delivered,300.56,704.12,70.412,633.708,300.56,333.14799999999997,52.57121576498955,633.708,333.14799999999997
ORD-100403,2025-07-24,Beauty,Hair Dryer,West,Pune,New,2,2388.04,0.05,UPI,Delivered,1262.48,4776.08,238.804,4537.276,2524.96,2012.3159999999998,44.350751420015,4537.276,2012.3159999999998
ORD-102928,2025-07-24,Electronics,USB-C Hub,North,Lucknow,Loyal,1,1011.02,0.15,UPI,Delivered,606.31,1011.02,151.653,859.367,606.31,253.05700000000002,29.4469068512056,859.367,253.05700000000002
ORD-102588,2025-07-24,Electronics,Bluetooth Speaker,South,Hyderabad,New,3,1854.17,0.05,UPI,Delivered,1247.52,5562.51,278.12550000000005,5284.3845,3742.56,1541.8245000000002,29.17699308216501,5284.3845,1541.8245000000002
ORD-102484,2025-07-24,Beauty,Hair Care Combo,East,Guwahati,New,1,1270.47,0.2,Debit Card,Delivered,663.44,1270.47,254.09400000000002,1016.376,663.44,352.9359999999999,34.72494431194754,1016.376,352.9359999999999
ORD-100321,2025-07-24,Sports,Resistance Bands,South,Hyderabad,Returning,4,722.89,0.1,UPI,Delivered,296.43,2891.56,289.156,2602.404,1185.72,1416.684,54.437512392387966,2602.404,1416.684
ORD-102271,2025-07-24,Electronics,USB-C Hub,South,Chennai,Loyal,1,997.71,0.05,Net Banking,Delivered,581.56,997.71,49.88550000000001,947.8245000000001,581.56,366.2645000000001,38.64264956223437,947.8245000000001,366.2645000000001
ORD-103447,2025-07-24,Fashion,Sneakers,Central,Indore,Returning,1,2977.59,0.1,Credit Card,Cancelled,1786.17,2977.59,297.759,2679.831,1786.17,893.6610000000001,33.34766259514126,0.0,0.0
ORD-102130,2025-07-24,Fashion,Sneakers,Central,Indore,New,3,3092.8,0.1,Debit Card,Delivered,1810.37,9278.400000000001,927.8400000000001,8350.560000000001,5431.11,2919.4500000000016,34.9611283554636,8350.560000000001,2919.4500000000016
ORD-102552,2025-07-24,Beauty,Hair Care Combo,West,Surat,New,1,1296.8,0.0,Cash on Delivery,Delivered,644.03,1296.8,0.0,1296.8,644.03,652.77,50.336983343615046,1296.8,652.77
ORD-100595,2025-07-24,Beauty,Hair Care Combo,West,Mumbai,Loyal,2,1352.01,0.0,Net Banking,Delivered,663.76,2704.02,0.0,2704.02,1327.52,1376.5,50.90568856739225,2704.02,1376.5
ORD-102292,2025-07-25,Beauty,Hair Dryer,South,Hyderabad,New,4,2261.41,0.0,Cash on Delivery,Delivered,1344.42,9045.64,0.0,9045.64,5377.68,3667.959999999999,40.54948019156189,9045.64,3667.959999999999
ORD-101404,2025-07-25,Electronics,Power Bank,East,Guwahati,New,1,1297.67,0.05,Credit Card,Delivered,794.19,1297.67,64.88350000000001,1232.7865000000002,794.19,438.5965000000001,35.57765274035691,1232.7865000000002,438.5965000000001
ORD-101950,2025-07-25,Fashion,Denim Jacket,Central,Raipur,Returning,1,2452.81,0.05,UPI,Delivered,1410.24,2452.81,122.6405,2330.1695,1410.24,919.9295,39.47908081364896,2330.1695,919.9295
ORD-102152,2025-07-25,Beauty,Hair Dryer,Central,Bhopal,Returning,1,2220.84,0.1,Debit Card,Delivered,1286.94,2220.84,222.08400000000003,1998.756,1286.94,711.816,35.61295125568103,1998.756,711.816
ORD-101504,2025-07-25,Fashion,Denim Jacket,North,Chandigarh,New,1,2529.66,0.0,UPI,Delivered,1503.5,2529.66,0.0,2529.66,1503.5,1026.1599999999999,40.56513523556525,2529.66,1026.1599999999999
ORD-100607,2025-07-26,Fashion,T-Shirt,West,Mumbai,Loyal,2,806.61,0.2,Credit Card,Delivered,436.53,1613.22,322.644,1290.576,873.06,417.5160000000001,32.35113623684309,1290.576,417.5160000000001
ORD-102526,2025-07-26,Electronics,Power Bank,North,Jaipur,Returning,2,1306.51,0.1,Debit Card,Delivered,827.91,2613.02,261.302,2351.718,1655.82,695.8979999999999,29.591047906254065,2351.718,695.8979999999999
ORD-102283,2025-07-26,Home & Kitchen,Storage Box Set,North,Lucknow,Loyal,2,1028.98,0.15,Net Banking,Delivered,522.05,2057.96,308.694,1749.266,1044.1,705.1660000000002,40.31210804989065,1749.266,705.1660000000002
ORD-102921,2025-07-27,Electronics,Wireless Headphones,North,Jaipur,Loyal,1,2559.3,0.05,Credit Card,Delivered,1608.37,2559.3,127.96500000000002,2431.335,1608.37,822.9650000000001,33.848276769758186,2431.335,822.9650000000001
ORD-101249,2025-07-27,Sports,Running Shoes,Central,Nagpur,Returning,1,3657.25,0.2,Credit Card,Delivered,2128.11,3657.25,731.45,2925.8,2128.11,797.69,27.26399617198715,2925.8,797.69
ORD-100066,2025-07-27,Home & Kitchen,Coffee Maker,South,Bengaluru,New,4,3508.11,0.05,UPI,Delivered,2164.56,14032.44,701.6220000000001,13330.818000000001,8658.24,4672.578000000001,35.050947361219706,13330.818000000001,4672.578000000001
ORD-102083,2025-07-27,Fashion,Sneakers,East,Patna,Loyal,3,3056.29,0.1,UPI,Delivered,1850.58,9168.869999999999,916.887,8251.982999999998,5551.74,2700.2429999999986,32.722352918080404,8251.982999999998,2700.2429999999986
ORD-101388,2025-07-27,Electronics,Bluetooth Speaker,South,Bengaluru,Returning,4,1843.96,0.2,UPI,Delivered,1221.37,7375.84,1475.1680000000001,5900.6720000000005,4885.48,1015.1920000000009,17.20468448339445,5900.6720000000005,1015.1920000000009
ORD-102307,2025-07-27,Fashion,Sneakers,West,Ahmedabad,Returning,1,2933.4,0.15,UPI,Delivered,1810.96,2933.4,440.01,2493.3900000000003,1810.96,682.4300000000003,27.369565130204272,2493.3900000000003,682.4300000000003
ORD-102347,2025-07-28,Home & Kitchen,Coffee Maker,North,Jaipur,Returning,1,3515.31,0.05,UPI,Delivered,2137.77,3515.31,175.7655,3339.5445,2137.77,1201.7745,35.98618015121524,3339.5445,1201.7745
ORD-102537,2025-07-28,Sports,Dumbbell Set,Central,Nagpur,New,1,2419.17,0.1,Debit Card,Delivered,1542.67,2419.17,241.91700000000003,2177.253,1542.67,634.5830000000001,29.146038609201597,2177.253,634.5830000000001
ORD-100632,2025-07-28,Electronics,USB-C Hub,South,Chennai,New,1,1024.22,0.1,Net Banking,Delivered,593.17,1024.22,102.42200000000001,921.798,593.17,328.62800000000004,35.65076079574918,921.798,328.62800000000004
ORD-102092,2025-07-28,Home & Kitchen,Water Bottle,North,Jaipur,Returning,2,684.48,0.05,Debit Card,Delivered,307.0,1368.96,68.44800000000001,1300.512,614.0,686.512,52.78782510272877,1300.512,686.512
ORD-103043,2025-07-29,Electronics,USB-C Hub,West,Surat,New,4,1012.02,0.1,Credit Card,Delivered,583.33,4048.08,404.808,3643.272,2333.32,1309.9519999999998,35.955371984304215,3643.272,1309.9519999999998
ORD-101915,2025-07-29,Electronics,USB-C Hub,South,Hyderabad,Returning,2,1003.31,0.05,Net Banking,Delivered,609.45,2006.62,100.331,1906.289,1218.9,687.3889999999999,36.05901308773223,1906.289,687.3889999999999
ORD-100646,2025-07-29,Sports,Resistance Bands,South,Hyderabad,Returning,1,729.92,0.0,UPI,Delivered,292.71,729.92,0.0,729.92,292.71,437.21,59.89834502411223,729.92,437.21
ORD-102151,2025-07-29,Electronics,Wireless Headphones,North,Chandigarh,Returning,1,2505.31,0.05,UPI,Delivered,1614.23,2505.31,125.2655,2380.0445,1614.23,765.8145,32.17647821290736,2380.0445,765.8145
ORD-101095,2025-07-29,Electronics,USB-C Hub,South,Hyderabad,Returning,2,978.79,0.15,UPI,Delivered,598.43,1957.58,293.637,1663.943,1196.86,467.0830000000001,28.07085338860767,1663.943,467.0830000000001
ORD-102650,2025-07-30,Beauty,Skin Care Kit,North,Delhi,New,1,1643.86,0.0,Cash on Delivery,Delivered,834.06,1643.86,0.0,1643.86,834.06,809.8,49.26210261214459,1643.86,809.8
ORD-100077,2025-07-30,Home & Kitchen,Air Fryer,West,Pune,Returning,2,4976.2,0.0,Debit Card,Delivered,3352.45,9952.4,0.0,9952.4,6704.9,3247.5,32.630320324745796,9952.4,3247.5
ORD-100254,2025-07-30,Home & Kitchen,Storage Box Set,South,Kochi,New,1,969.01,0.0,UPI,Returned,507.57,969.01,0.0,969.01,507.57,461.44,47.61973560644369,0.0,0.0
ORD-102069,2025-07-30,Home & Kitchen,Air Fryer,North,Lucknow,New,2,5120.01,0.2,Debit Card,Delivered,3368.3,10240.02,2048.0040000000004,8192.016,6736.6,1455.4159999999993,17.766273893996292,8192.016,1455.4159999999993
ORD-102576,2025-07-30,Home & Kitchen,Water Bottle,North,Delhi,Returning,2,717.61,0.15,Debit Card,Returned,295.4,1435.22,215.283,1219.9370000000001,590.8,629.1370000000002,51.57126966392528,0.0,0.0
ORD-101777,2025-07-31,Electronics,Bluetooth Speaker,Central,Indore,New,2,1908.21,0.05,Debit Card,Delivered,1199.1,3816.42,190.82100000000003,3625.599,2398.2,1227.3990000000003,33.85368872840047,3625.599,1227.3990000000003
ORD-100294,2025-07-31,Sports,Running Shoes,North,Delhi,New,2,3527.67,0.1,Credit Card,Delivered,2170.88,7055.34,705.5340000000001,6349.8060000000005,4341.76,2008.0460000000003,31.62373779608385,6349.8060000000005,2008.0460000000003
ORD-101145,2025-07-31,Sports,Dumbbell Set,South,Hyderabad,Returning,1,2556.94,0.1,Debit Card,Delivered,1528.37,2556.94,255.69400000000002,2301.246,1528.37,772.8760000000002,33.58510997955022,2301.246,772.8760000000002
ORD-101514,2025-07-31,Fashion,T-Shirt,West,Ahmedabad,Returning,1,795.82,0.0,UPI,Delivered,417.26,795.82,0.0,795.82,417.26,378.56000000000006,47.56854565102662,795.82,378.56000000000006
ORD-101069,2025-08-01,Fashion,Sneakers,North,Chandigarh,Returning,1,2913.38,0.0,UPI,Delivered,1801.41,2913.38,0.0,2913.38,1801.41,1111.97,38.16769525430942,2913.38,1111.97
ORD-100738,2025-08-01,Beauty,Hair Dryer,West,Surat,New,1,2409.33,0.05,Credit Card,Delivered,1270.78,2409.33,120.4665,2288.8635,1270.78,1018.0835,44.47986959467002,2288.8635,1018.0835
ORD-101905,2025-08-01,Fashion,Backpack,West,Ahmedabad,Returning,2,1550.9,0.0,UPI,Delivered,840.92,3101.8,0.0,3101.8,1681.84,1419.9600000000003,45.77858017925076,3101.8,1419.9600000000003
ORD-101494,2025-08-01,Fashion,Sneakers,West,Ahmedabad,Returning,2,2954.59,0.0,Credit Card,Delivered,1787.17,5909.18,0.0,5909.18,3574.34,2334.84,39.512081202468025,5909.18,2334.84
ORD-101511,2025-08-01,Electronics,Wireless Headphones,South,Hyderabad,Loyal,1,2426.66,0.05,Cash on Delivery,Cancelled,1635.36,2426.66,121.333,2305.3269999999998,1635.36,669.9669999999999,29.061690597472722,0.0,0.0
ORD-100487,2025-08-02,Electronics,Power Bank,West,Surat,Returning,2,1289.23,0.0,Cash on Delivery,Delivered,829.16,2578.46,0.0,2578.46,1658.32,920.1400000000001,35.685641817208726,2578.46,920.1400000000001
ORD-100169,2025-08-02,Home & Kitchen,Mixer Grinder,South,Kochi,Returning,2,3052.56,0.0,Credit Card,Delivered,1902.25,6105.12,0.0,6105.12,3804.5,2300.62,37.68345257750872,6105.12,2300.62
ORD-101030,2025-08-02,Electronics,Wireless Headphones,East,Guwahati,New,2,2523.29,0.1,UPI,Delivered,1670.67,5046.58,504.658,4541.922,3341.34,1200.5819999999994,26.43334693990781,4541.922,1200.5819999999994
ORD-102160,2025-08-02,Beauty,Skin Care Kit,West,Surat,New,2,1598.89,0.1,Cash on Delivery,Delivered,856.56,3197.78,319.778,2878.0020000000004,1713.12,1164.8820000000005,40.47537145561401,2878.0020000000004,1164.8820000000005
ORD-100371,2025-08-03,Electronics,Bluetooth Speaker,South,Hyderabad,New,1,1823.36,0.05,Credit Card,Delivered,1235.27,1823.36,91.168,1732.192,1235.27,496.922,28.687466516413885,1732.192,496.922
ORD-102204,2025-08-03,Beauty,Perfume,East,Kolkata,Returning,4,1976.94,0.05,Debit Card,Delivered,1068.26,7907.76,395.38800000000003,7512.372,4273.04,3239.3320000000003,43.11996264295752,7512.372,3239.3320000000003
ORD-103395,2025-08-03,Fashion,Sneakers,East,Guwahati,Loyal,4,3100.44,0.0,UPI,Delivered,1771.01,12401.76,0.0,12401.76,7084.04,5317.72,42.878752693166135,12401.76,5317.72
ORD-103434,2025-08-03,Home & Kitchen,Water Bottle,East,Guwahati,New,2,680.24,0.0,Credit Card,Delivered,308.67,1360.48,0.0,1360.48,617.34,743.14,54.62336822298012,1360.48,743.14
ORD-102637,2025-08-03,Fashion,T-Shirt,North,Chandigarh,New,2,768.75,0.15,Net Banking,Delivered,426.92,1537.5,230.625,1306.875,853.84,453.03499999999997,34.66551889048302,1306.875,453.03499999999997
ORD-100627,2025-08-04,Sports,Running Shoes,North,Lucknow,New,1,3626.69,0.05,UPI,Delivered,2092.48,3626.69,181.33450000000002,3445.3555,2092.48,1352.8755,39.26664461765992,3445.3555,1352.8755
ORD-102367,2025-08-04,Home & Kitchen,Mixer Grinder,West,Pune,Returning,1,3071.27,0.0,Debit Card,Cancelled,1838.81,3071.27,0.0,3071.27,1838.81,1232.46,40.12867641073562,0.0,0.0
ORD-101771,2025-08-04,Home & Kitchen,Air Fryer,South,Hyderabad,Returning,1,4844.73,0.1,Net Banking,Delivered,3325.72,4844.73,484.47299999999996,4360.257,3325.72,1034.5369999999998,23.726514285740492,4360.257,1034.5369999999998
ORD-102323,2025-08-04,Fashion,Hoodie,West,Ahmedabad,Returning,5,1764.21,0.0,Credit Card,Delivered,990.75,8821.05,0.0,8821.05,4953.75,3867.2999999999993,43.841719523186015,8821.05,3867.2999999999993
ORD-101142,2025-08-04,Sports,Dumbbell Set,East,Guwahati,Returning,1,2494.78,0.1,Credit Card,Delivered,1468.35,2494.78,249.47800000000004,2245.302,1468.35,776.9520000000002,34.60345200779228,2245.302,776.9520000000002
ORD-103251,2025-08-04,Electronics,Smart Watch,East,Patna,New,4,3941.37,0.0,Credit Card,Delivered,2782.65,15765.48,0.0,15765.48,11130.6,4634.879999999999,29.39891459061189,15765.48,4634.879999999999
ORD-101900,2025-08-05,Sports,Running Shoes,West,Surat,Loyal,1,3435.01,0.15,Net Banking,Delivered,2162.42,3435.01,515.2515,2919.7585000000004,2162.42,757.3385000000003,25.938395247415162,2919.7585000000004,757.3385000000003
ORD-101782,2025-08-05,Electronics,Smart Watch,West,Surat,New,2,4185.32,0.05,Debit Card,Delivered,2641.0,8370.64,418.532,7952.107999999999,5282.0,2670.1079999999993,33.577360870853354,7952.107999999999,2670.1079999999993
ORD-103085,2025-08-05,Fashion,T-Shirt,South,Kochi,New,1,805.03,0.0,Credit Card,Delivered,443.33,805.03,0.0,805.03,443.33,361.7,44.930002608598436,805.03,361.7
ORD-102461,2025-08-05,Home & Kitchen,Air Fryer,North,Lucknow,Loyal,1,5246.27,0.0,Credit Card,Delivered,3271.12,5246.27,0.0,5246.27,3271.12,1975.1500000000005,37.64865323363076,5246.27,1975.1500000000005
ORD-101176,2025-08-05,Home & Kitchen,Mixer Grinder,West,Ahmedabad,New,2,3072.97,0.15,Cash on Delivery,Delivered,1808.81,6145.94,921.8909999999998,5224.049,3617.62,1606.429,30.75064954406056,5224.049,1606.429
ORD-100199,2025-08-05,Electronics,Smart Watch,West,Mumbai,Loyal,1,4064.31,0.0,Cash on Delivery,Delivered,2638.41,4064.31,0.0,4064.31,2638.41,1425.9,35.08344589856581,4064.31,1425.9
ORD-101974,2025-08-06,Fashion,Hoodie,West,Pune,Returning,2,1762.79,0.15,UPI,Delivered,970.99,3525.58,528.837,2996.743,1941.98,1054.763,35.19697885337514,2996.743,1054.763
ORD-101160,2025-08-06,Home & Kitchen,Air Fryer,Central,Indore,New,1,4855.6,0.1,UPI,Returned,3265.86,4855.6,485.56000000000006,4370.04,3265.86,1104.1799999999998,25.26704561056649,0.0,0.0
ORD-103487,2025-08-06,Electronics,Power Bank,Central,Nagpur,Loyal,1,1314.53,0.0,Credit Card,Returned,822.78,1314.53,0.0,1314.53,822.78,491.75,37.408807710740724,0.0,0.0
ORD-101978,2025-08-07,Electronics,Power Bank,West,Surat,New,3,1270.18,0.15,Credit Card,Returned,797.58,3810.54,571.581,3238.959,2392.7400000000002,846.2189999999996,26.12626464243603,0.0,0.0
ORD-100991,2025-08-07,Electronics,Wireless Headphones,South,Chennai,Returning,2,2556.86,0.15,Debit Card,Delivered,1612.29,5113.72,767.058,4346.662,3224.58,1122.0820000000003,25.814797653923865,4346.662,1122.0820000000003
ORD-103213,2025-08-07,Fashion,Hoodie,East,Patna,Loyal,1,1864.77,0.05,Credit Card,Delivered,997.14,1864.77,93.2385,1771.5315,997.14,774.3915000000001,43.7131092503859,1771.5315,774.3915000000001
ORD-101330,2025-08-07,Electronics,Power Bank,South,Kochi,Returning,2,1270.46,0.15,UPI,Delivered,804.28,2540.92,381.138,2159.782,1608.56,551.2220000000002,25.522112879911035,2159.782,551.2220000000002
ORD-100197,2025-08-07,Electronics,Power Bank,East,Kolkata,Loyal,5,1250.23,0.05,Cash on Delivery,Delivered,777.51,6251.15,312.5575,5938.5925,3887.55,2051.0424999999996,34.53751878075486,5938.5925,2051.0424999999996
ORD-102327,2025-08-07,Home & Kitchen,Water Bottle,Central,Indore,Returning,1,678.43,0.1,Cash on Delivery,Delivered,298.25,678.43,67.843,610.587,298.25,312.337,51.15356206404657,610.587,312.337
ORD-102074,2025-08-07,Electronics,Smart Watch,West,Surat,New,1,4194.87,0.15,UPI,Returned,2801.91,4194.87,629.2305,3565.6394999999998,2801.91,763.7294999999999,21.419145149138043,0.0,0.0
ORD-101711,2025-08-07,Fashion,Sneakers,North,Lucknow,Returning,5,3023.06,0.1,Debit Card,Delivered,1845.15,15115.3,1511.53,13603.769999999999,9225.75,4378.019999999999,32.182402378164284,13603.769999999999,4378.019999999999
ORD-102491,2025-08-07,Beauty,Hair Care Combo,Central,Raipur,Returning,1,1288.8,0.2,Cash on Delivery,Delivered,646.59,1288.8,257.76,1031.04,646.59,384.44999999999993,37.28759310986965,1031.04,384.44999999999993
ORD-102030,2025-08-07,Sports,Running Shoes,South,Hyderabad,New,2,3396.63,0.0,Credit Card,Delivered,2037.04,6793.26,0.0,6793.26,4074.08,2719.1800000000003,40.02761560723423,6793.26,2719.1800000000003
ORD-103091,2025-08-08,Sports,Dumbbell Set,North,Delhi,Returning,3,2526.8,0.0,UPI,Delivered,1542.75,7580.400000000001,0.0,7580.400000000001,4628.25,2952.1500000000005,38.94451480132975,7580.400000000001,2952.1500000000005
ORD-101647,2025-08-08,Electronics,Power Bank,North,Chandigarh,New,2,1326.2,0.05,Cash on Delivery,Delivered,801.18,2652.4,132.62,2519.78,1602.36,917.4200000000003,36.40873409583377,2519.78,917.4200000000003
ORD-102740,2025-08-08,Home & Kitchen,Air Fryer,Central,Nagpur,New,1,5051.53,0.0,UPI,Delivered,3204.82,5051.53,0.0,5051.53,3204.82,1846.7099999999996,36.55743903332257,5051.53,1846.7099999999996
ORD-101357,2025-08-08,Fashion,Backpack,North,Chandigarh,Returning,4,1517.04,0.1,UPI,Returned,863.82,6068.16,606.816,5461.344,3455.28,2006.0639999999999,36.73205716395085,0.0,0.0
ORD-103174,2025-08-08,Sports,Sports Bag,Central,Nagpur,New,1,1582.78,0.0,Cash on Delivery,Delivered,866.58,1582.78,0.0,1582.78,866.58,716.1999999999999,45.24949771920292,1582.78,716.1999999999999
ORD-101372,2025-08-08,Fashion,Sneakers,Central,Bhopal,New,3,2908.84,0.05,UPI,Cancelled,1816.19,8726.52,436.326,8290.194,5448.57,2841.624,34.276930069429014,0.0,0.0
ORD-102485,2025-08-08,Electronics,Bluetooth Speaker,North,Delhi,New,1,1828.84,0.0,UPI,Delivered,1193.65,1828.84,0.0,1828.84,1193.65,635.1899999999998,34.731851884254496,1828.84,635.1899999999998
ORD-101793,2025-08-08,Sports,Resistance Bands,North,Chandigarh,New,4,709.65,0.1,UPI,Delivered,296.4,2838.6,283.86,2554.74,1185.6,1369.1399999999999,53.5921463632307,2554.74,1369.1399999999999
ORD-102590,2025-08-09,Beauty,Hair Care Combo,West,Mumbai,Returning,3,1268.78,0.1,Cash on Delivery,Delivered,644.26,3806.34,380.634,3425.706,1932.78,1492.9260000000002,43.58009706612302,3425.706,1492.9260000000002
ORD-102998,2025-08-10,Home & Kitchen,Air Fryer,North,Lucknow,New,1,5142.38,0.0,UPI,Delivered,3339.73,5142.38,0.0,5142.38,3339.73,1802.65,35.05478008237431,5142.38,1802.65
ORD-100139,2025-08-10,Sports,Running Shoes,South,Kochi,New,1,3362.9,0.15,Debit Card,Cancelled,2101.97,3362.9,504.435,2858.465,2101.97,756.4950000000003,26.46507828502362,0.0,0.0
ORD-101592,2025-08-10,Beauty,Hair Dryer,West,Surat,New,5,2384.36,0.1,Debit Card,Delivered,1315.11,11921.800000000001,1192.18,10729.62,6575.549999999999,4154.0700000000015,38.71590978990869,10729.62,4154.0700000000015
ORD-101383,2025-08-10,Electronics,Bluetooth Speaker,East,Guwahati,Returning,1,1826.37,0.0,Cash on Delivery,Delivered,1246.19,1826.37,0.0,1826.37,1246.19,580.1799999999998,31.766838044864944,1826.37,580.1799999999998
ORD-101236,2025-08-10,Electronics,Power Bank,South,Bengaluru,Returning,1,1294.54,0.05,Cash on Delivery,Delivered,791.54,1294.54,64.727,1229.8129999999999,791.54,438.2729999999999,35.63736925857833,1229.8129999999999,438.2729999999999
ORD-102910,2025-08-10,Electronics,USB-C Hub,South,Hyderabad,New,5,997.38,0.0,Debit Card,Cancelled,597.93,4986.9,0.0,4986.9,2989.6499999999996,1997.25,40.04993081874512,0.0,0.0
ORD-100268,2025-08-10,Electronics,USB-C Hub,North,Delhi,Returning,1,1030.37,0.1,Credit Card,Returned,604.37,1030.37,103.03699999999999,927.3329999999999,604.37,322.96299999999985,34.82707937709538,0.0,0.0
ORD-101407,2025-08-10,Electronics,Power Bank,Central,Raipur,Returning,1,1323.34,0.1,Debit Card,Delivered,818.21,1323.34,132.334,1191.0059999999999,818.21,372.7959999999998,31.300933832407214,1191.0059999999999,372.7959999999998
ORD-101757,2025-08-11,Fashion,Hoodie,North,Delhi,Loyal,1,1771.96,0.15,Credit Card,Delivered,1020.38,1771.96,265.794,1506.1660000000002,1020.38,485.7860000000002,32.25315137906446,1506.1660000000002,485.7860000000002
ORD-102425,2025-08-11,Beauty,Face Serum,Central,Raipur,Returning,3,872.78,0.05,Net Banking,Cancelled,417.22,2618.34,130.917,2487.4230000000002,1251.66,1235.7630000000001,49.68045242003471,0.0,0.0
ORD-101312,2025-08-11,Fashion,Denim Jacket,East,Kolkata,New,2,2554.99,0.0,Net Banking,Cancelled,1435.71,5109.98,0.0,5109.98,2871.42,2238.5599999999995,43.807607857564996,0.0,0.0
ORD-103454,2025-08-11,Fashion,Denim Jacket,South,Bengaluru,New,2,2567.4,0.0,Net Banking,Delivered,1505.49,5134.8,0.0,5134.8,3010.98,2123.82,41.36129936901145,5134.8,2123.82
ORD-102585,2025-08-12,Beauty,Hair Care Combo,North,Delhi,Returning,2,1257.62,0.2,Credit Card,Delivered,657.53,2515.24,503.048,2012.1919999999998,1315.06,697.1319999999998,34.64540163165344,2012.1919999999998,697.1319999999998
ORD-103021,2025-08-12,Home & Kitchen,Storage Box Set,Central,Nagpur,New,1,998.3,0.1,Cash on Delivery,Delivered,531.85,998.3,99.83,898.4699999999999,531.85,366.6199999999999,40.80492392623014,898.4699999999999,366.6199999999999
ORD-101363,2025-08-12,Beauty,Skin Care Kit,South,Kochi,Returning,1,1565.54,0.1,UPI,Delivered,859.58,1565.54,156.554,1408.9859999999999,859.58,549.4059999999998,38.993006318018764,1408.9859999999999,549.4059999999998
ORD-100979,2025-08-12,Fashion,Backpack,South,Kochi,New,3,1446.67,0.05,UPI,Delivered,855.3,4340.01,217.00050000000002,4123.0095,2565.8999999999996,1557.1095000000005,37.76633306326363,4123.0095,1557.1095000000005
ORD-103406,2025-08-13,Electronics,Power Bank,North,Delhi,Returning,1,1347.17,0.15,UPI,Delivered,789.61,1347.17,202.0755,1145.0945000000002,789.61,355.48450000000014,31.044119066155684,1145.0945000000002,355.48450000000014
ORD-102282,2025-08-14,Fashion,Denim Jacket,West,Surat,Returning,3,2418.66,0.0,Cash on Delivery,Delivered,1507.77,7255.98,0.0,7255.98,4523.3099999999995,2732.67,37.66093622088264,7255.98,2732.67
ORD-101831,2025-08-15,Beauty,Hair Dryer,North,Lucknow,Loyal,1,2406.16,0.0,Cash on Delivery,Delivered,1283.02,2406.16,0.0,2406.16,1283.02,1123.1399999999999,46.67769391894138,2406.16,1123.1399999999999
ORD-102885,2025-08-15,Home & Kitchen,Water Bottle,West,Mumbai,Returning,1,677.51,0.0,Credit Card,Delivered,311.16,677.51,0.0,677.51,311.16,366.34999999999997,54.07300261250756,677.51,366.34999999999997
ORD-103407,2025-08-15,Fashion,Denim Jacket,West,Ahmedabad,New,2,2582.61,0.05,Cash on Delivery,Delivered,1500.89,5165.22,258.261,4906.959,3001.78,1905.1789999999996,38.82606314827574,4906.959,1905.1789999999996
ORD-100044,2025-08-15,Home & Kitchen,Air Fryer,West,Ahmedabad,New,1,4975.16,0.05,Debit Card,Delivered,3385.1,4975.16,248.758,4726.402,3385.1,1341.3020000000001,28.378923333224726,4726.402,1341.3020000000001
ORD-100521,2025-08-17,Home & Kitchen,Storage Box Set,South,Bengaluru,New,2,977.46,0.05,UPI,Delivered,536.35,1954.92,97.74600000000001,1857.174,1072.7,784.4739999999999,42.24019935665694,1857.174,784.4739999999999
ORD-102490,2025-08-17,Home & Kitchen,Storage Box Set,South,Kochi,New,2,1020.37,0.05,Net Banking,Delivered,517.1,2040.74,102.037,1938.703,1034.2,904.5029999999999,46.655057530730595,1938.703,904.5029999999999
ORD-101685,2025-08-17,Electronics,Power Bank,North,Jaipur,Returning,2,1292.9,0.1,Cash on Delivery,Delivered,776.79,2585.8,258.58000000000004,2327.2200000000003,1553.58,773.6400000000003,33.243096913914464,2327.2200000000003,773.6400000000003
ORD-103131,2025-08-17,Electronics,Smart Watch,West,Surat,New,1,4183.27,0.05,Net Banking,Delivered,2682.14,4183.27,209.16350000000003,3974.1065000000003,2682.14,1291.9665000000005,32.509609392702494,3974.1065000000003,1291.9665000000005
ORD-102562,2025-08-17,Beauty,Skin Care Kit,East,Bhubaneswar,Returning,2,1585.29,0.0,Cash on Delivery,Delivered,826.96,3170.58,0.0,3170.58,1653.92,1516.6599999999999,47.835411817396185,3170.58,1516.6599999999999
ORD-103054,2025-08-17,Fashion,Sneakers,South,Bengaluru,New,1,3104.39,0.15,Credit Card,Delivered,1810.56,3104.39,465.65849999999995,2638.7315,1810.56,828.1714999999999,31.385212932805022,2638.7315,828.1714999999999
ORD-103465,2025-08-18,Fashion,Backpack,Central,Indore,Returning,1,1455.87,0.15,Debit Card,Returned,850.64,1455.87,218.38049999999998,1237.4895,850.64,386.8494999999999,31.260830899979346,0.0,0.0
ORD-101699,2025-08-18,Fashion,Hoodie,South,Chennai,Returning,1,1799.01,0.05,UPI,Delivered,1005.48,1799.01,89.9505,1709.0595,1005.48,703.5795,41.16764220321177,1709.0595,703.5795
ORD-102759,2025-08-18,Beauty,Hair Care Combo,West,Mumbai,Returning,1,1352.26,0.05,UPI,Delivered,634.35,1352.26,67.613,1284.647,634.35,650.2969999999999,50.62067634143854,1284.647,650.2969999999999
ORD-101927,2025-08-18,Fashion,T-Shirt,South,Bengaluru,New,2,806.23,0.15,Credit Card,Delivered,427.93,1612.46,241.869,1370.5910000000001,855.86,514.7310000000001,37.55540493115744,1370.5910000000001,514.7310000000001
ORD-100998,2025-08-19,Electronics,Smart Watch,West,Surat,New,2,3844.21,0.2,Cash on Delivery,Delivered,2680.56,7688.42,1537.6840000000002,6150.736,5361.12,789.616,12.83774819793924,6150.736,789.616
ORD-102486,2025-08-19,Electronics,Bluetooth Speaker,South,Bengaluru,Returning,3,1829.98,0.0,Debit Card,Delivered,1201.15,5489.9400000000005,0.0,5489.9400000000005,3603.4500000000003,1886.4900000000002,34.362670630280114,5489.9400000000005,1886.4900000000002
ORD-103086,2025-08-19,Beauty,Perfume,East,Guwahati,New,4,1999.04,0.1,Credit Card,Delivered,1114.29,7996.16,799.616,7196.544,4457.16,2739.384,38.06527133023852,7196.544,2739.384
ORD-102827,2025-08-19,Beauty,Hair Dryer,Central,Indore,Returning,1,2362.55,0.0,Net Banking,Delivered,1298.53,2362.55,0.0,2362.55,1298.53,1064.0200000000002,45.03693043533471,2362.55,1064.0200000000002
ORD-101925,2025-08-19,Beauty,Skin Care Kit,South,Chennai,New,1,1587.32,0.2,Credit Card,Delivered,853.61,1587.32,317.464,1269.856,853.61,416.246,32.77899226368974,1269.856,416.246
ORD-100765,2025-08-19,Electronics,USB-C Hub,North,Chandigarh,New,2,1037.38,0.0,Net Banking,Delivered,593.61,2074.76,0.0,2074.76,1187.22,887.5400000000002,42.777959860417596,2074.76,887.5400000000002
ORD-102850,2025-08-19,Fashion,Backpack,North,Chandigarh,New,1,1545.27,0.0,Net Banking,Delivered,834.11,1545.27,0.0,1545.27,834.11,711.16,46.0217308302109,1545.27,711.16
ORD-101572,2025-08-19,Fashion,Sneakers,South,Chennai,Returning,1,3004.23,0.0,Credit Card,Delivered,1803.14,3004.23,0.0,3004.23,1803.14,1201.09,39.97996158749496,3004.23,1201.09
ORD-102053,2025-08-19,Fashion,Denim Jacket,East,Bhubaneswar,Loyal,2,2614.96,0.05,UPI,Delivered,1437.1,5229.92,261.49600000000004,4968.424,2874.2,2094.224,42.15066991061955,4968.424,2094.224
ORD-100194,2025-08-19,Electronics,USB-C Hub,Central,Bhopal,Returning,1,970.54,0.0,Net Banking,Delivered,582.94,970.54,0.0,970.54,582.94,387.5999999999999,39.93653017907556,970.54,387.5999999999999
ORD-102191,2025-08-20,Electronics,Power Bank,West,Mumbai,New,1,1306.62,0.1,Cash on Delivery,Delivered,816.25,1306.62,130.662,1175.9579999999999,816.25,359.70799999999986,30.588507412679693,1175.9579999999999,359.70799999999986
ORD-103237,2025-08-20,Home & Kitchen,Storage Box Set,North,Chandigarh,New,2,968.09,0.1,Cash on Delivery,Delivered,507.36,1936.18,193.61800000000002,1742.5620000000001,1014.72,727.8420000000001,41.7684994852407,1742.5620000000001,727.8420000000001
ORD-102145,2025-08-20,Sports,Sports Bag,North,Delhi,Loyal,1,1665.67,0.1,UPI,Returned,827.16,1665.67,166.567,1499.103,827.16,671.9430000000001,44.82300415648559,0.0,0.0
ORD-102441,2025-08-20,Electronics,Wireless Headphones,South,Chennai,Returning,2,2562.56,0.05,Debit Card,Delivered,1700.84,5125.12,256.25600000000003,4868.864,3401.68,1467.1839999999997,30.134010726115985,4868.864,1467.1839999999997
ORD-101773,2025-08-20,Electronics,Smart Watch,East,Patna,Loyal,2,3839.57,0.0,Credit Card,Delivered,2768.16,7679.14,0.0,7679.14,5536.32,2142.8200000000006,27.90442679779247,7679.14,2142.8200000000006
ORD-101052,2025-08-21,Fashion,T-Shirt,West,Ahmedabad,New,1,832.98,0.1,Credit Card,Delivered,422.67,832.98,83.298,749.682,422.67,327.012,43.62009492024618,749.682,327.012
ORD-100053,2025-08-21,Electronics,Wireless Headphones,Central,Bhopal,Returning,1,2413.51,0.1,Cash on Delivery,Delivered,1608.42,2413.51,241.35100000000003,2172.159,1608.42,563.739,25.952934384637587,2172.159,563.739
ORD-103115,2025-08-21,Home & Kitchen,Air Fryer,South,Chennai,Returning,4,5033.11,0.1,UPI,Delivered,3205.37,20132.44,2013.244,18119.196,12821.48,5297.716,29.238140588577995,18119.196,5297.716
ORD-102893,2025-08-21,Fashion,Hoodie,South,Kochi,Loyal,1,1843.27,0.1,Debit Card,Delivered,1011.0,1843.27,184.327,1658.943,1011.0,647.943,39.05758064020283,1658.943,647.943
ORD-100301,2025-08-21,Sports,Resistance Bands,West,Ahmedabad,New,2,674.72,0.15,UPI,Delivered,308.59,1349.44,202.416,1147.0240000000001,617.18,529.8440000000002,46.19293057512311,1147.0240000000001,529.8440000000002
ORD-100746,2025-08-21,Home & Kitchen,Storage Box Set,East,Patna,New,3,1027.9,0.0,Debit Card,Delivered,511.96,3083.7000000000003,0.0,3083.7000000000003,1535.8799999999999,1547.8200000000004,50.19359859908552,3083.7000000000003,1547.8200000000004
ORD-102763,2025-08-21,Sports,Running Shoes,East,Patna,Returning,5,3662.06,0.05,UPI,Delivered,2055.04,18310.3,915.515,17394.785,10275.2,7119.584999999999,40.92942223775688,17394.785,7119.584999999999
ORD-100630,2025-08-22,Home & Kitchen,Mixer Grinder,South,Hyderabad,Returning,2,3130.52,0.1,Net Banking,Delivered,1919.38,6261.04,626.104,5634.936,3838.76,1796.1759999999995,31.875712519183885,5634.936,1796.1759999999995
ORD-100201,2025-08-22,Sports,Resistance Bands,South,Kochi,Loyal,1,698.05,0.05,UPI,Delivered,293.63,698.05,34.902499999999996,663.1474999999999,293.63,369.5174999999999,55.72176627371738,663.1474999999999,369.5174999999999
ORD-101360,2025-08-22,Sports,Resistance Bands,East,Kolkata,New,1,729.37,0.1,Credit Card,Delivered,291.54,729.37,72.937,656.433,291.54,364.893,55.58724195767123,656.433,364.893
ORD-101138,2025-08-22,Sports,Resistance Bands,South,Bengaluru,Loyal,1,678.48,0.15,Debit Card,Delivered,303.77,678.48,101.772,576.708,303.77,272.938,47.326896800460545,576.708,272.938
ORD-102201,2025-08-22,Fashion,T-Shirt,Central,Indore,New,5,767.62,0.05,Net Banking,Delivered,417.29,3838.1,191.905,3646.1949999999997,2086.4500000000003,1559.7449999999994,42.7773336313609,3646.1949999999997,1559.7449999999994
ORD-103101,2025-08-22,Electronics,Wireless Headphones,North,Chandigarh,New,3,2556.96,0.0,Credit Card,Delivered,1609.63,7670.88,0.0,7670.88,4828.89,2841.99,37.04907390025655,7670.88,2841.99
ORD-100063,2025-08-22,Beauty,Skin Care Kit,West,Mumbai,Returning,3,1545.79,0.05,Net Banking,Delivered,864.9,4637.37,231.8685,4405.5015,2594.7,1810.8015000000005,41.10318654981732,4405.5015,1810.8015000000005
ORD-102056,2025-08-22,Electronics,Smart Watch,Central,Nagpur,New,1,3954.91,0.0,Cash on Delivery,Delivered,2749.52,3954.91,0.0,3954.91,2749.52,1205.3899999999999,30.478316826425882,3954.91,1205.3899999999999
ORD-100628,2025-08-23,Home & Kitchen,Air Fryer,North,Chandigarh,New,2,4933.65,0.2,UPI,Delivered,3376.84,9867.3,1973.46,7893.839999999999,6753.68,1140.159999999999,14.443667467290938,7893.839999999999,1140.159999999999
ORD-102356,2025-08-23,Electronics,Smart Watch,East,Kolkata,Loyal,5,4010.23,0.1,UPI,Delivered,2781.98,20051.15,2005.1150000000002,18046.035,13909.9,4136.135,22.919910107677392,18046.035,4136.135
ORD-100393,2025-08-23,Beauty,Skin Care Kit,North,Lucknow,Returning,1,1557.65,0.1,UPI,Delivered,881.52,1557.65,155.76500000000001,1401.885,881.52,520.365,37.11895055585872,1401.885,520.365
ORD-102587,2025-08-24,Electronics,Smart Watch,North,Delhi,Loyal,3,4036.27,0.0,Credit Card,Delivered,2673.7,12108.81,0.0,12108.81,8021.099999999999,4087.71,33.75814799307281,12108.81,4087.71
ORD-102279,2025-08-24,Fashion,Denim Jacket,Central,Nagpur,New,2,2587.79,0.1,Cash on Delivery,Delivered,1412.54,5175.58,517.558,4658.022,2825.08,1832.942,39.35022204704057,4658.022,1832.942
ORD-101151,2025-08-24,Fashion,Hoodie,South,Chennai,New,1,1731.43,0.1,Credit Card,Delivered,1008.97,1731.43,173.14300000000003,1558.287,1008.97,549.317,35.25133688466887,1558.287,549.317
ORD-103108,2025-08-24,Home & Kitchen,Air Fryer,East,Bhubaneswar,Returning,2,4904.24,0.1,Cash on Delivery,Cancelled,3339.06,9808.48,980.848,8827.632,6678.12,2149.5119999999997,24.349814310338264,0.0,0.0
ORD-103011,2025-08-24,Fashion,Denim Jacket,South,Hyderabad,New,1,2612.48,0.0,Credit Card,Delivered,1406.88,2612.48,0.0,2612.48,1406.88,1205.6,46.14772170504654,2612.48,1205.6
ORD-101271,2025-08-24,Fashion,Sneakers,West,Pune,Loyal,2,3047.03,0.05,UPI,Delivered,1797.62,6094.06,304.70300000000003,5789.357,3595.24,2194.117,37.89914838556337,5789.357,2194.117
ORD-102767,2025-08-24,Fashion,Backpack,East,Guwahati,New,4,1520.6,0.1,UPI,Delivered,856.19,6082.4,608.24,5474.16,3424.76,2049.3999999999996,37.43770733774679,5474.16,2049.3999999999996
ORD-102696,2025-08-25,Fashion,Sneakers,North,Jaipur,Returning,1,3056.99,0.0,UPI,Delivered,1793.7,3056.99,0.0,3056.99,1793.7,1263.2899999999997,41.3246363252742,3056.99,1263.2899999999997
ORD-102407,2025-08-25,Sports,Yoga Mat,West,Mumbai,Returning,3,968.81,0.1,Cash on Delivery,Delivered,517.26,2906.43,290.643,2615.787,1551.78,1064.0069999999998,40.67636241024212,2615.787,1064.0069999999998
ORD-100022,2025-08-25,Beauty,Perfume,Central,Bhopal,New,1,2066.33,0.1,Net Banking,Delivered,1123.88,2066.33,206.633,1859.697,1123.88,735.8169999999998,39.56649927380642,1859.697,735.8169999999998
ORD-100332,2025-08-25,Electronics,Bluetooth Speaker,Central,Nagpur,New,1,1980.94,0.0,Cash on Delivery,Delivered,1215.06,1980.94,0.0,1980.94,1215.06,765.8800000000001,38.66245317879391,1980.94,765.8800000000001
ORD-100909,2025-08-25,Electronics,Wireless Headphones,East,Guwahati,New,2,2476.19,0.05,Cash on Delivery,Returned,1712.92,4952.38,247.61900000000003,4704.761,3425.84,1278.9210000000003,27.183548749872738,0.0,0.0
ORD-103006,2025-08-25,Home & Kitchen,Water Bottle,North,Delhi,New,2,706.0,0.0,UPI,Delivered,294.11,1412.0,0.0,1412.0,588.22,823.78,58.3413597733711,1412.0,823.78
ORD-101864,2025-08-25,Sports,Sports Bag,Central,Bhopal,Loyal,3,1538.87,0.05,Debit Card,Delivered,828.11,4616.61,230.8305,4385.7795,2484.33,1901.4494999999997,43.354881384255634,4385.7795,1901.4494999999997
ORD-101967,2025-08-25,Beauty,Skin Care Kit,West,Ahmedabad,Returning,2,1618.05,0.05,Net Banking,Delivered,860.01,3236.1,161.805,3074.295,1720.02,1354.275,44.051563041282634,3074.295,1354.275
ORD-100068,2025-08-25,Fashion,Denim Jacket,East,Bhubaneswar,New,1,2529.8,0.15,Debit Card,Delivered,1458.64,2529.8,379.47,2150.33,1458.64,691.6899999999998,32.166690693986496,2150.33,691.6899999999998
ORD-102415,2025-08-26,Home & Kitchen,Storage Box Set,North,Lucknow,New,2,1014.65,0.05,Credit Card,Delivered,505.34,2029.3,101.465,1927.835,1010.68,917.1550000000001,47.574351539421166,1927.835,917.1550000000001
ORD-103254,2025-08-26,Electronics,USB-C Hub,North,Lucknow,Loyal,3,1011.83,0.05,Cash on Delivery,Delivered,584.94,3035.4900000000002,151.77450000000002,2883.7155000000002,1754.8200000000002,1128.8955,39.14725637809971,2883.7155000000002,1128.8955
ORD-103493,2025-08-26,Fashion,Sneakers,South,Hyderabad,Loyal,1,3058.46,0.15,Cash on Delivery,Delivered,1829.84,3058.46,458.769,2599.691,1829.84,769.8509999999999,29.613173257898723,2599.691,769.8509999999999
ORD-101268,2025-08-26,Electronics,Power Bank,East,Bhubaneswar,New,1,1294.68,0.1,UPI,Returned,787.65,1294.68,129.46800000000002,1165.212,787.65,377.562,32.402858878899295,0.0,0.0
ORD-101937,2025-08-26,Fashion,Denim Jacket,West,Pune,Returning,1,2496.23,0.05,Credit Card,Delivered,1464.98,2496.23,124.81150000000001,2371.4185,1464.98,906.4385000000002,38.223472575591366,2371.4185,906.4385000000002
ORD-101044,2025-08-26,Sports,Dumbbell Set,West,Ahmedabad,Returning,1,2543.53,0.15,UPI,Cancelled,1530.62,2543.53,381.52950000000004,2162.0005,1530.62,631.3805000000002,29.203531636556058,0.0,0.0
ORD-100576,2025-08-27,Sports,Dumbbell Set,North,Chandigarh,Returning,1,2494.82,0.1,UPI,Delivered,1519.14,2494.82,249.48200000000003,2245.338,1519.14,726.1980000000001,32.34248028581889,2245.338,726.1980000000001
ORD-102654,2025-08-27,Electronics,Bluetooth Speaker,South,Kochi,Returning,4,1917.23,0.0,Debit Card,Delivered,1208.86,7668.92,0.0,7668.92,4835.44,2833.4800000000005,36.94757540827132,7668.92,2833.4800000000005
ORD-102680,2025-08-27,Electronics,Power Bank,East,Patna,New,1,1329.33,0.15,Credit Card,Delivered,780.01,1329.33,199.3995,1129.9305,780.01,349.92049999999995,30.96832061794951,1129.9305,349.92049999999995
ORD-100374,2025-08-27,Electronics,Wireless Headphones,East,Patna,New,1,2433.79,0.0,UPI,Delivered,1684.73,2433.79,0.0,2433.79,1684.73,749.06,30.777511617682705,2433.79,749.06
ORD-103025,2025-08-27,Electronics,Power Bank,South,Hyderabad,Loyal,1,1309.21,0.0,Net Banking,Delivered,821.88,1309.21,0.0,1309.21,821.88,487.33000000000004,37.22321094400441,1309.21,487.33000000000004
ORD-100498,2025-08-27,Home & Kitchen,Air Fryer,East,Bhubaneswar,Loyal,2,4907.13,0.1,UPI,Delivered,3258.91,9814.26,981.426,8832.834,6517.82,2315.014000000001,26.209187221224816,8832.834,2315.014000000001
ORD-101857,2025-08-28,Electronics,Wireless Headphones,West,Mumbai,New,2,2533.35,0.05,Cash on Delivery,Delivered,1619.5,5066.7,253.335,4813.365,3239.0,1574.3649999999998,32.70819894190446,4813.365,1574.3649999999998
ORD-100770,2025-08-29,Electronics,Power Bank,South,Kochi,Loyal,1,1358.18,0.05,UPI,Delivered,794.62,1358.18,67.909,1290.271,794.62,495.65099999999995,38.41448811916256,1290.271,495.65099999999995
ORD-101772,2025-08-29,Sports,Dumbbell Set,North,Lucknow,Returning,4,2471.46,0.1,UPI,Delivered,1503.65,9885.84,988.5840000000001,8897.256,6014.6,2882.655999999999,32.39938246128918,8897.256,2882.655999999999
ORD-100913,2025-08-29,Fashion,Denim Jacket,North,Jaipur,Returning,2,2511.44,0.0,UPI,Delivered,1463.7,5022.88,0.0,5022.88,2927.4,2095.48,41.718695250533564,5022.88,2095.48
ORD-101748,2025-08-29,Beauty,Perfume,East,Bhubaneswar,Returning,5,1936.27,0.1,Cash on Delivery,Delivered,1113.83,9681.35,968.1350000000001,8713.215,5569.15,3144.0650000000005,36.083868009684146,8713.215,3144.0650000000005
ORD-102724,2025-08-29,Electronics,Power Bank,East,Kolkata,New,3,1255.19,0.2,Debit Card,Delivered,782.79,3765.57,753.114,3012.456,2348.37,664.0860000000002,22.044670527967885,3012.456,664.0860000000002
ORD-102920,2025-08-30,Electronics,Wireless Headphones,South,Chennai,Returning,4,2586.19,0.05,UPI,Returned,1664.88,10344.76,517.238,9827.522,6659.52,3168.0020000000004,32.236020433228234,0.0,0.0
ORD-102569,2025-08-30,Sports,Running Shoes,Central,Bhopal,Returning,1,3539.21,0.15,UPI,Delivered,2140.62,3539.21,530.8815,3008.3285,2140.62,867.7085000000002,28.843542186300468,3008.3285,867.7085000000002
ORD-103228,2025-08-30,Electronics,Smart Watch,North,Delhi,New,4,3973.74,0.0,UPI,Returned,2797.85,15894.96,0.0,15894.96,11191.4,4703.5599999999995,29.591518317756066,0.0,0.0
ORD-102592,2025-08-30,Electronics,Smart Watch,South,Kochi,Returning,2,3976.4,0.0,Credit Card,Delivered,2786.85,7952.8,0.0,7952.8,5573.7,2379.1000000000004,29.915249974851626,7952.8,2379.1000000000004
ORD-101718,2025-08-30,Fashion,Denim Jacket,Central,Nagpur,Returning,2,2547.27,0.15,Net Banking,Delivered,1418.14,5094.54,764.1809999999999,4330.359,2836.28,1494.0790000000002,34.50242808968033,4330.359,1494.0790000000002
ORD-100634,2025-08-31,Electronics,Power Bank,South,Kochi,Returning,2,1291.87,0.0,Cash on Delivery,Returned,828.54,2583.74,0.0,2583.74,1657.08,926.6599999999999,35.86506382221121,0.0,0.0
ORD-100379,2025-08-31,Electronics,USB-C Hub,East,Guwahati,Returning,1,977.74,0.05,Credit Card,Delivered,580.01,977.74,48.887,928.8530000000001,580.01,348.8430000000001,37.55631946066816,928.8530000000001,348.8430000000001
ORD-101945,2025-08-31,Beauty,Skin Care Kit,West,Pune,New,2,1565.38,0.05,Credit Card,Delivered,874.28,3130.76,156.538,2974.222,1748.56,1225.6620000000003,41.20949949264043,2974.222,1225.6620000000003
ORD-102544,2025-08-31,Home & Kitchen,Storage Box Set,West,Pune,New,1,970.79,0.1,UPI,Delivered,515.9,970.79,97.07900000000001,873.711,515.9,357.81100000000004,40.953015356336365,873.711,357.81100000000004
ORD-101285,2025-09-01,Sports,Running Shoes,Central,Nagpur,Loyal,1,3472.88,0.1,Credit Card,Cancelled,2173.68,3472.88,347.288,3125.592,2173.68,951.9120000000003,30.45541452627215,0.0,0.0
ORD-103063,2025-09-01,Fashion,Backpack,North,Delhi,New,3,1497.22,0.0,Credit Card,Delivered,837.44,4491.66,0.0,4491.66,2512.32,1979.3399999999997,44.06700418108226,4491.66,1979.3399999999997
ORD-100188,2025-09-01,Home & Kitchen,Coffee Maker,North,Jaipur,New,2,3644.21,0.1,Debit Card,Delivered,2220.77,7288.42,728.8420000000001,6559.5779999999995,4441.54,2118.0379999999996,32.28924177744361,6559.5779999999995,2118.0379999999996
ORD-101017,2025-09-02,Fashion,T-Shirt,West,Ahmedabad,New,1,776.55,0.1,UPI,Delivered,422.94,776.55,77.655,698.895,422.94,275.955,39.48447191638228,698.895,275.955
ORD-102875,2025-09-02,Electronics,Wireless Headphones,Central,Nagpur,New,1,2531.9,0.05,UPI,Delivered,1612.12,2531.9,126.59500000000001,2405.3050000000003,1612.12,793.1850000000004,32.976483231856264,2405.3050000000003,793.1850000000004
ORD-102581,2025-09-02,Electronics,Bluetooth Speaker,East,Bhubaneswar,Loyal,2,1847.51,0.2,UPI,Delivered,1191.17,3695.02,739.004,2956.016,2382.34,573.6759999999999,19.407066808840003,2956.016,573.6759999999999
ORD-102405,2025-09-02,Home & Kitchen,Coffee Maker,North,Chandigarh,New,3,3583.45,0.05,Debit Card,Cancelled,2188.87,10750.349999999999,537.5174999999999,10212.832499999999,6566.61,3646.222499999999,35.702362689293096,0.0,0.0
ORD-103424,2025-09-02,Electronics,Wireless Headphones,Central,Bhopal,Returning,2,2494.31,0.0,UPI,Delivered,1713.52,4988.62,0.0,4988.62,3427.04,1561.58,31.30284527584783,4988.62,1561.58
ORD-101593,2025-09-02,Electronics,Wireless Headphones,South,Bengaluru,New,1,2490.17,0.0,Debit Card,Delivered,1623.41,2490.17,0.0,2490.17,1623.41,866.76,34.807262154792646,2490.17,866.76
ORD-100758,2025-09-02,Sports,Running Shoes,North,Lucknow,Returning,1,3412.05,0.05,Debit Card,Delivered,2178.78,3412.05,170.60250000000002,3241.4475,2178.78,1062.6675,32.78373319327245,3241.4475,1062.6675
ORD-102428,2025-09-03,Sports,Sports Bag,Central,Bhopal,New,2,1623.9,0.15,UPI,Delivered,858.84,3247.8,487.17,2760.63,1717.68,1042.95,37.779419915019396,2760.63,1042.95
ORD-101159,2025-09-03,Sports,Resistance Bands,North,Jaipur,Returning,2,681.43,0.0,Debit Card,Delivered,308.01,1362.86,0.0,1362.86,616.02,746.8399999999999,54.79946582921209,1362.86,746.8399999999999
ORD-101761,2025-09-03,Sports,Sports Bag,North,Lucknow,Loyal,5,1640.09,0.05,Credit Card,Delivered,858.55,8200.449999999999,410.0225,7790.427499999999,4292.75,3497.677499999999,44.897118932176696,7790.427499999999,3497.677499999999
ORD-101468,2025-09-03,Electronics,Power Bank,West,Surat,Returning,4,1334.5,0.15,UPI,Delivered,793.19,5338.0,800.6999999999999,4537.3,3172.76,1364.54,30.07383245542503,4537.3,1364.54
ORD-101881,2025-09-03,Electronics,Smart Watch,North,Lucknow,Returning,2,3849.06,0.15,UPI,Delivered,2625.27,7698.12,1154.7179999999998,6543.402,5250.54,1292.862,19.75825419254388,6543.402,1292.862
ORD-100614,2025-09-03,Sports,Dumbbell Set,South,Chennai,Returning,3,2406.55,0.1,UPI,Delivered,1486.74,7219.650000000001,721.9650000000001,6497.685,4460.22,2037.4650000000001,31.35678322356347,6497.685,2037.4650000000001
ORD-101385,2025-09-04,Beauty,Hair Dryer,South,Hyderabad,Loyal,1,2356.26,0.15,Credit Card,Delivered,1347.76,2356.26,353.439,2002.8210000000001,1347.76,655.0610000000001,32.70691689372141,2002.8210000000001,655.0610000000001
ORD-102848,2025-09-04,Electronics,Bluetooth Speaker,South,Chennai,New,2,1952.39,0.1,Credit Card,Delivered,1207.93,3904.78,390.47800000000007,3514.302,2415.86,1098.442,31.256334828367056,3514.302,1098.442
ORD-103023,2025-09-04,Electronics,USB-C Hub,East,Patna,Returning,1,1022.85,0.05,Credit Card,Delivered,572.93,1022.85,51.142500000000005,971.7075,572.93,398.77750000000003,41.03884142090084,971.7075,398.77750000000003
ORD-101066,2025-09-05,Home & Kitchen,Mixer Grinder,North,Chandigarh,New,2,3021.31,0.0,UPI,Delivered,1800.88,6042.62,0.0,6042.62,3601.76,2440.8599999999997,40.394067474042714,6042.62,2440.8599999999997
ORD-102835,2025-09-05,Home & Kitchen,Air Fryer,West,Mumbai,New,1,5193.99,0.05,UPI,Delivered,3252.6,5193.99,259.6995,4934.2905,3252.6,1681.6905000000002,34.0817084036702,4934.2905,1681.6905000000002
ORD-102779,2025-09-05,Electronics,Smart Watch,North,Delhi,Returning,2,4177.4,0.0,Net Banking,Delivered,2796.64,8354.8,0.0,8354.8,5593.28,2761.5199999999995,33.05309522669603,8354.8,2761.5199999999995
ORD-101629,2025-09-05,Fashion,T-Shirt,North,Lucknow,Loyal,1,838.32,0.05,UPI,Delivered,435.73,838.32,41.916000000000004,796.404,435.73,360.674,45.28781874525994,796.404,360.674
ORD-100094,2025-09-05,Sports,Yoga Mat,East,Kolkata,Returning,1,965.01,0.1,Cash on Delivery,Delivered,489.08,965.01,96.501,868.509,489.08,379.42900000000003,43.68739990028889,868.509,379.42900000000003
ORD-102600,2025-09-06,Beauty,Face Serum,East,Kolkata,New,3,875.01,0.2,Credit Card,Delivered,415.73,2625.0299999999997,525.006,2100.024,1247.19,852.8339999999998,40.610678735100166,2100.024,852.8339999999998
ORD-102216,2025-09-06,Electronics,Bluetooth Speaker,North,Lucknow,New,1,1980.9,0.1,UPI,Delivered,1178.46,1980.9,198.09000000000003,1782.81,1178.46,604.3499999999999,33.89873289918724,1782.81,604.3499999999999
ORD-103059,2025-09-06,Fashion,T-Shirt,East,Patna,Loyal,2,823.04,0.05,Cash on Delivery,Delivered,440.46,1646.08,82.304,1563.7759999999998,880.92,682.8559999999999,43.66712368011786,1563.7759999999998,682.8559999999999
ORD-102683,2025-09-06,Beauty,Perfume,East,Patna,Loyal,1,2097.42,0.05,Net Banking,Cancelled,1141.63,2097.42,104.87100000000001,1992.549,1141.63,850.9189999999999,42.70504765503884,0.0,0.0
ORD-102852,2025-09-07,Sports,Sports Bag,Central,Indore,Loyal,2,1639.53,0.05,UPI,Delivered,827.61,3279.06,163.953,3115.107,1655.22,1459.887,46.86474654000649,3115.107,1459.887
ORD-101173,2025-09-07,Electronics,Wireless Headphones,Central,Bhopal,Returning,4,2526.23,0.1,Net Banking,Delivered,1650.04,10104.92,1010.4920000000001,9094.428,6600.16,2494.268,27.426331815480864,9094.428,2494.268
ORD-100809,2025-09-07,Fashion,Backpack,North,Lucknow,Returning,1,1459.62,0.1,UPI,Delivered,866.97,1459.62,145.962,1313.658,866.97,446.6879999999999,34.00337074032967,1313.658,446.6879999999999
ORD-102574,2025-09-07,Electronics,Bluetooth Speaker,North,Lucknow,Returning,5,1943.36,0.1,Credit Card,Delivered,1207.68,9716.8,971.68,8745.119999999999,6038.400000000001,2706.7199999999984,30.951204786212184,8745.119999999999,2706.7199999999984
ORD-103329,2025-09-08,Fashion,Denim Jacket,North,Lucknow,Returning,3,2428.61,0.0,UPI,Delivered,1417.37,7285.83,0.0,7285.83,4252.11,3033.7200000000003,41.63863279818497,7285.83,3033.7200000000003
ORD-103405,2025-09-08,Electronics,USB-C Hub,West,Ahmedabad,Returning,1,979.64,0.05,Credit Card,Delivered,609.31,979.64,48.982,930.658,609.31,321.34800000000007,34.52911810783339,930.658,321.34800000000007
ORD-102622,2025-09-08,Electronics,USB-C Hub,North,Jaipur,Loyal,5,962.9,0.05,Credit Card,Cancelled,581.98,4814.5,240.72500000000002,4573.775,2909.9,1663.8749999999995,36.37859317522177,0.0,0.0
ORD-101921,2025-09-08,Fashion,Backpack,South,Kochi,Returning,3,1441.09,0.1,UPI,Delivered,872.41,4323.2699999999995,432.327,3890.9429999999993,2617.23,1273.7129999999993,32.73532919911701,3890.9429999999993,1273.7129999999993
ORD-103092,2025-09-08,Fashion,T-Shirt,Central,Bhopal,Returning,1,812.04,0.0,Net Banking,Delivered,446.77,812.04,0.0,812.04,446.77,365.27,44.98177429683267,812.04,365.27
ORD-101094,2025-09-08,Electronics,Smart Watch,North,Lucknow,Returning,1,3954.4,0.05,Credit Card,Returned,2739.46,3954.4,197.72000000000003,3756.6800000000003,2739.46,1017.2200000000003,27.07763237752484,0.0,0.0
ORD-102384,2025-09-08,Home & Kitchen,Coffee Maker,West,Ahmedabad,New,1,3378.57,0.1,Debit Card,Returned,2161.07,3378.57,337.857,3040.713,2161.07,879.643,28.928840045081532,0.0,0.0
ORD-101352,2025-09-08,Electronics,USB-C Hub,West,Ahmedabad,New,3,959.56,0.2,UPI,Delivered,582.4,2878.68,575.736,2302.944,1747.1999999999998,555.7440000000001,24.131893784651304,2302.944,555.7440000000001
ORD-102012,2025-09-08,Fashion,T-Shirt,West,Mumbai,New,2,780.34,0.0,Debit Card,Delivered,417.44,1560.68,0.0,1560.68,834.88,725.8000000000001,46.50536945434042,1560.68,725.8000000000001
ORD-101774,2025-09-09,Fashion,T-Shirt,North,Jaipur,New,2,816.92,0.0,Debit Card,Delivered,423.5,1633.84,0.0,1633.84,847.0,786.8399999999999,48.158938451745584,1633.84,786.8399999999999
ORD-100552,2025-09-09,Beauty,Face Serum,West,Pune,Returning,1,863.26,0.05,Debit Card,Delivered,424.01,863.26,43.163000000000004,820.097,424.01,396.087,48.29757943267687,820.097,396.087
ORD-102291,2025-09-09,Fashion,Backpack,Central,Bhopal,Returning,3,1497.01,0.1,Cash on Delivery,Delivered,846.64,4491.03,449.103,4041.9269999999997,2539.92,1502.0069999999996,37.16066618719239,4041.9269999999997,1502.0069999999996
ORD-101283,2025-09-09,Electronics,Power Bank,East,Patna,Returning,1,1312.41,0.1,Credit Card,Delivered,800.13,1312.41,131.241,1181.169,800.13,381.0390000000001,32.259481920030076,1181.169,381.0390000000001
ORD-102342,2025-09-09,Beauty,Perfume,West,Mumbai,New,5,1996.27,0.0,UPI,Delivered,1072.82,9981.35,0.0,9981.35,5364.099999999999,4617.250000000001,46.25877261091937,9981.35,4617.250000000001
ORD-101478,2025-09-09,Electronics,USB-C Hub,South,Hyderabad,Returning,3,970.31,0.1,Debit Card,Delivered,605.76,2910.93,291.093,2619.837,1817.28,802.557,30.633852411428652,2619.837,802.557
ORD-101754,2025-09-09,Home & Kitchen,Mixer Grinder,North,Jaipur,Returning,3,3144.93,0.1,Debit Card,Delivered,1899.51,9434.789999999999,943.4789999999999,8491.311,5698.53,2792.781,32.88986824296036,8491.311,2792.781
ORD-102059,2025-09-09,Sports,Resistance Bands,East,Bhubaneswar,New,1,671.73,0.0,Credit Card,Delivered,294.07,671.73,0.0,671.73,294.07,377.66,56.22199395590491,671.73,377.66
ORD-103460,2025-09-10,Electronics,Power Bank,South,Bengaluru,Returning,1,1344.46,0.05,Cash on Delivery,Delivered,811.38,1344.46,67.223,1277.237,811.38,465.8570000000001,36.47381026387429,1277.237,465.8570000000001
ORD-103250,2025-09-10,Home & Kitchen,Air Fryer,North,Chandigarh,New,2,5188.45,0.0,UPI,Delivered,3349.1,10376.9,0.0,10376.9,6698.2,3678.7,35.45085719241777,10376.9,3678.7
ORD-101694,2025-09-10,Fashion,Backpack,South,Bengaluru,Loyal,2,1462.79,0.05,UPI,Delivered,859.11,2925.58,146.279,2779.301,1718.22,1061.081,38.177980722491014,2779.301,1061.081
ORD-103380,2025-09-10,Sports,Dumbbell Set,South,Kochi,Returning,3,2440.88,0.1,Credit Card,Delivered,1520.25,7322.64,732.2640000000001,6590.376,4560.75,2029.6260000000002,30.796816448712487,6590.376,2029.6260000000002
ORD-101666,2025-09-10,Electronics,USB-C Hub,West,Ahmedabad,New,2,1036.64,0.2,UPI,Delivered,594.02,2073.28,414.65600000000006,1658.6240000000003,1188.04,470.5840000000003,28.37195169007564,1658.6240000000003,470.5840000000003
ORD-103041,2025-09-10,Fashion,Hoodie,North,Jaipur,New,2,1769.04,0.0,UPI,Delivered,991.63,3538.08,0.0,3538.08,1983.26,1554.82,43.945303667525884,3538.08,1554.82
ORD-102003,2025-09-11,Fashion,Denim Jacket,West,Pune,Returning,4,2590.28,0.0,UPI,Delivered,1487.78,10361.12,0.0,10361.12,5951.12,4410.000000000001,42.562966165819915,10361.12,4410.000000000001
ORD-102546,2025-09-11,Fashion,Sneakers,North,Lucknow,New,1,2993.88,0.15,Cash on Delivery,Cancelled,1765.73,2993.88,449.082,2544.7980000000002,1765.73,779.0680000000002,30.61413911831116,0.0,0.0
ORD-100440,2025-09-11,Sports,Dumbbell Set,East,Guwahati,New,2,2405.61,0.05,UPI,Delivered,1543.54,4811.22,240.56100000000004,4570.659000000001,3087.08,1483.5790000000006,32.45875485351238,4570.659000000001,1483.5790000000006
ORD-101320,2025-09-11,Fashion,Backpack,South,Chennai,Returning,2,1478.19,0.2,Credit Card,Delivered,880.92,2956.38,591.2760000000001,2365.1040000000003,1761.84,603.2640000000004,25.506869888174062,2365.1040000000003,603.2640000000004
ORD-102800,2025-09-11,Fashion,Sneakers,North,Chandigarh,Loyal,1,3125.06,0.1,Credit Card,Delivered,1869.57,3125.06,312.50600000000003,2812.554,1869.57,942.9840000000002,33.52767626861565,2812.554,942.9840000000002
ORD-102134,2025-09-12,Fashion,Denim Jacket,South,Kochi,New,3,2607.99,0.2,Debit Card,Delivered,1491.0,7823.969999999999,1564.7939999999999,6259.1759999999995,4473.0,1786.1759999999995,28.536919236653507,6259.1759999999995,1786.1759999999995
ORD-102374,2025-09-12,Fashion,Hoodie,North,Jaipur,New,2,1764.5,0.0,Credit Card,Delivered,1024.37,3529.0,0.0,3529.0,2048.74,1480.2600000000002,41.94559365259281,3529.0,1480.2600000000002
ORD-103318,2025-09-12,Fashion,Hoodie,West,Surat,Returning,1,1828.38,0.0,Credit Card,Delivered,1010.96,1828.38,0.0,1828.38,1010.96,817.4200000000001,44.70733654929501,1828.38,817.4200000000001
ORD-101168,2025-09-12,Sports,Yoga Mat,West,Ahmedabad,New,2,983.89,0.0,UPI,Returned,487.22,1967.78,0.0,1967.78,974.44,993.3399999999999,50.48023661181635,0.0,0.0
ORD-102225,2025-09-13,Electronics,Bluetooth Speaker,South,Kochi,Returning,2,1928.3,0.1,Credit Card,Delivered,1246.12,3856.6,385.66,3470.94,2492.24,978.7000000000003,28.196972578033623,3470.94,978.7000000000003
ORD-100957,2025-09-13,Sports,Dumbbell Set,West,Mumbai,Returning,2,2470.25,0.15,Net Banking,Delivered,1508.35,4940.5,741.0749999999999,4199.425,3016.7,1182.7250000000004,28.163974829887433,4199.425,1182.7250000000004
ORD-101956,2025-09-13,Electronics,Power Bank,South,Hyderabad,Returning,3,1344.58,0.1,Credit Card,Delivered,807.25,4033.74,403.374,3630.366,2421.75,1208.616,33.29184991265344,3630.366,1208.616
ORD-102140,2025-09-13,Electronics,USB-C Hub,West,Ahmedabad,New,3,993.04,0.2,Net Banking,Delivered,609.97,2979.12,595.824,2383.296,1829.91,553.3859999999997,23.219356722790614,2383.296,553.3859999999997
ORD-101302,2025-09-14,Electronics,Wireless Headphones,East,Kolkata,Returning,4,2469.28,0.1,Credit Card,Delivered,1702.81,9877.12,987.7120000000001,8889.408000000001,6811.24,2078.1680000000015,23.37802472335617,8889.408000000001,2078.1680000000015
ORD-102073,2025-09-14,Home & Kitchen,Storage Box Set,Central,Indore,Loyal,1,976.84,0.0,UPI,Delivered,512.48,976.84,0.0,976.84,512.48,464.36,47.53695589861185,976.84,464.36
ORD-103166,2025-09-14,Beauty,Perfume,North,Jaipur,New,1,2059.1,0.1,UPI,Cancelled,1097.43,2059.1,205.91,1853.1899999999998,1097.43,755.7599999999998,40.78157123662441,0.0,0.0
ORD-101847,2025-09-14,Sports,Dumbbell Set,East,Patna,Returning,1,2568.81,0.15,Cash on Delivery,Delivered,1487.02,2568.81,385.32149999999996,2183.4885,1487.02,696.4685,31.897053728471665,2183.4885,696.4685
ORD-100027,2025-09-14,Beauty,Face Serum,West,Surat,New,4,874.62,0.15,Debit Card,Delivered,419.52,3498.48,524.7719999999999,2973.708,1678.08,1295.6280000000002,43.56944259490172,2973.708,1295.6280000000002
ORD-103312,2025-09-14,Electronics,Smart Watch,North,Delhi,New,1,3865.31,0.0,Debit Card,Delivered,2685.25,3865.31,0.0,3865.31,2685.25,1180.06,30.52950474864888,3865.31,1180.06
ORD-102524,2025-09-14,Sports,Dumbbell Set,South,Bengaluru,New,1,2449.91,0.0,UPI,Delivered,1549.56,2449.91,0.0,2449.91,1549.56,900.3499999999999,36.75032960394463,2449.91,900.3499999999999
ORD-103291,2025-09-15,Electronics,Power Bank,North,Delhi,Returning,4,1275.97,0.0,Net Banking,Delivered,799.72,5103.88,0.0,5103.88,3198.88,1905.0,37.324545247929024,5103.88,1905.0
ORD-103315,2025-09-15,Sports,Sports Bag,South,Bengaluru,Returning,2,1592.93,0.0,UPI,Delivered,869.88,3185.86,0.0,3185.86,1739.76,1446.1000000000001,45.39119735330492,3185.86,1446.1000000000001
ORD-103188,2025-09-15,Beauty,Face Serum,South,Bengaluru,Loyal,2,922.39,0.0,UPI,Delivered,424.48,1844.78,0.0,1844.78,848.96,995.8199999999999,53.980420429536316,1844.78,995.8199999999999
ORD-102163,2025-09-15,Sports,Resistance Bands,West,Ahmedabad,Returning,1,729.8,0.15,Debit Card,Delivered,299.46,729.8,109.46999999999998,620.3299999999999,299.46,320.86999999999995,51.72569438847066,620.3299999999999,320.86999999999995
ORD-102060,2025-09-15,Beauty,Face Serum,East,Kolkata,Loyal,1,911.34,0.2,UPI,Delivered,426.8,911.34,182.26800000000003,729.072,426.8,302.272,41.45982838457656,729.072,302.272
ORD-103274,2025-09-15,Home & Kitchen,Storage Box Set,South,Chennai,Returning,2,1033.6,0.15,UPI,Delivered,538.85,2067.2,310.08,1757.12,1077.7,679.4199999999998,38.66668184301584,1757.12,679.4199999999998
ORD-100585,2025-09-15,Fashion,Hoodie,West,Ahmedabad,New,1,1853.68,0.0,Credit Card,Cancelled,1008.46,1853.68,0.0,1853.68,1008.46,845.22,45.596866773121576,0.0,0.0
ORD-100942,2025-09-15,Fashion,Sneakers,West,Mumbai,Loyal,2,3063.04,0.0,Credit Card,Delivered,1840.21,6126.08,0.0,6126.08,3680.42,2445.66,39.92210353113247,6126.08,2445.66
ORD-102746,2025-09-16,Fashion,Backpack,North,Jaipur,New,1,1442.06,0.1,UPI,Delivered,877.99,1442.06,144.206,1297.854,877.99,419.86400000000003,32.35063420076526,1297.854,419.86400000000003
ORD-101866,2025-09-16,Home & Kitchen,Water Bottle,South,Chennai,New,2,699.84,0.15,UPI,Delivered,310.53,1399.68,209.952,1189.728,621.06,568.6680000000001,47.79815218268378,1189.728,568.6680000000001
ORD-100687,2025-09-17,Home & Kitchen,Water Bottle,Central,Bhopal,New,2,681.03,0.15,UPI,Delivered,292.56,1362.06,204.309,1157.751,585.12,572.631,49.46063531795697,1157.751,572.631
ORD-102915,2025-09-17,Home & Kitchen,Coffee Maker,South,Chennai,Loyal,3,3568.93,0.15,Credit Card,Cancelled,2246.08,10706.789999999999,1606.0185,9100.771499999999,6738.24,2362.531499999999,25.959683747691052,0.0,0.0
ORD-103142,2025-09-17,Fashion,Backpack,North,Jaipur,New,1,1468.07,0.0,UPI,Delivered,870.88,1468.07,0.0,1468.07,870.88,597.1899999999999,40.678577996962,1468.07,597.1899999999999
ORD-102509,2025-09-17,Sports,Yoga Mat,South,Kochi,New,5,965.7,0.2,Net Banking,Delivered,494.87,4828.5,965.7,3862.8,2474.35,1388.4500000000003,35.94413378896138,3862.8,1388.4500000000003
ORD-100164,2025-09-17,Home & Kitchen,Mixer Grinder,South,Kochi,New,2,2985.27,0.05,Credit Card,Delivered,1843.58,5970.54,298.527,5672.013,3687.16,1984.853,34.993802024078576,5672.013,1984.853
ORD-101131,2025-09-17,Electronics,USB-C Hub,South,Hyderabad,Loyal,1,960.38,0.05,Debit Card,Delivered,593.32,960.38,48.019000000000005,912.361,593.32,319.04099999999994,34.9687240028892,912.361,319.04099999999994
ORD-100962,2025-09-18,Electronics,Bluetooth Speaker,North,Jaipur,Loyal,1,1933.74,0.1,Credit Card,Delivered,1206.74,1933.74,193.37400000000002,1740.366,1206.74,533.626,30.661711387145,1740.366,533.626
ORD-101688,2025-09-18,Fashion,Sneakers,South,Kochi,New,1,3111.86,0.05,Cash on Delivery,Delivered,1842.02,3111.86,155.59300000000002,2956.2670000000003,1842.02,1114.2470000000003,37.6910137007246,2956.2670000000003,1114.2470000000003
ORD-101875,2025-09-18,Home & Kitchen,Mixer Grinder,Central,Indore,Loyal,4,3029.65,0.15,UPI,Delivered,1869.18,12118.6,1817.79,10300.810000000001,7476.72,2824.090000000001,27.416193483813416,10300.810000000001,2824.090000000001
ORD-102564,2025-09-18,Beauty,Hair Dryer,North,Jaipur,Returning,1,2346.94,0.05,Debit Card,Delivered,1287.63,2346.94,117.34700000000001,2229.593,1287.63,941.9629999999997,42.248204044415274,2229.593,941.9629999999997
ORD-103485,2025-09-18,Beauty,Hair Care Combo,East,Kolkata,New,1,1360.81,0.2,Credit Card,Returned,652.76,1360.81,272.162,1088.648,652.76,435.8879999999999,40.03938830549452,0.0,0.0
ORD-101340,2025-09-18,Sports,Resistance Bands,South,Chennai,Loyal,2,726.34,0.05,Net Banking,Cancelled,310.14,1452.68,72.634,1380.046,620.28,759.7660000000001,55.05367212397269,0.0,0.0
ORD-100144,2025-09-18,Electronics,USB-C Hub,Central,Nagpur,Returning,2,1039.27,0.1,UPI,Delivered,582.49,2078.54,207.854,1870.686,1164.98,705.7059999999999,37.724449747311944,1870.686,705.7059999999999
ORD-102076,2025-09-18,Home & Kitchen,Coffee Maker,West,Ahmedabad,Returning,3,3624.04,0.15,Debit Card,Delivered,2202.61,10872.119999999999,1630.8179999999998,9241.302,6607.83,2633.4719999999998,28.49676376770286,9241.302,2633.4719999999998
ORD-103479,2025-09-19,Electronics,Bluetooth Speaker,East,Kolkata,New,2,1843.83,0.05,Net Banking,Delivered,1171.79,3687.66,184.383,3503.277,2343.58,1159.6970000000001,33.10320594118022,3503.277,1159.6970000000001
ORD-100163,2025-09-19,Sports,Dumbbell Set,East,Patna,Returning,1,2591.64,0.0,Net Banking,Delivered,1487.7,2591.64,0.0,2591.64,1487.7,1103.9399999999998,42.59619391582164,2591.64,1103.9399999999998
ORD-103260,2025-09-19,Fashion,T-Shirt,West,Surat,New,1,790.03,0.1,Credit Card,Delivered,436.21,790.03,79.003,711.0269999999999,436.21,274.81699999999995,38.650712279561816,711.0269999999999,274.81699999999995
ORD-101835,2025-09-19,Sports,Running Shoes,Central,Raipur,New,2,3614.28,0.05,UPI,Delivered,2086.25,7228.56,361.42800000000005,6867.1320000000005,4172.5,2694.6320000000005,39.23955444572786,6867.1320000000005,2694.6320000000005
ORD-100373,2025-09-19,Electronics,Power Bank,Central,Indore,Returning,1,1252.95,0.05,Credit Card,Delivered,792.74,1252.95,62.64750000000001,1190.3025,792.74,397.5625,33.40012307795707,1190.3025,397.5625
ORD-102192,2025-09-19,Electronics,Bluetooth Speaker,South,Chennai,Loyal,2,1977.99,0.0,Debit Card,Delivered,1196.16,3955.98,0.0,3955.98,2392.32,1563.6599999999999,39.52648901157235,3955.98,1563.6599999999999
ORD-101495,2025-09-19,Electronics,Power Bank,West,Pune,Loyal,2,1295.95,0.05,UPI,Delivered,807.13,2591.9,129.595,2462.3050000000003,1614.26,848.0450000000003,34.441102950284396,2462.3050000000003,848.0450000000003
ORD-101762,2025-09-19,Home & Kitchen,Water Bottle,West,Ahmedabad,New,1,683.36,0.05,Cash on Delivery,Delivered,294.57,683.36,34.168,649.192,294.57,354.622,54.625134012741995,649.192,354.622
ORD-101252,2025-09-20,Home & Kitchen,Mixer Grinder,North,Delhi,Returning,1,2965.42,0.0,Debit Card,Delivered,1893.63,2965.42,0.0,2965.42,1893.63,1071.79,36.142940966203774,2965.42,1071.79
ORD-103272,2025-09-20,Beauty,Face Serum,South,Hyderabad,Returning,3,885.55,0.15,Debit Card,Delivered,409.48,2656.6499999999996,398.49749999999995,2258.1524999999997,1228.44,1029.7124999999996,45.59977680869648,2258.1524999999997,1029.7124999999996
ORD-100960,2025-09-20,Home & Kitchen,Water Bottle,Central,Bhopal,Loyal,2,702.72,0.05,Debit Card,Delivered,302.97,1405.44,70.272,1335.1680000000001,605.94,729.2280000000001,54.61694708081679,1335.1680000000001,729.2280000000001
ORD-100907,2025-09-20,Fashion,Backpack,North,Delhi,Returning,2,1520.89,0.0,UPI,Delivered,831.41,3041.78,0.0,3041.78,1662.82,1378.9600000000003,45.333982076284286,3041.78,1378.9600000000003
ORD-100065,2025-09-20,Beauty,Hair Dryer,South,Hyderabad,New,1,2370.88,0.05,Debit Card,Delivered,1322.06,2370.88,118.54400000000001,2252.3360000000002,1322.06,930.2760000000003,41.302718599711596,2252.3360000000002,930.2760000000003
ORD-102357,2025-09-20,Beauty,Perfume,West,Pune,Returning,1,2014.92,0.15,Credit Card,Delivered,1089.23,2014.92,302.238,1712.682,1089.23,623.452,36.40208748617665,1712.682,623.452
ORD-101719,2025-09-21,Fashion,Sneakers,West,Pune,Loyal,2,2900.22,0.1,UPI,Delivered,1797.33,5800.44,580.044,5220.396,3594.66,1625.7359999999999,31.142005319136707,5220.396,1625.7359999999999
ORD-100496,2025-09-21,Electronics,Smart Watch,West,Mumbai,New,3,4123.28,0.15,Net Banking,Delivered,2734.78,12369.84,1855.4759999999999,10514.364,8204.34,2310.0239999999994,21.97017337425259,10514.364,2310.0239999999994
ORD-101888,2025-09-21,Electronics,Wireless Headphones,East,Patna,New,2,2548.18,0.0,Credit Card,Delivered,1616.63,5096.36,0.0,5096.36,3233.26,1863.0999999999995,36.5574645433211,5096.36,1863.0999999999995
ORD-103416,2025-09-21,Beauty,Hair Care Combo,North,Chandigarh,New,2,1290.03,0.0,Credit Card,Delivered,638.68,2580.06,0.0,2580.06,1277.36,1302.7,50.49107385099572,2580.06,1302.7
ORD-102473,2025-09-22,Fashion,Sneakers,West,Ahmedabad,Returning,2,2892.72,0.05,Cash on Delivery,Delivered,1803.47,5785.44,289.272,5496.168,3606.94,1889.2279999999996,34.37354898904108,5496.168,1889.2279999999996
ORD-102017,2025-09-22,Home & Kitchen,Mixer Grinder,South,Chennai,New,2,3046.45,0.05,Cash on Delivery,Delivered,1843.88,6092.9,304.645,5788.254999999999,3687.76,2100.494999999999,36.28891608956412,5788.254999999999,2100.494999999999
ORD-101309,2025-09-22,Electronics,Bluetooth Speaker,North,Delhi,Returning,3,1825.43,0.0,Net Banking,Delivered,1240.65,5476.29,0.0,5476.29,3721.9500000000003,1754.3399999999997,32.035191708255034,5476.29,1754.3399999999997
ORD-101043,2025-09-22,Beauty,Face Serum,West,Ahmedabad,New,2,866.74,0.0,Debit Card,Delivered,432.05,1733.48,0.0,1733.48,864.1,869.38,50.15229480582413,1733.48,869.38
ORD-101635,2025-09-22,Electronics,Bluetooth Speaker,North,Delhi,Loyal,1,1971.38,0.0,Cash on Delivery,Delivered,1222.32,1971.38,0.0,1971.38,1222.32,749.0600000000002,37.996733252848266,1971.38,749.0600000000002
ORD-102749,2025-09-22,Sports,Running Shoes,South,Bengaluru,Loyal,2,3397.43,0.1,Net Banking,Delivered,2070.78,6794.86,679.486,6115.374,4141.56,1973.8139999999994,32.276259800300025,6115.374,1973.8139999999994
ORD-101485,2025-09-22,Electronics,USB-C Hub,West,Surat,New,3,1043.4,0.2,Cash on Delivery,Delivered,596.43,3130.2000000000003,626.0400000000001,2504.1600000000003,1789.29,714.8700000000003,28.54729729729731,2504.1600000000003,714.8700000000003
ORD-103285,2025-09-22,Home & Kitchen,Air Fryer,East,Guwahati,New,2,4813.36,0.05,UPI,Delivered,3205.3,9626.72,481.336,9145.384,6410.6,2734.7839999999997,29.90343543803081,9145.384,2734.7839999999997
ORD-101584,2025-09-22,Electronics,Wireless Headphones,East,Guwahati,Loyal,1,2605.16,0.15,Cash on Delivery,Delivered,1608.9,2605.16,390.77399999999994,2214.386,1608.9,605.4859999999999,27.343290645804295,2214.386,605.4859999999999
ORD-101480,2025-09-23,Fashion,T-Shirt,East,Patna,New,1,810.44,0.0,Net Banking,Delivered,435.19,810.44,0.0,810.44,435.19,375.25000000000006,46.30200878535117,810.44,375.25000000000006
ORD-102290,2025-09-23,Beauty,Skin Care Kit,East,Bhubaneswar,New,3,1607.61,0.1,UPI,Delivered,825.46,4822.83,482.283,4340.547,2476.38,1864.1669999999995,42.947743682996624,4340.547,1864.1669999999995
ORD-100624,2025-09-23,Electronics,Wireless Headphones,South,Hyderabad,New,2,2486.98,0.05,Credit Card,Delivered,1688.55,4973.96,248.698,4725.262,3377.1,1348.1619999999998,28.5309470670621,4725.262,1348.1619999999998
ORD-103461,2025-09-23,Fashion,Sneakers,East,Kolkata,New,2,2985.65,0.1,UPI,Delivered,1750.05,5971.3,597.13,5374.17,3500.1,1874.0700000000002,34.87180345988311,5374.17,1874.0700000000002
ORD-100248,2025-09-23,Fashion,Denim Jacket,South,Chennai,Loyal,1,2507.03,0.05,Credit Card,Cancelled,1434.37,2507.03,125.35150000000002,2381.6785,1434.37,947.3085000000001,39.77482687104914,0.0,0.0
ORD-101225,2025-09-23,Fashion,Hoodie,Central,Nagpur,New,1,1863.35,0.1,Debit Card,Delivered,1038.48,1863.35,186.335,1677.0149999999999,1038.48,638.5349999999999,38.07568805287966,1677.0149999999999,638.5349999999999
ORD-101191,2025-09-23,Sports,Yoga Mat,West,Surat,Returning,2,1046.71,0.1,UPI,Delivered,497.19,2093.42,209.342,1884.078,994.38,889.698,47.22193030224863,1884.078,889.698
ORD-100572,2025-09-23,Electronics,USB-C Hub,East,Kolkata,New,2,1010.85,0.15,UPI,Delivered,595.75,2021.7,303.255,1718.4450000000002,1191.5,526.9450000000002,30.664059658586694,1718.4450000000002,526.9450000000002
ORD-102698,2025-09-24,Fashion,Hoodie,Central,Indore,Returning,2,1863.3,0.1,Net Banking,Delivered,999.41,3726.6,372.66,3353.94,1998.82,1355.1200000000001,40.40382356273518,3353.94,1355.1200000000001
ORD-100972,2025-09-24,Beauty,Perfume,South,Bengaluru,New,3,2019.4,0.0,UPI,Delivered,1094.94,6058.200000000001,0.0,6058.200000000001,3284.82,2773.3800000000006,45.77894424086363,6058.200000000001,2773.3800000000006
ORD-100425,2025-09-24,Fashion,Hoodie,South,Chennai,Returning,2,1783.23,0.1,Debit Card,Delivered,985.14,3566.46,356.646,3209.814,1970.28,1239.5339999999999,38.61700397593131,3209.814,1239.5339999999999
ORD-100275,2025-09-24,Fashion,Sneakers,West,Ahmedabad,New,3,2997.2,0.1,Credit Card,Delivered,1770.71,8991.599999999999,899.1599999999999,8092.439999999999,5312.13,2780.3099999999986,34.35688123730295,8092.439999999999,2780.3099999999986
ORD-101079,2025-09-24,Beauty,Face Serum,South,Chennai,Loyal,1,892.89,0.1,UPI,Delivered,412.4,892.89,89.289,803.601,412.4,391.201,48.68099965032398,803.601,391.201
ORD-100165,2025-09-24,Electronics,Smart Watch,East,Kolkata,Loyal,1,4047.05,0.1,Net Banking,Delivered,2771.37,4047.05,404.70500000000004,3642.3450000000003,2771.37,870.9750000000004,23.91247946034767,3642.3450000000003,870.9750000000004
ORD-100929,2025-09-24,Beauty,Hair Care Combo,Central,Indore,New,1,1323.61,0.0,UPI,Cancelled,631.02,1323.61,0.0,1323.61,631.02,692.5899999999999,52.32583616019825,0.0,0.0
ORD-102070,2025-09-25,Beauty,Perfume,West,Surat,Returning,5,1996.11,0.0,Debit Card,Returned,1133.75,9980.55,0.0,9980.55,5668.75,4311.799999999999,43.20202794435176,0.0,0.0
ORD-100732,2025-09-25,Electronics,Power Bank,North,Delhi,Loyal,1,1314.88,0.0,Credit Card,Cancelled,800.71,1314.88,0.0,1314.88,800.71,514.1700000000001,39.1039486493064,0.0,0.0
ORD-101678,2025-09-25,Sports,Sports Bag,North,Delhi,New,3,1622.38,0.15,Net Banking,Delivered,882.94,4867.14,730.071,4137.069,2648.82,1488.2490000000003,35.973511681821115,4137.069,1488.2490000000003
ORD-100464,2025-09-25,Fashion,Backpack,East,Patna,New,2,1446.48,0.2,Debit Card,Delivered,826.54,2892.96,578.592,2314.368,1653.08,661.288,28.573156905038438,2314.368,661.288
ORD-102495,2025-09-25,Beauty,Face Serum,South,Bengaluru,Returning,1,930.77,0.15,Credit Card,Delivered,433.03,930.77,139.6155,791.1545,433.03,358.1245,45.2660637081632,791.1545,358.1245
ORD-102420,2025-09-25,Fashion,T-Shirt,West,Surat,New,4,831.12,0.15,Credit Card,Delivered,444.69,3324.48,498.67199999999997,2825.808,1778.76,1047.048,37.05304819011058,2825.808,1047.048
ORD-101374,2025-09-26,Fashion,Backpack,North,Delhi,Returning,2,1443.79,0.05,Credit Card,Delivered,856.39,2887.58,144.379,2743.201,1712.78,1030.421,37.56272325651675,2743.201,1030.421
ORD-103209,2025-09-26,Fashion,T-Shirt,East,Bhubaneswar,New,1,795.3,0.1,Debit Card,Delivered,439.2,795.3,79.53,715.77,439.2,276.57,38.639507104237396,715.77,276.57
ORD-101185,2025-09-26,Home & Kitchen,Water Bottle,East,Patna,New,1,697.96,0.05,Debit Card,Cancelled,310.8,697.96,34.898,663.062,310.8,352.262,53.12655528442287,0.0,0.0
ORD-102962,2025-09-27,Electronics,Smart Watch,East,Patna,New,1,4125.58,0.05,UPI,Cancelled,2709.9,4125.58,206.279,3919.301,2709.9,1209.4009999999998,30.85756873483307,0.0,0.0
ORD-102925,2025-09-27,Home & Kitchen,Coffee Maker,North,Delhi,Returning,1,3660.39,0.0,Credit Card,Delivered,2218.07,3660.39,0.0,3660.39,2218.07,1442.3199999999997,39.403451544780744,3660.39,1442.3199999999997
ORD-103071,2025-09-27,Beauty,Perfume,North,Chandigarh,New,1,1992.78,0.1,Credit Card,Delivered,1107.34,1992.78,199.27800000000002,1793.502,1107.34,686.162,38.25822329721406,1793.502,686.162
ORD-102224,2025-09-27,Electronics,Bluetooth Speaker,West,Mumbai,Loyal,2,1832.28,0.0,Credit Card,Delivered,1173.42,3664.56,0.0,3664.56,2346.84,1317.7199999999998,35.95847796188355,3664.56,1317.7199999999998
ORD-102476,2025-09-27,Sports,Resistance Bands,West,Ahmedabad,New,2,672.49,0.15,Debit Card,Delivered,311.11,1344.98,201.74699999999999,1143.233,622.22,521.0129999999999,45.57364946603185,1143.233,521.0129999999999
ORD-103369,2025-09-28,Electronics,Power Bank,West,Surat,Loyal,1,1271.97,0.0,Cash on Delivery,Delivered,810.84,1271.97,0.0,1271.97,810.84,461.13,36.25321351918677,1271.97,461.13
ORD-100777,2025-09-28,Sports,Running Shoes,West,Surat,Returning,4,3436.5,0.1,UPI,Delivered,2179.56,13746.0,1374.6000000000001,12371.4,8718.24,3653.16,29.529075124884812,12371.4,3653.16
ORD-101059,2025-09-28,Electronics,Bluetooth Speaker,North,Chandigarh,Loyal,1,1837.7,0.15,UPI,Delivered,1228.37,1837.7,275.655,1562.045,1228.37,333.6750000000002,21.36142044563378,1562.045,333.6750000000002
ORD-102250,2025-09-28,Electronics,Smart Watch,North,Jaipur,Loyal,5,3839.09,0.0,Credit Card,Delivered,2626.22,19195.45,0.0,19195.45,13131.099999999999,6064.350000000002,31.592643048222374,19195.45,6064.350000000002
ORD-102341,2025-09-28,Electronics,USB-C Hub,West,Pune,Returning,1,959.72,0.0,UPI,Delivered,591.4,959.72,0.0,959.72,591.4,368.32000000000005,38.37786020922769,959.72,368.32000000000005
ORD-101841,2025-09-29,Beauty,Skin Care Kit,West,Surat,New,1,1628.01,0.1,Net Banking,Delivered,854.68,1628.01,162.80100000000002,1465.209,854.68,610.5290000000001,41.66838997030458,1465.209,610.5290000000001
ORD-102276,2025-09-29,Sports,Yoga Mat,South,Bengaluru,Returning,1,1028.91,0.05,UPI,Delivered,514.72,1028.91,51.44550000000001,977.4645,514.72,462.7445,47.34131009361465,977.4645,462.7445
ORD-100500,2025-09-29,Fashion,Backpack,West,Pune,Loyal,2,1547.44,0.1,Net Banking,Delivered,871.67,3094.88,309.48800000000006,2785.392,1743.34,1042.052,37.41132307409514,2785.392,1042.052
ORD-103008,2025-09-29,Sports,Dumbbell Set,Central,Nagpur,Returning,2,2452.57,0.1,UPI,Delivered,1468.37,4905.14,490.51400000000007,4414.626,2936.74,1477.8860000000004,33.47703746591445,4414.626,1477.8860000000004
ORD-101333,2025-09-29,Home & Kitchen,Mixer Grinder,West,Pune,Returning,1,3042.52,0.0,UPI,Delivered,1809.04,3042.52,0.0,3042.52,1809.04,1233.48,40.54139331869634,3042.52,1233.48
ORD-102694,2025-09-29,Sports,Resistance Bands,West,Surat,Loyal,2,708.56,0.0,Debit Card,Delivered,293.22,1417.12,0.0,1417.12,586.44,830.6799999999998,58.61747770125324,1417.12,830.6799999999998
ORD-101437,2025-09-30,Beauty,Face Serum,West,Pune,New,1,899.18,0.0,UPI,Delivered,431.95,899.18,0.0,899.18,431.95,467.22999999999996,51.961787406303515,899.18,467.22999999999996
ORD-101687,2025-10-01,Fashion,Denim Jacket,North,Lucknow,New,2,2591.5,0.1,Net Banking,Delivered,1469.16,5183.0,518.3000000000001,4664.7,2938.32,1726.3799999999997,37.00945398417904,4664.7,1726.3799999999997
ORD-102990,2025-10-01,Home & Kitchen,Water Bottle,North,Jaipur,New,2,715.03,0.0,Cash on Delivery,Delivered,303.85,1430.06,0.0,1430.06,607.7,822.3599999999999,57.505279498762285,1430.06,822.3599999999999
ORD-100547,2025-10-01,Beauty,Face Serum,North,Delhi,Returning,4,929.9,0.15,UPI,Delivered,433.65,3719.6,557.9399999999999,3161.66,1734.6,1427.06,45.13641568037044,3161.66,1427.06
ORD-100954,2025-10-01,Beauty,Perfume,South,Hyderabad,Loyal,1,1960.65,0.0,Debit Card,Delivered,1070.26,1960.65,0.0,1960.65,1070.26,890.3900000000001,45.41300079055415,1960.65,890.3900000000001
ORD-102760,2025-10-01,Fashion,Sneakers,North,Delhi,Returning,3,2961.2,0.1,UPI,Delivered,1752.85,8883.599999999999,888.3599999999999,7995.239999999999,5258.549999999999,2736.6899999999996,34.22899124979363,7995.239999999999,2736.6899999999996
ORD-101741,2025-10-02,Home & Kitchen,Air Fryer,South,Bengaluru,Loyal,3,5155.59,0.05,UPI,Delivered,3291.79,15466.77,773.3385000000001,14693.4315,9875.369999999999,4818.061500000002,32.79058060739591,14693.4315,4818.061500000002
ORD-101153,2025-10-02,Electronics,Wireless Headphones,West,Mumbai,New,1,2490.55,0.15,Credit Card,Delivered,1635.36,2490.55,373.58250000000004,2116.9675,1635.36,481.6075000000003,22.749876887576225,2116.9675,481.6075000000003
ORD-103218,2025-10-02,Fashion,Denim Jacket,South,Kochi,New,1,2485.92,0.05,UPI,Delivered,1455.26,2485.92,124.296,2361.6240000000003,1455.26,906.3640000000003,38.37884438843779,2361.6240000000003,906.3640000000003
ORD-100994,2025-10-03,Beauty,Skin Care Kit,West,Pune,Loyal,3,1543.47,0.15,Cash on Delivery,Delivered,871.63,4630.41,694.5614999999999,3935.8485,2614.89,1320.9585000000002,33.56222933885794,3935.8485,1320.9585000000002
ORD-100238,2025-10-03,Home & Kitchen,Coffee Maker,North,Delhi,New,1,3532.05,0.1,UPI,Delivered,2153.79,3532.05,353.20500000000004,3178.8450000000003,2153.79,1025.0550000000003,32.24614600586062,3178.8450000000003,1025.0550000000003
ORD-102762,2025-10-03,Home & Kitchen,Coffee Maker,West,Ahmedabad,New,2,3565.71,0.1,UPI,Cancelled,2268.79,7131.42,713.142,6418.278,4537.58,1880.6980000000003,29.302220938388775,0.0,0.0
ORD-100473,2025-10-03,Fashion,T-Shirt,North,Lucknow,Returning,1,812.81,0.1,Debit Card,Delivered,436.1,812.81,81.281,731.529,436.1,295.429,40.38513852492518,731.529,295.429
ORD-101496,2025-10-03,Home & Kitchen,Storage Box Set,East,Bhubaneswar,Returning,2,1039.1,0.0,UPI,Delivered,533.48,2078.2,0.0,2078.2,1066.96,1011.2399999999998,48.65941680300259,2078.2,1011.2399999999998
ORD-100795,2025-10-03,Home & Kitchen,Air Fryer,West,Mumbai,Returning,1,5065.39,0.0,Credit Card,Cancelled,3356.17,5065.39,0.0,5065.39,3356.17,1709.2200000000003,33.743107638306235,0.0,0.0
ORD-102566,2025-10-03,Home & Kitchen,Water Bottle,West,Ahmedabad,Returning,1,671.64,0.1,Credit Card,Delivered,302.01,671.64,67.164,604.476,302.01,302.466,50.037718619101504,604.476,302.466
ORD-103173,2025-10-03,Electronics,Wireless Headphones,South,Bengaluru,New,4,2450.07,0.05,UPI,Delivered,1658.64,9800.28,490.01400000000007,9310.266000000001,6634.56,2675.706000000001,28.73930777058358,9310.266000000001,2675.706000000001
ORD-103220,2025-10-03,Home & Kitchen,Water Bottle,West,Pune,New,2,730.12,0.0,Credit Card,Delivered,296.93,1460.24,0.0,1460.24,593.86,866.38,59.331342792965536,1460.24,866.38
ORD-101444,2025-10-04,Home & Kitchen,Storage Box Set,South,Hyderabad,Returning,1,998.76,0.0,UPI,Delivered,506.05,998.76,0.0,998.76,506.05,492.71,49.3321718931475,998.76,492.71
ORD-102717,2025-10-04,Electronics,USB-C Hub,North,Delhi,Loyal,2,1030.82,0.0,Credit Card,Delivered,593.62,2061.64,0.0,2061.64,1187.24,874.3999999999999,42.412836382685626,2061.64,874.3999999999999
ORD-100005,2025-10-04,Fashion,Sneakers,South,Kochi,Loyal,2,3043.27,0.0,Debit Card,Delivered,1787.84,6086.54,0.0,6086.54,3575.68,2510.86,41.25266571812557,6086.54,2510.86
ORD-101100,2025-10-04,Fashion,T-Shirt,Central,Raipur,Loyal,1,793.02,0.05,UPI,Cancelled,420.3,793.02,39.651,753.369,420.3,333.069,44.2106059580365,0.0,0.0
ORD-100633,2025-10-04,Electronics,USB-C Hub,South,Chennai,Loyal,4,1042.59,0.1,Cash on Delivery,Returned,591.89,4170.36,417.036,3753.3239999999996,2367.56,1385.7639999999997,36.92097991007437,0.0,0.0
ORD-103325,2025-10-04,Sports,Dumbbell Set,East,Guwahati,Loyal,2,2427.45,0.0,Net Banking,Delivered,1492.01,4854.9,0.0,4854.9,2984.02,1870.8799999999997,38.535912171208466,4854.9,1870.8799999999997
ORD-100407,2025-10-04,Electronics,Smart Watch,North,Lucknow,New,1,4131.84,0.05,Credit Card,Delivered,2702.71,4131.84,206.592,3925.248,2702.71,1222.538,31.145497048848885,3925.248,1222.538
ORD-102007,2025-10-04,Electronics,Bluetooth Speaker,East,Kolkata,New,3,1922.5,0.05,Debit Card,Delivered,1245.29,5767.5,288.375,5479.125,3735.87,1743.255,31.816302785572514,5479.125,1743.255
ORD-100621,2025-10-04,Fashion,Sneakers,North,Lucknow,New,1,3063.77,0.0,Debit Card,Delivered,1787.54,3063.77,0.0,3063.77,1787.54,1276.23,41.65554202828542,3063.77,1276.23
ORD-100435,2025-10-04,Home & Kitchen,Storage Box Set,West,Pune,Returning,1,995.68,0.0,Credit Card,Delivered,516.24,995.68,0.0,995.68,516.24,479.43999999999994,48.15201671219669,995.68,479.43999999999994
ORD-102661,2025-10-05,Fashion,Hoodie,West,Pune,Returning,1,1847.24,0.1,Credit Card,Delivered,1030.41,1847.24,184.72400000000002,1662.516,1030.41,632.106,38.021047616985335,1662.516,632.106
ORD-100155,2025-10-05,Home & Kitchen,Mixer Grinder,West,Mumbai,New,2,2983.23,0.1,UPI,Delivered,1797.57,5966.46,596.6460000000001,5369.814,3595.14,1774.6740000000004,33.04907767755085,5369.814,1774.6740000000004
ORD-103261,2025-10-05,Electronics,Power Bank,South,Hyderabad,Returning,4,1329.07,0.1,UPI,Delivered,791.85,5316.28,531.628,4784.652,3167.4,1617.252,33.800828148003234,4784.652,1617.252
ORD-102934,2025-10-05,Beauty,Face Serum,East,Guwahati,New,2,880.17,0.1,Net Banking,Delivered,431.88,1760.34,176.034,1584.306,863.76,720.546,45.480229198147335,1584.306,720.546
ORD-100354,2025-10-05,Sports,Dumbbell Set,Central,Bhopal,Returning,5,2400.82,0.1,Net Banking,Delivered,1457.64,12004.1,1200.41,10803.69,7288.200000000001,3515.49,32.53971559717097,10803.69,3515.49
ORD-100091,2025-10-05,Electronics,Power Bank,West,Ahmedabad,Returning,1,1293.97,0.0,UPI,Delivered,794.62,1293.97,0.0,1293.97,794.62,499.35,38.59053919333524,1293.97,499.35
ORD-101924,2025-10-05,Fashion,Backpack,South,Kochi,New,1,1540.94,0.2,Debit Card,Delivered,853.35,1540.94,308.18800000000005,1232.752,853.35,379.40199999999993,30.77683102521837,1232.752,379.40199999999993
ORD-102999,2025-10-05,Sports,Resistance Bands,Central,Indore,New,1,709.12,0.05,UPI,Delivered,306.27,709.12,35.456,673.664,306.27,367.394,54.53668297548927,673.664,367.394
ORD-101039,2025-10-06,Sports,Sports Bag,South,Kochi,Returning,4,1629.22,0.0,Debit Card,Delivered,836.3,6516.88,0.0,6516.88,3345.2,3171.6800000000003,48.66868808386835,6516.88,3171.6800000000003
ORD-100082,2025-10-06,Sports,Yoga Mat,West,Ahmedabad,New,2,1033.43,0.05,UPI,Delivered,496.78,2066.86,103.34300000000002,1963.517,993.56,969.9570000000001,49.39896114981434,1963.517,969.9570000000001
ORD-102318,2025-10-06,Home & Kitchen,Storage Box Set,East,Bhubaneswar,New,1,993.61,0.15,UPI,Delivered,510.92,993.61,149.04149999999998,844.5685000000001,510.92,333.64850000000007,39.50520295275044,844.5685000000001,333.64850000000007
ORD-100140,2025-10-06,Fashion,Sneakers,Central,Indore,New,2,3087.68,0.15,Debit Card,Delivered,1751.13,6175.36,926.3039999999999,5249.056,3502.26,1746.7959999999994,33.27828851511585,5249.056,1746.7959999999994
ORD-102954,2025-10-06,Fashion,Hoodie,East,Kolkata,Returning,4,1831.21,0.1,Credit Card,Delivered,1034.08,7324.84,732.484,6592.356,4136.32,2456.036,37.25581567500299,6592.356,2456.036
ORD-100756,2025-10-07,Electronics,Wireless Headphones,East,Patna,New,2,2520.32,0.05,UPI,Delivered,1681.74,5040.64,252.03200000000004,4788.608,3363.48,1425.1280000000002,29.76079896287189,4788.608,1425.1280000000002
ORD-103104,2025-10-07,Electronics,Smart Watch,North,Jaipur,Returning,1,3875.19,0.0,Credit Card,Delivered,2650.68,3875.19,0.0,3875.19,2650.68,1224.5100000000002,31.598708708476238,3875.19,1224.5100000000002
ORD-101992,2025-10-07,Electronics,Power Bank,East,Patna,Loyal,1,1336.07,0.05,UPI,Delivered,804.61,1336.07,66.8035,1269.2665,804.61,464.65649999999994,36.6082694217487,1269.2665,464.65649999999994
ORD-102916,2025-10-07,Fashion,T-Shirt,West,Surat,Loyal,1,815.9,0.05,Cash on Delivery,Delivered,445.41,815.9,40.795,775.105,445.41,329.695,42.53552744466879,775.105,329.695
ORD-101418,2025-10-07,Electronics,Power Bank,North,Chandigarh,New,3,1353.61,0.1,Net Banking,Delivered,799.76,4060.83,406.083,3654.747,2399.2799999999997,1255.467,34.35168015734058,3654.747,1255.467
ORD-102841,2025-10-07,Electronics,Wireless Headphones,West,Surat,Returning,2,2506.1,0.1,UPI,Delivered,1711.33,5012.2,501.22,4510.98,3422.66,1088.3199999999997,24.126021396680983,4510.98,1088.3199999999997
ORD-101220,2025-10-08,Electronics,Smart Watch,Central,Nagpur,Loyal,2,3995.06,0.15,UPI,Cancelled,2701.42,7990.12,1198.518,6791.602,5402.84,1388.7619999999997,20.448224145054432,0.0,0.0
ORD-102135,2025-10-08,Sports,Yoga Mat,North,Lucknow,Returning,2,1022.62,0.15,UPI,Delivered,508.29,2045.24,306.786,1738.454,1016.58,721.8739999999999,41.52390572313101,1738.454,721.8739999999999
ORD-102565,2025-10-08,Electronics,Wireless Headphones,North,Lucknow,Loyal,4,2514.25,0.2,Cash on Delivery,Delivered,1627.66,10057.0,2011.4,8045.6,6510.64,1534.96,19.078253952470916,8045.6,1534.96
ORD-103081,2025-10-08,Home & Kitchen,Air Fryer,South,Kochi,Returning,2,5031.24,0.0,UPI,Delivered,3250.48,10062.48,0.0,10062.48,6500.96,3561.5199999999995,35.39405792607786,10062.48,3561.5199999999995
ORD-100298,2025-10-08,Home & Kitchen,Water Bottle,North,Jaipur,Returning,3,682.68,0.0,UPI,Delivered,300.25,2048.04,0.0,2048.04,900.75,1147.29,56.018925411613054,2048.04,1147.29
ORD-102078,2025-10-08,Fashion,Denim Jacket,North,Delhi,Returning,2,2445.28,0.0,UPI,Delivered,1482.53,4890.56,0.0,4890.56,2965.06,1925.5000000000005,39.37176928613493,4890.56,1925.5000000000005
ORD-100121,2025-10-08,Fashion,Backpack,South,Chennai,New,4,1502.38,0.05,UPI,Delivered,868.9,6009.52,300.47600000000006,5709.044000000001,3475.6,2233.444000000001,39.1211558362486,5709.044000000001,2233.444000000001
ORD-100004,2025-10-08,Beauty,Hair Care Combo,Central,Nagpur,New,1,1358.99,0.1,UPI,Delivered,644.27,1358.99,135.899,1223.091,644.27,578.8209999999999,47.324442743835085,1223.091,578.8209999999999
ORD-103356,2025-10-09,Fashion,Sneakers,West,Mumbai,Returning,1,2981.38,0.15,Credit Card,Delivered,1831.46,2981.38,447.207,2534.1730000000002,1831.46,702.7130000000002,27.729480189395122,2534.1730000000002,702.7130000000002
ORD-100285,2025-10-09,Electronics,Bluetooth Speaker,East,Guwahati,Returning,1,1828.27,0.15,UPI,Delivered,1175.17,1828.27,274.2405,1554.0295,1175.17,378.8595,24.379170408283755,1554.0295,378.8595
ORD-103125,2025-10-09,Home & Kitchen,Mixer Grinder,South,Hyderabad,Loyal,4,2892.02,0.05,Credit Card,Delivered,1864.44,11568.08,578.404,10989.676,7457.76,3531.9159999999993,32.13849070709636,10989.676,3531.9159999999993
ORD-103489,2025-10-10,Fashion,Sneakers,North,Chandigarh,Loyal,3,2996.61,0.1,Debit Card,Delivered,1751.51,8989.83,898.9830000000001,8090.847,5254.53,2836.317,35.055872395065684,8090.847,2836.317
ORD-100030,2025-10-10,Fashion,T-Shirt,North,Jaipur,New,2,774.96,0.0,UPI,Delivered,446.63,1549.92,0.0,1549.92,893.26,656.6600000000001,42.367347992154436,1549.92,656.6600000000001
ORD-102157,2025-10-10,Beauty,Hair Dryer,North,Lucknow,New,2,2372.44,0.15,Debit Card,Delivered,1289.48,4744.88,711.732,4033.148,2578.96,1454.188,36.05590471760521,4033.148,1454.188
ORD-102521,2025-10-10,Sports,Resistance Bands,South,Hyderabad,New,1,681.92,0.0,Credit Card,Delivered,306.85,681.92,0.0,681.92,306.85,375.06999999999994,55.002053026748,681.92,375.06999999999994
ORD-100935,2025-10-10,Fashion,Backpack,East,Guwahati,Loyal,2,1455.38,0.1,Credit Card,Delivered,860.8,2910.76,291.076,2619.684,1721.6,898.0840000000003,34.282150060847044,2619.684,898.0840000000003
ORD-100800,2025-10-10,Fashion,Hoodie,West,Ahmedabad,Returning,2,1804.83,0.0,Net Banking,Delivered,981.41,3609.66,0.0,3609.66,1962.82,1646.84,45.62313348071563,3609.66,1646.84
ORD-101729,2025-10-11,Sports,Resistance Bands,Central,Raipur,New,3,733.23,0.0,UPI,Delivered,304.25,2199.69,0.0,2199.69,912.75,1286.94,58.505516686442185,2199.69,1286.94
ORD-102146,2025-10-11,Home & Kitchen,Water Bottle,East,Guwahati,New,1,732.52,0.0,Debit Card,Delivered,296.35,732.52,0.0,732.52,296.35,436.16999999999996,59.54376672309289,732.52,436.16999999999996
ORD-102802,2025-10-11,Home & Kitchen,Storage Box Set,East,Kolkata,Returning,3,962.6,0.15,Debit Card,Delivered,519.33,2887.8,433.17,2454.63,1557.9900000000002,896.6399999999999,36.528519573214695,2454.63,896.6399999999999
ORD-101263,2025-10-11,Beauty,Skin Care Kit,West,Mumbai,New,3,1584.4,0.05,Net Banking,Delivered,831.56,4753.200000000001,237.66000000000005,4515.540000000001,2494.68,2020.860000000001,44.75345141444878,4515.540000000001,2020.860000000001
ORD-101293,2025-10-11,Beauty,Hair Care Combo,South,Chennai,Returning,2,1251.5,0.0,UPI,Delivered,658.62,2503.0,0.0,2503.0,1317.24,1185.76,47.373551737914504,2503.0,1185.76
ORD-100186,2025-10-12,Electronics,USB-C Hub,West,Surat,Returning,1,984.24,0.1,Credit Card,Delivered,596.86,984.24,98.424,885.816,596.86,288.956,32.62031844085002,885.816,288.956
ORD-100689,2025-10-12,Fashion,Backpack,North,Chandigarh,Returning,1,1442.5,0.0,Credit Card,Delivered,871.41,1442.5,0.0,1442.5,871.41,571.09,39.59029462738302,1442.5,571.09
ORD-102860,2025-10-12,Sports,Resistance Bands,East,Patna,Returning,2,715.71,0.0,Credit Card,Delivered,292.74,1431.42,0.0,1431.42,585.48,845.94,59.0979586704112,1431.42,845.94
ORD-100047,2025-10-12,Home & Kitchen,Air Fryer,West,Mumbai,Returning,2,5200.31,0.0,Net Banking,Delivered,3352.81,10400.62,0.0,10400.62,6705.62,3695.000000000001,35.526728214279544,10400.62,3695.000000000001
ORD-100923,2025-10-12,Fashion,Sneakers,Central,Indore,Loyal,1,3091.58,0.0,UPI,Delivered,1753.65,3091.58,0.0,3091.58,1753.65,1337.9299999999998,43.27657702533979,3091.58,1337.9299999999998
ORD-100869,2025-10-12,Beauty,Skin Care Kit,West,Ahmedabad,New,5,1535.37,0.05,Debit Card,Delivered,870.99,7676.849999999999,383.8425,7293.0075,4354.95,2938.0575,40.285951988942834,7293.0075,2938.0575
ORD-100267,2025-10-13,Electronics,Power Bank,West,Ahmedabad,Returning,1,1292.05,0.0,UPI,Delivered,793.76,1292.05,0.0,1292.05,793.76,498.28999999999996,38.56584497503967,1292.05,498.28999999999996
ORD-101092,2025-10-13,Fashion,Denim Jacket,East,Bhubaneswar,Returning,1,2438.15,0.15,Credit Card,Delivered,1469.92,2438.15,365.7225,2072.4275000000002,1469.92,602.5075000000002,29.072548979397357,2072.4275000000002,602.5075000000002
ORD-101184,2025-10-13,Sports,Dumbbell Set,West,Mumbai,Loyal,1,2429.97,0.05,Net Banking,Delivered,1488.45,2429.97,121.49849999999999,2308.4714999999997,1488.45,820.0214999999996,35.52227090522884,2308.4714999999997,820.0214999999996
ORD-103080,2025-10-13,Sports,Resistance Bands,South,Bengaluru,Returning,1,681.24,0.15,UPI,Delivered,292.68,681.24,102.18599999999999,579.054,292.68,286.37399999999997,49.45549119771213,579.054,286.37399999999997
ORD-101643,2025-10-13,Sports,Resistance Bands,North,Jaipur,Returning,1,702.71,0.0,Credit Card,Delivered,306.76,702.71,0.0,702.71,306.76,395.95000000000005,56.34614563617993,702.71,395.95000000000005
ORD-102735,2025-10-13,Sports,Sports Bag,West,Surat,Returning,2,1580.89,0.1,Credit Card,Delivered,825.56,3161.78,316.17800000000005,2845.6020000000003,1651.12,1194.4820000000004,41.97642537501732,2845.6020000000003,1194.4820000000004
ORD-100219,2025-10-13,Fashion,Denim Jacket,West,Ahmedabad,New,2,2414.39,0.1,UPI,Delivered,1476.63,4828.78,482.878,4345.902,2953.26,1392.6419999999998,32.04494717092102,4345.902,1392.6419999999998
ORD-102382,2025-10-14,Home & Kitchen,Mixer Grinder,South,Kochi,New,4,3084.44,0.0,Debit Card,Returned,1851.14,12337.76,0.0,12337.76,7404.56,4933.2,39.984567701106194,0.0,0.0
ORD-102040,2025-10-14,Home & Kitchen,Coffee Maker,South,Hyderabad,New,2,3546.89,0.0,Debit Card,Delivered,2154.21,7093.78,0.0,7093.78,4308.42,2785.3599999999997,39.264820730273556,7093.78,2785.3599999999997
ORD-103500,2025-10-14,Beauty,Hair Dryer,North,Delhi,New,3,2292.25,0.1,Debit Card,Delivered,1281.75,6876.75,687.6750000000001,6189.075,3845.25,2343.825,37.87036027193078,6189.075,2343.825
ORD-100214,2025-10-14,Electronics,Power Bank,West,Mumbai,Returning,2,1305.93,0.0,Credit Card,Delivered,806.54,2611.86,0.0,2611.86,1613.08,998.7800000000002,38.24018132671736,2611.86,998.7800000000002
ORD-101319,2025-10-14,Beauty,Perfume,North,Delhi,Loyal,3,2067.33,0.0,Net Banking,Delivered,1099.3,6201.99,0.0,6201.99,3297.8999999999996,2904.09,46.82513193346007,6201.99,2904.09
ORD-101473,2025-10-14,Beauty,Hair Dryer,North,Lucknow,Returning,2,2371.24,0.05,Debit Card,Delivered,1325.86,4742.48,237.124,4505.356,2651.72,1853.636,41.142941867412915,4505.356,1853.636
ORD-101057,2025-10-14,Fashion,Hoodie,South,Kochi,New,3,1870.66,0.0,Credit Card,Delivered,972.3,5611.9800000000005,0.0,5611.9800000000005,2916.8999999999996,2695.080000000001,48.02369217281603,5611.9800000000005,2695.080000000001
ORD-100883,2025-10-14,Sports,Sports Bag,South,Bengaluru,New,3,1675.84,0.0,Credit Card,Delivered,835.4,5027.5199999999995,0.0,5027.5199999999995,2506.2,2521.3199999999997,50.150372350582394,5027.5199999999995,2521.3199999999997
ORD-101373,2025-10-14,Fashion,Sneakers,North,Delhi,New,2,2943.03,0.05,Credit Card,Delivered,1768.35,5886.06,294.30300000000005,5591.7570000000005,3536.7,2055.0570000000007,36.75154338788328,5591.7570000000005,2055.0570000000007
ORD-102435,2025-10-15,Sports,Resistance Bands,North,Jaipur,New,1,698.18,0.15,Debit Card,Delivered,292.74,698.18,104.72699999999999,593.453,292.74,300.71299999999997,50.67174654100661,593.453,300.71299999999997
ORD-100031,2025-10-15,Electronics,Power Bank,Central,Indore,New,1,1325.78,0.05,UPI,Cancelled,791.78,1325.78,66.289,1259.491,791.78,467.711,37.13492196450789,0.0,0.0
ORD-102578,2025-10-15,Beauty,Skin Care Kit,East,Guwahati,Returning,1,1538.02,0.1,Credit Card,Delivered,840.97,1538.02,153.80200000000002,1384.2179999999998,840.97,543.2479999999998,39.245841334240694,1384.2179999999998,543.2479999999998
ORD-101890,2025-10-15,Home & Kitchen,Coffee Maker,East,Guwahati,New,2,3565.99,0.1,UPI,Delivered,2267.1,7131.98,713.198,6418.781999999999,4534.2,1884.5819999999994,29.360430062899777,6418.781999999999,1884.5819999999994
ORD-101331,2025-10-15,Electronics,Power Bank,South,Kochi,New,1,1277.73,0.0,Credit Card,Cancelled,815.96,1277.73,0.0,1277.73,815.96,461.77,36.139873056122966,0.0,0.0
ORD-100020,2025-10-15,Beauty,Hair Care Combo,Central,Indore,Returning,3,1356.06,0.0,Cash on Delivery,Delivered,659.89,4068.18,0.0,4068.18,1979.67,2088.5099999999998,51.33769892187661,4068.18,2088.5099999999998
ORD-103143,2025-10-15,Fashion,Denim Jacket,West,Surat,New,4,2520.54,0.0,UPI,Delivered,1410.28,10082.16,0.0,10082.16,5641.12,4441.04,44.04849754417704,10082.16,4441.04
ORD-102217,2025-10-15,Fashion,Hoodie,North,Lucknow,New,2,1857.67,0.0,Net Banking,Delivered,983.65,3715.34,0.0,3715.34,1967.3,1748.0400000000002,47.04926063294342,3715.34,1748.0400000000002
ORD-103453,2025-10-16,Electronics,Smart Watch,West,Pune,New,1,4152.09,0.0,UPI,Delivered,2635.79,4152.09,0.0,4152.09,2635.79,1516.3000000000002,36.518957922395714,4152.09,1516.3000000000002
ORD-102645,2025-10-16,Fashion,Backpack,South,Chennai,New,3,1527.75,0.1,Cash on Delivery,Delivered,838.34,4583.25,458.32500000000005,4124.925,2515.02,1609.9050000000002,39.028709612902055,4124.925,1609.9050000000002
ORD-102047,2025-10-16,Home & Kitchen,Water Bottle,South,Bengaluru,New,2,715.34,0.1,UPI,Delivered,303.77,1430.68,143.068,1287.612,607.54,680.0720000000001,52.81653168811723,1287.612,680.0720000000001
ORD-102243,2025-10-16,Electronics,Smart Watch,West,Mumbai,Returning,1,3923.37,0.05,Cash on Delivery,Delivered,2673.11,3923.37,196.1685,3727.2015,2673.11,1054.0915,28.28104410239157,3727.2015,1054.0915
ORD-101919,2025-10-16,Fashion,Sneakers,South,Chennai,New,3,2942.49,0.05,Credit Card,Delivered,1825.24,8827.47,441.3735,8386.0965,5475.72,2910.3764999999994,34.704781897036355,8386.0965,2910.3764999999994
ORD-101853,2025-10-17,Fashion,Sneakers,Central,Indore,Returning,5,2951.96,0.0,UPI,Delivered,1848.18,14759.8,0.0,14759.8,9240.9,5518.9,37.391428068131006,14759.8,5518.9
ORD-102391,2025-10-17,Fashion,T-Shirt,West,Ahmedabad,Returning,4,811.15,0.15,Debit Card,Delivered,422.28,3244.6,486.68999999999994,2757.91,1689.12,1068.79,38.753621401713616,2757.91,1068.79
ORD-103397,2025-10-17,Sports,Sports Bag,East,Patna,Returning,1,1678.05,0.05,Net Banking,Delivered,870.57,1678.05,83.9025,1594.1475,870.57,723.5775,45.38962047112955,1594.1475,723.5775
ORD-100833,2025-10-17,Electronics,Bluetooth Speaker,East,Bhubaneswar,Loyal,3,1852.23,0.15,UPI,Delivered,1181.27,5556.6900000000005,833.5035,4723.186500000001,3543.81,1179.3765000000008,24.969932904406814,4723.186500000001,1179.3765000000008
ORD-102205,2025-10-17,Electronics,Smart Watch,North,Delhi,New,5,3935.06,0.0,UPI,Delivered,2715.83,19675.3,0.0,19675.3,13579.15,6096.15,30.983771530802578,19675.3,6096.15
ORD-100792,2025-10-17,Fashion,Backpack,North,Delhi,New,4,1459.81,0.0,UPI,Delivered,825.22,5839.24,0.0,5839.24,3300.88,2538.3599999999997,43.47072564237811,5839.24,2538.3599999999997
ORD-100506,2025-10-17,Home & Kitchen,Coffee Maker,North,Jaipur,Returning,1,3377.36,0.0,Debit Card,Delivered,2196.16,3377.36,0.0,3377.36,2196.16,1181.2000000000003,34.974062581424555,3377.36,1181.2000000000003
ORD-101566,2025-10-17,Electronics,Bluetooth Speaker,West,Mumbai,Returning,3,1969.63,0.15,Credit Card,Delivered,1226.13,5908.89,886.3335000000001,5022.556500000001,3678.3900000000003,1344.1665000000003,26.762595901111318,5022.556500000001,1344.1665000000003
ORD-101368,2025-10-17,Home & Kitchen,Water Bottle,North,Chandigarh,Returning,1,726.5,0.0,UPI,Delivered,309.64,726.5,0.0,726.5,309.64,416.86,57.3792154163799,726.5,416.86
ORD-100537,2025-10-18,Sports,Dumbbell Set,West,Mumbai,Returning,3,2438.4,0.05,UPI,Delivered,1530.4,7315.200000000001,365.76000000000005,6949.4400000000005,4591.200000000001,2358.24,33.93424506147257,6949.4400000000005,2358.24
ORD-103443,2025-10-18,Electronics,USB-C Hub,East,Patna,New,1,1043.0,0.15,UPI,Delivered,608.67,1043.0,156.45,886.55,608.67,277.88,31.343973831143195,886.55,277.88
ORD-101803,2025-10-18,Fashion,Denim Jacket,North,Lucknow,Returning,1,2544.42,0.05,UPI,Delivered,1499.76,2544.42,127.221,2417.199,1499.76,917.4390000000001,37.95463261402971,2417.199,917.4390000000001
ORD-101743,2025-10-18,Sports,Resistance Bands,Central,Indore,Returning,1,726.73,0.1,Debit Card,Delivered,308.04,726.73,72.673,654.057,308.04,346.017,52.903187336883484,654.057,346.017
ORD-102991,2025-10-18,Electronics,Smart Watch,East,Guwahati,New,1,4038.97,0.05,Credit Card,Delivered,2737.29,4038.97,201.9485,3837.0215,2737.29,1099.7314999999999,28.66107213629113,3837.0215,1099.7314999999999
ORD-100222,2025-10-18,Sports,Running Shoes,South,Kochi,Loyal,2,3580.61,0.0,Net Banking,Delivered,2157.55,7161.22,0.0,7161.22,4315.1,2846.12,39.743507391198705,7161.22,2846.12
ORD-102337,2025-10-18,Home & Kitchen,Air Fryer,North,Lucknow,Loyal,4,4968.31,0.1,UPI,Delivered,3375.82,19873.24,1987.3240000000003,17885.916,13503.28,4382.636,24.503279563652207,17885.916,4382.636
ORD-101458,2025-10-18,Electronics,Bluetooth Speaker,North,Jaipur,New,1,1992.19,0.05,Debit Card,Delivered,1207.85,1992.19,99.60950000000001,1892.5805,1207.85,684.7305000000001,36.179729210989976,1892.5805,684.7305000000001
ORD-102845,2025-10-19,Electronics,USB-C Hub,South,Bengaluru,Loyal,1,1017.61,0.1,Credit Card,Delivered,602.33,1017.61,101.76100000000001,915.849,602.33,313.519,34.23260821379944,915.849,313.519
ORD-100871,2025-10-19,Sports,Resistance Bands,West,Pune,New,2,710.37,0.0,UPI,Delivered,301.21,1420.74,0.0,1420.74,602.42,818.32,57.598153075158024,1420.74,818.32
ORD-102180,2025-10-19,Sports,Sports Bag,South,Chennai,New,3,1590.6,0.1,UPI,Delivered,863.74,4771.799999999999,477.17999999999995,4294.619999999999,2591.2200000000003,1703.3999999999987,39.6635790826662,4294.619999999999,1703.3999999999987
ORD-102846,2025-10-19,Sports,Resistance Bands,North,Lucknow,Returning,2,695.27,0.1,Credit Card,Delivered,305.93,1390.54,139.054,1251.4859999999999,611.86,639.6259999999999,51.10932123891118,1251.4859999999999,639.6259999999999
ORD-100205,2025-10-19,Sports,Yoga Mat,East,Patna,Loyal,1,988.54,0.0,Net Banking,Delivered,501.79,988.54,0.0,988.54,501.79,486.74999999999994,49.23928217371072,988.54,486.74999999999994
ORD-100905,2025-10-20,Fashion,T-Shirt,West,Mumbai,Returning,3,838.57,0.05,UPI,Delivered,440.98,2515.71,125.78550000000001,2389.9245,1322.94,1066.9845,44.64511326613037,2389.9245,1066.9845
ORD-100798,2025-10-20,Electronics,Wireless Headphones,Central,Bhopal,New,1,2545.36,0.0,UPI,Delivered,1703.21,2545.36,0.0,2545.36,1703.21,842.1500000000001,33.085693182889656,2545.36,842.1500000000001
ORD-100916,2025-10-20,Beauty,Perfume,North,Lucknow,Returning,1,2013.07,0.0,Net Banking,Delivered,1143.38,2013.07,0.0,2013.07,1143.38,869.6899999999998,43.20217379425454,2013.07,869.6899999999998
ORD-100114,2025-10-20,Home & Kitchen,Air Fryer,East,Guwahati,New,1,5006.59,0.0,UPI,Delivered,3252.12,5006.59,0.0,5006.59,3252.12,1754.4700000000003,35.04321304520642,5006.59,1754.4700000000003
ORD-101555,2025-10-20,Beauty,Perfume,West,Ahmedabad,Returning,1,2031.15,0.05,Net Banking,Delivered,1121.84,2031.15,101.5575,1929.5925000000002,1121.84,807.7525000000003,41.8612997303835,1929.5925000000002,807.7525000000003
ORD-102004,2025-10-20,Beauty,Face Serum,East,Patna,Returning,3,907.89,0.0,UPI,Delivered,419.63,2723.67,0.0,2723.67,1258.8899999999999,1464.7800000000002,53.77964290828184,2723.67,1464.7800000000002
ORD-102507,2025-10-21,Electronics,Bluetooth Speaker,East,Patna,Returning,2,1900.36,0.1,UPI,Delivered,1224.7,3800.72,380.072,3420.6479999999997,2449.4,971.2479999999996,28.393684471480245,3420.6479999999997,971.2479999999996
ORD-100647,2025-10-21,Electronics,Smart Watch,South,Bengaluru,Loyal,1,3994.37,0.15,UPI,Delivered,2697.97,3994.37,599.1555,3395.2145,2697.97,697.2445000000002,20.536095731212274,3395.2145,697.2445000000002
ORD-103016,2025-10-21,Electronics,Wireless Headphones,South,Chennai,Returning,2,2468.8,0.1,Net Banking,Delivered,1610.03,4937.6,493.76000000000005,4443.84,3220.06,1223.7800000000002,27.53879527615756,4443.84,1223.7800000000002
ORD-100335,2025-10-21,Home & Kitchen,Mixer Grinder,North,Lucknow,Returning,1,3032.19,0.1,Cash on Delivery,Delivered,1841.99,3032.19,303.219,2728.971,1841.99,886.981,32.502397423790875,2728.971,886.981
ORD-101213,2025-10-21,Electronics,Smart Watch,North,Lucknow,New,4,3927.49,0.0,UPI,Delivered,2736.9,15709.96,0.0,15709.96,10947.6,4762.359999999999,30.314271965046373,15709.96,4762.359999999999
ORD-101520,2025-10-21,Electronics,Power Bank,Central,Bhopal,Returning,4,1269.15,0.0,Debit Card,Delivered,786.94,5076.6,0.0,5076.6,3147.76,1928.8400000000001,37.99472087617697,5076.6,1928.8400000000001
ORD-102582,2025-10-22,Sports,Running Shoes,South,Hyderabad,New,1,3540.07,0.1,UPI,Delivered,2062.19,3540.07,354.00700000000006,3186.063,2062.19,1123.873,35.274663432581214,3186.063,1123.873
ORD-102730,2025-10-22,Sports,Sports Bag,West,Pune,Returning,5,1555.54,0.1,UPI,Delivered,873.85,7777.7,777.77,6999.93,4369.25,2630.6800000000003,37.58151867232959,6999.93,2630.6800000000003
ORD-102274,2025-10-22,Sports,Running Shoes,South,Bengaluru,Returning,1,3667.0,0.15,Debit Card,Delivered,2054.42,3667.0,550.05,3116.95,2054.42,1062.5299999999997,34.0887726784196,3116.95,1062.5299999999997
ORD-100176,2025-10-22,Electronics,Smart Watch,East,Patna,Returning,1,4062.17,0.15,UPI,Returned,2759.75,4062.17,609.3255,3452.8445,2759.75,693.0945000000002,20.073145489175666,0.0,0.0
ORD-100939,2025-10-22,Electronics,Wireless Headphones,South,Bengaluru,New,1,2473.57,0.0,UPI,Delivered,1619.0,2473.57,0.0,2473.57,1619.0,854.5700000000002,34.548041898955766,2473.57,854.5700000000002
ORD-102020,2025-10-22,Home & Kitchen,Storage Box Set,North,Delhi,New,2,1044.64,0.05,Credit Card,Delivered,513.41,2089.28,104.46400000000001,1984.8160000000003,1026.82,957.9960000000003,48.26623727337951,1984.8160000000003,957.9960000000003
ORD-102189,2025-10-22,Fashion,T-Shirt,South,Chennai,Loyal,1,772.98,0.05,UPI,Delivered,419.0,772.98,38.649,734.331,419.0,315.331,42.9412621828576,734.331,315.331
ORD-103132,2025-10-22,Home & Kitchen,Storage Box Set,South,Bengaluru,Returning,1,1018.15,0.0,Cash on Delivery,Delivered,517.51,1018.15,0.0,1018.15,517.51,500.64,49.17153661051908,1018.15,500.64
ORD-102465,2025-10-23,Home & Kitchen,Air Fryer,East,Kolkata,Returning,1,5117.17,0.1,Cash on Delivery,Delivered,3293.91,5117.17,511.71700000000004,4605.453,3293.91,1311.5430000000006,28.47804548217082,4605.453,1311.5430000000006
ORD-100485,2025-10-23,Beauty,Hair Dryer,West,Ahmedabad,Returning,2,2282.85,0.2,UPI,Delivered,1346.81,4565.7,913.14,3652.56,2693.62,958.94,26.253915062312462,3652.56,958.94
ORD-100231,2025-10-23,Sports,Running Shoes,South,Bengaluru,Loyal,1,3651.98,0.05,Credit Card,Delivered,2144.41,3651.98,182.59900000000002,3469.381,2144.41,1324.971,38.19041494721969,3469.381,1324.971
ORD-100612,2025-10-23,Electronics,Smart Watch,East,Kolkata,Returning,1,4084.16,0.0,Net Banking,Delivered,2652.81,4084.16,0.0,4084.16,2652.81,1431.35,35.0463742850427,4084.16,1431.35
ORD-103292,2025-10-23,Electronics,Wireless Headphones,East,Kolkata,New,4,2516.86,0.1,Credit Card,Delivered,1645.82,10067.44,1006.7440000000001,9060.696,6583.28,2477.416,27.342446981997853,9060.696,2477.416
ORD-102716,2025-10-23,Electronics,USB-C Hub,North,Delhi,New,1,1007.79,0.15,UPI,Delivered,604.53,1007.79,151.1685,856.6215,604.53,252.0915,29.4285749307016,856.6215,252.0915
ORD-100073,2025-10-23,Home & Kitchen,Mixer Grinder,West,Ahmedabad,Returning,1,2886.41,0.15,Cash on Delivery,Delivered,1812.42,2886.41,432.96149999999994,2453.4485,1812.42,641.0284999999999,26.12765256739646,2453.4485,641.0284999999999
ORD-101954,2025-10-24,Home & Kitchen,Air Fryer,North,Delhi,Returning,2,5154.39,0.0,Cash on Delivery,Delivered,3370.68,10308.78,0.0,10308.78,6741.36,3567.420000000001,34.605646836968106,10308.78,3567.420000000001
ORD-102077,2025-10-24,Electronics,Wireless Headphones,South,Chennai,Returning,2,2468.3,0.1,Net Banking,Delivered,1686.77,4936.6,493.6600000000001,4442.9400000000005,3373.54,1069.4000000000005,24.069647575704387,4442.9400000000005,1069.4000000000005
ORD-102354,2025-10-24,Fashion,Sneakers,South,Chennai,Loyal,1,3048.18,0.05,Cash on Delivery,Delivered,1862.09,3048.18,152.409,2895.7709999999997,1862.09,1033.6809999999998,35.69622736051987,2895.7709999999997,1033.6809999999998
ORD-102409,2025-10-24,Fashion,Sneakers,North,Chandigarh,Loyal,3,3036.19,0.0,Cash on Delivery,Delivered,1819.86,9108.57,0.0,9108.57,5459.58,3648.99,40.06106337218685,9108.57,3648.99
ORD-101248,2025-10-24,Electronics,Wireless Headphones,West,Surat,New,2,2585.1,0.1,Net Banking,Delivered,1655.8,5170.2,517.02,4653.18,3311.6,1341.5800000000004,28.83146579328546,4653.18,1341.5800000000004
ORD-100710,2025-10-25,Home & Kitchen,Air Fryer,West,Ahmedabad,Returning,1,5018.15,0.0,Cash on Delivery,Returned,3319.02,5018.15,0.0,5018.15,3319.02,1699.1299999999997,33.8596893277403,0.0,0.0
ORD-100054,2025-10-25,Home & Kitchen,Water Bottle,West,Pune,Loyal,4,688.37,0.0,UPI,Cancelled,309.61,2753.48,0.0,2753.48,1238.44,1515.04,55.02273486642358,0.0,0.0
ORD-102644,2025-10-25,Home & Kitchen,Storage Box Set,East,Kolkata,New,1,1046.64,0.05,UPI,Returned,529.87,1046.64,52.33200000000001,994.3080000000001,529.87,464.4380000000001,46.709671449892795,0.0,0.0
ORD-101075,2025-10-25,Sports,Sports Bag,West,Surat,New,1,1602.23,0.1,UPI,Delivered,852.64,1602.23,160.223,1442.007,852.64,589.3670000000001,40.8712995151896,1442.007,589.3670000000001
ORD-100474,2025-10-26,Electronics,Power Bank,North,Delhi,Returning,3,1316.16,0.0,UPI,Cancelled,800.43,3948.4800000000005,0.0,3948.4800000000005,2401.29,1547.1900000000005,39.18444566010212,0.0,0.0
ORD-102527,2025-10-26,Fashion,T-Shirt,West,Pune,Returning,5,817.32,0.1,Net Banking,Delivered,441.73,4086.6000000000004,408.6600000000001,3677.9400000000005,2208.65,1469.2900000000004,39.948721295072794,3677.9400000000005,1469.2900000000004
ORD-101802,2025-10-26,Home & Kitchen,Storage Box Set,North,Delhi,New,1,991.47,0.1,Net Banking,Delivered,538.04,991.47,99.147,892.323,538.04,354.283,39.70344819084569,892.323,354.283
ORD-103090,2025-10-26,Electronics,Smart Watch,Central,Nagpur,Returning,1,4100.03,0.0,UPI,Cancelled,2643.79,4100.03,0.0,4100.03,2643.79,1456.2399999999998,35.5177888942276,0.0,0.0
ORD-101499,2025-10-26,Sports,Yoga Mat,West,Surat,New,4,959.47,0.15,UPI,Delivered,492.73,3837.88,575.682,3262.1980000000003,1970.92,1291.2780000000002,39.58306638652835,3262.1980000000003,1291.2780000000002
ORD-100277,2025-10-26,Beauty,Face Serum,South,Kochi,Returning,1,898.67,0.1,Credit Card,Delivered,410.1,898.67,89.867,808.803,410.1,398.703,49.29544029881194,808.803,398.703
ORD-103286,2025-10-26,Electronics,Smart Watch,North,Delhi,Returning,1,3850.04,0.1,Debit Card,Delivered,2717.24,3850.04,385.004,3465.036,2717.24,747.7960000000003,21.58118992125912,3465.036,747.7960000000003
ORD-101768,2025-10-26,Electronics,Wireless Headphones,Central,Bhopal,New,2,2458.25,0.0,UPI,Delivered,1707.11,4916.5,0.0,4916.5,3414.22,1502.2800000000002,30.555883250279674,4916.5,1502.2800000000002
ORD-100367,2025-10-27,Electronics,USB-C Hub,West,Pune,Returning,2,1008.59,0.1,Debit Card,Delivered,603.01,2017.18,201.71800000000002,1815.462,1206.02,609.442,33.569526654923095,1815.462,609.442
ORD-102549,2025-10-27,Home & Kitchen,Water Bottle,North,Chandigarh,Returning,5,685.94,0.05,Net Banking,Delivered,302.01,3429.7000000000003,171.485,3258.215,1510.05,1748.1650000000002,53.654071324329436,3258.215,1748.1650000000002
ORD-102454,2025-10-27,Home & Kitchen,Storage Box Set,East,Patna,Loyal,2,996.99,0.05,Net Banking,Delivered,525.57,1993.98,99.69900000000001,1894.281,1051.14,843.1409999999998,44.509816653389855,1894.281,843.1409999999998
ORD-101102,2025-10-27,Fashion,Sneakers,East,Kolkata,New,1,3079.11,0.0,UPI,Delivered,1792.19,3079.11,0.0,3079.11,1792.19,1286.92,41.79519406581772,3079.11,1286.92
ORD-103139,2025-10-27,Fashion,Hoodie,West,Pune,Returning,2,1752.32,0.05,Credit Card,Delivered,974.44,3504.64,175.232,3329.408,1948.88,1380.5279999999998,41.464668793971775,3329.408,1380.5279999999998
ORD-100070,2025-10-27,Home & Kitchen,Mixer Grinder,East,Bhubaneswar,New,1,2923.74,0.0,Debit Card,Delivered,1856.37,2923.74,0.0,2923.74,1856.37,1067.37,36.50700814709926,2923.74,1067.37
ORD-101697,2025-10-27,Home & Kitchen,Water Bottle,West,Surat,Loyal,1,731.46,0.0,UPI,Delivered,311.26,731.46,0.0,731.46,311.26,420.20000000000005,57.44675033494655,731.46,420.20000000000005
ORD-102976,2025-10-27,Fashion,Hoodie,North,Delhi,Returning,1,1770.01,0.05,Credit Card,Delivered,993.04,1770.01,88.5005,1681.5095,993.04,688.4694999999999,40.943539123626714,1681.5095,688.4694999999999
ORD-101968,2025-10-27,Beauty,Perfume,South,Kochi,Loyal,2,2049.88,0.1,Credit Card,Delivered,1082.32,4099.76,409.97600000000006,3689.784,2164.64,1525.1440000000002,41.334235283149376,3689.784,1525.1440000000002
ORD-101712,2025-10-27,Beauty,Face Serum,East,Kolkata,Returning,1,939.19,0.05,Net Banking,Delivered,426.17,939.19,46.959500000000006,892.2305,426.17,466.0605,52.23543691904726,892.2305,466.0605
ORD-100109,2025-10-28,Electronics,Smart Watch,South,Hyderabad,Returning,1,3879.87,0.05,Credit Card,Delivered,2710.77,3879.87,193.9935,3685.8765,2710.77,975.1064999999999,26.4552135699609,3685.8765,975.1064999999999
ORD-101431,2025-10-28,Sports,Sports Bag,East,Patna,New,1,1566.24,0.05,UPI,Returned,854.43,1566.24,78.31200000000001,1487.9279999999999,854.43,633.4979999999999,42.57585044437634,0.0,0.0
ORD-103123,2025-10-28,Home & Kitchen,Air Fryer,East,Bhubaneswar,Returning,1,5165.5,0.0,Cash on Delivery,Returned,3217.88,5165.5,0.0,5165.5,3217.88,1947.62,37.704384861097665,0.0,0.0
ORD-100124,2025-10-28,Sports,Dumbbell Set,East,Guwahati,New,2,2477.35,0.05,Net Banking,Delivered,1522.14,4954.7,247.735,4706.965,3044.28,1662.685,35.32392953846056,4706.965,1662.685
ORD-102913,2025-10-29,Fashion,T-Shirt,North,Delhi,Returning,2,774.02,0.05,Net Banking,Delivered,434.08,1548.04,77.402,1470.638,868.16,602.478,40.96711767273795,1470.638,602.478
ORD-102026,2025-10-29,Fashion,Denim Jacket,North,Delhi,Loyal,1,2464.32,0.0,Cash on Delivery,Delivered,1491.52,2464.32,0.0,2464.32,1491.52,972.8000000000002,39.47539280612908,2464.32,972.8000000000002
ORD-102395,2025-10-29,Fashion,Backpack,South,Bengaluru,New,1,1573.61,0.0,Net Banking,Delivered,878.41,1573.61,0.0,1573.61,878.41,695.1999999999999,44.17867197081869,1573.61,695.1999999999999
ORD-101789,2025-10-29,Electronics,USB-C Hub,Central,Raipur,New,2,1003.38,0.15,UPI,Delivered,597.43,2006.76,301.014,1705.746,1194.86,510.8860000000002,29.950883660287065,1705.746,510.8860000000002
ORD-100974,2025-10-30,Fashion,T-Shirt,West,Surat,Loyal,4,831.35,0.1,Net Banking,Delivered,430.59,3325.4,332.54,2992.86,1722.36,1270.5000000000002,42.45103345963393,2992.86,1270.5000000000002
ORD-102463,2025-10-30,Fashion,Backpack,South,Chennai,Loyal,4,1469.13,0.0,Cash on Delivery,Delivered,880.48,5876.52,0.0,5876.52,3521.92,2354.6000000000004,40.067931360737305,5876.52,2354.6000000000004
ORD-102459,2025-10-30,Fashion,Denim Jacket,East,Patna,Loyal,3,2422.74,0.2,Debit Card,Delivered,1451.21,7268.219999999999,1453.644,5814.575999999999,4353.63,1460.945999999999,25.1255809537961,5814.575999999999,1460.945999999999
ORD-100944,2025-10-30,Sports,Running Shoes,East,Bhubaneswar,Returning,4,3530.24,0.1,Credit Card,Delivered,2124.95,14120.96,1412.096,12708.864,8499.8,4209.064,33.119120638949326,12708.864,4209.064
ORD-103451,2025-10-30,Electronics,Smart Watch,North,Delhi,Loyal,2,4073.84,0.1,Cash on Delivery,Delivered,2636.08,8147.68,814.768,7332.912,5272.16,2060.7520000000004,28.102778268715078,7332.912,2060.7520000000004
ORD-100290,2025-10-30,Beauty,Perfume,North,Lucknow,New,2,1966.04,0.05,Net Banking,Delivered,1127.99,3932.08,196.604,3735.476,2255.98,1479.496,39.6066257687106,3735.476,1479.496
ORD-103410,2025-10-30,Fashion,Hoodie,West,Ahmedabad,Returning,4,1853.89,0.0,UPI,Delivered,1021.09,7415.56,0.0,7415.56,4084.36,3331.2000000000003,44.921759111921425,7415.56,3331.2000000000003
ORD-100709,2025-10-31,Electronics,Power Bank,Central,Indore,New,2,1282.25,0.15,Debit Card,Delivered,787.72,2564.5,384.675,2179.825,1575.44,604.3849999999998,27.726308304565727,2179.825,604.3849999999998
ORD-103498,2025-10-31,Electronics,Power Bank,North,Lucknow,Returning,4,1327.19,0.0,UPI,Delivered,824.28,5308.76,0.0,5308.76,3297.12,2011.6400000000003,37.892841266133715,5308.76,2011.6400000000003
ORD-102239,2025-10-31,Sports,Resistance Bands,East,Kolkata,New,2,705.06,0.05,Credit Card,Delivered,299.21,1410.12,70.506,1339.6139999999998,598.42,741.1939999999998,55.328923107701165,1339.6139999999998,741.1939999999998
ORD-102456,2025-10-31,Beauty,Face Serum,East,Guwahati,New,4,937.01,0.05,UPI,Delivered,434.89,3748.04,187.40200000000002,3560.638,1739.56,1821.078,51.14471058276635,3560.638,1821.078
ORD-100519,2025-10-31,Beauty,Hair Care Combo,South,Kochi,New,1,1282.75,0.0,Cash on Delivery,Delivered,656.17,1282.75,0.0,1282.75,656.17,626.58,48.84661859286689,1282.75,626.58
ORD-101541,2025-10-31,Fashion,Backpack,North,Delhi,Returning,1,1504.6,0.1,UPI,Delivered,830.37,1504.6,150.46,1354.1399999999999,830.37,523.7699999999999,38.67916168195312,1354.1399999999999,523.7699999999999
ORD-100076,2025-10-31,Electronics,Bluetooth Speaker,Central,Bhopal,New,3,1973.01,0.1,UPI,Delivered,1167.86,5919.03,591.903,5327.1269999999995,3503.58,1823.5469999999996,34.2313408334361,5327.1269999999995,1823.5469999999996
ORD-101420,2025-10-31,Home & Kitchen,Mixer Grinder,East,Guwahati,New,1,3107.79,0.1,Credit Card,Delivered,1914.97,3107.79,310.779,2797.011,1914.97,882.0409999999999,31.535128034891528,2797.011,882.0409999999999
ORD-102980,2025-10-31,Fashion,Hoodie,West,Mumbai,Returning,2,1800.22,0.0,UPI,Delivered,972.33,3600.44,0.0,3600.44,1944.66,1655.78,45.988268100565485,3600.44,1655.78
ORD-102960,2025-11-01,Fashion,Denim Jacket,North,Jaipur,Returning,2,2618.71,0.0,Net Banking,Cancelled,1483.3,5237.42,0.0,5237.42,2966.6,2270.82,43.35760737156845,0.0,0.0
ORD-103138,2025-11-01,Home & Kitchen,Coffee Maker,North,Lucknow,Returning,1,3410.71,0.0,UPI,Delivered,2170.64,3410.71,0.0,3410.71,2170.64,1240.0700000000002,36.35811898402386,3410.71,1240.0700000000002
ORD-101795,2025-11-01,Fashion,Denim Jacket,East,Kolkata,Returning,1,2411.75,0.15,Credit Card,Delivered,1463.96,2411.75,361.7625,2049.9875,1463.96,586.0275000000001,28.586881627327,2049.9875,586.0275000000001
ORD-101202,2025-11-01,Beauty,Hair Care Combo,South,Chennai,Loyal,2,1316.65,0.0,UPI,Delivered,647.33,2633.3,0.0,2633.3,1294.66,1338.64,50.835073861694454,2633.3,1338.64
ORD-100973,2025-11-01,Fashion,Sneakers,North,Delhi,New,2,3070.98,0.05,Net Banking,Delivered,1831.32,6141.96,307.098,5834.862,3662.64,2172.222,37.22833547734291,5834.862,2172.222
ORD-100622,2025-11-01,Fashion,Denim Jacket,North,Jaipur,Loyal,3,2453.97,0.1,Debit Card,Delivered,1488.24,7361.91,736.191,6625.719,4464.72,2160.999,32.61531314563747,6625.719,2160.999
ORD-101799,2025-11-02,Electronics,Wireless Headphones,North,Delhi,New,1,2587.24,0.05,Credit Card,Delivered,1657.49,2587.24,129.362,2457.8779999999997,1657.49,800.3879999999997,32.564187482047515,2457.8779999999997,800.3879999999997
ORD-102769,2025-11-02,Beauty,Skin Care Kit,North,Delhi,Returning,2,1580.48,0.0,Debit Card,Delivered,825.91,3160.96,0.0,3160.96,1651.82,1509.14,47.74309070662078,3160.96,1509.14
ORD-103056,2025-11-02,Beauty,Skin Care Kit,South,Chennai,Loyal,2,1656.48,0.05,Credit Card,Delivered,874.3,3312.96,165.64800000000002,3147.312,1748.6,1398.712,44.441478950927014,3147.312,1398.712
ORD-103262,2025-11-02,Home & Kitchen,Air Fryer,North,Delhi,New,1,4870.4,0.2,Credit Card,Delivered,3225.29,4870.4,974.0799999999999,3896.3199999999997,3225.29,671.0299999999997,17.222148078186592,3896.3199999999997,671.0299999999997
ORD-100785,2025-11-02,Sports,Resistance Bands,East,Bhubaneswar,New,3,693.11,0.1,Credit Card,Delivered,310.2,2079.33,207.933,1871.397,930.5999999999999,940.797,50.272443527482416,1871.397,940.797
ORD-100768,2025-11-02,Electronics,Bluetooth Speaker,North,Jaipur,Loyal,2,1967.49,0.0,UPI,Delivered,1224.08,3934.98,0.0,3934.98,2448.16,1486.8200000000002,37.78469013819639,3934.98,1486.8200000000002
ORD-103427,2025-11-03,Electronics,Wireless Headphones,South,Hyderabad,New,1,2523.22,0.0,UPI,Delivered,1624.61,2523.22,0.0,2523.22,1624.61,898.6099999999999,35.613620691021794,2523.22,898.6099999999999
ORD-100644,2025-11-03,Electronics,Bluetooth Speaker,West,Pune,New,2,1987.91,0.15,Debit Card,Delivered,1191.58,3975.82,596.373,3379.447,2383.16,996.2870000000003,29.48077007865489,3379.447,996.2870000000003
ORD-102178,2025-11-03,Beauty,Hair Dryer,Central,Nagpur,New,3,2369.8,0.05,Net Banking,Delivered,1267.3,7109.400000000001,355.47,6753.93,3801.8999999999996,2952.0300000000007,43.70832981686219,6753.93,2952.0300000000007
ORD-103072,2025-11-03,Electronics,Wireless Headphones,East,Guwahati,New,1,2417.08,0.15,UPI,Delivered,1699.75,2417.08,362.56199999999995,2054.518,1699.75,354.76800000000003,17.267699771917307,2054.518,354.76800000000003
ORD-101101,2025-11-03,Fashion,Backpack,West,Mumbai,New,5,1467.96,0.15,Credit Card,Delivered,860.17,7339.8,1100.97,6238.83,4300.849999999999,1937.9800000000005,31.06319614414883,6238.83,1937.9800000000005
ORD-101508,2025-11-03,Fashion,Sneakers,East,Kolkata,Returning,2,3073.16,0.15,UPI,Delivered,1758.17,6146.32,921.9479999999999,5224.371999999999,3516.34,1708.0319999999992,32.69353713709513,5224.371999999999,1708.0319999999992
ORD-101146,2025-11-04,Electronics,Bluetooth Speaker,North,Jaipur,Loyal,3,1832.58,0.0,Debit Card,Cancelled,1244.85,5497.74,0.0,5497.74,3734.5499999999997,1763.19,32.07117833873556,0.0,0.0
ORD-101808,2025-11-04,Sports,Sports Bag,South,Chennai,Loyal,2,1645.66,0.05,Cash on Delivery,Cancelled,870.5,3291.32,164.56600000000003,3126.754,1741.0,1385.754,44.31925248996243,0.0,0.0
ORD-101517,2025-11-04,Electronics,Wireless Headphones,East,Guwahati,Returning,1,2601.25,0.1,UPI,Delivered,1714.8,2601.25,260.125,2341.125,1714.8,626.325,26.753163543168352,2341.125,626.325
ORD-101932,2025-11-04,Electronics,Smart Watch,East,Kolkata,New,2,3943.85,0.1,UPI,Delivered,2678.08,7887.7,788.77,7098.93,5356.16,1742.7700000000004,24.5497560900023,7098.93,1742.7700000000004
ORD-102686,2025-11-04,Home & Kitchen,Air Fryer,North,Jaipur,New,3,4913.06,0.15,Credit Card,Delivered,3389.14,14739.18,2210.877,12528.303,10167.42,2360.883,18.844395765332305,12528.303,2360.883
ORD-100276,2025-11-04,Fashion,Denim Jacket,West,Pune,New,1,2533.99,0.0,UPI,Delivered,1421.93,2533.99,0.0,2533.99,1421.93,1112.0599999999997,43.885729620085314,2533.99,1112.0599999999997
ORD-102844,2025-11-05,Electronics,Power Bank,West,Mumbai,New,3,1338.0,0.2,Cash on Delivery,Delivered,777.95,4014.0,802.8000000000001,3211.2,2333.8500000000004,877.3499999999995,27.321562032884888,3211.2,877.3499999999995
ORD-100282,2025-11-07,Home & Kitchen,Mixer Grinder,South,Hyderabad,Loyal,3,3015.32,0.0,Debit Card,Delivered,1823.38,9045.960000000001,0.0,9045.960000000001,5470.14,3575.8200000000006,39.5294695090405,9045.960000000001,3575.8200000000006
ORD-102958,2025-11-07,Fashion,Hoodie,East,Bhubaneswar,Returning,1,1767.92,0.0,Credit Card,Delivered,1020.28,1767.92,0.0,1767.92,1020.28,747.6400000000001,42.28924385718811,1767.92,747.6400000000001
ORD-102416,2025-11-07,Electronics,Wireless Headphones,South,Bengaluru,New,1,2594.24,0.1,Debit Card,Delivered,1661.88,2594.24,259.424,2334.816,1661.88,672.9359999999997,28.821800090456794,2334.816,672.9359999999997
ORD-101031,2025-11-08,Electronics,USB-C Hub,East,Bhubaneswar,Loyal,1,1031.06,0.0,Cash on Delivery,Delivered,612.13,1031.06,0.0,1031.06,612.13,418.92999999999995,40.63100110565826,1031.06,418.92999999999995
ORD-100444,2025-11-08,Electronics,Smart Watch,North,Jaipur,New,3,3945.36,0.2,Credit Card,Delivered,2712.3,11836.08,2367.216,9468.864,8136.900000000001,1331.963999999999,14.066777176227255,9468.864,1331.963999999999
ORD-100729,2025-11-08,Fashion,Denim Jacket,East,Patna,New,3,2550.53,0.1,Net Banking,Returned,1468.5,7651.59,765.1590000000001,6886.4310000000005,4405.5,2480.9310000000005,36.02636837572322,0.0,0.0
ORD-101116,2025-11-09,Electronics,Power Bank,West,Mumbai,New,4,1337.89,0.0,Debit Card,Delivered,798.69,5351.56,0.0,5351.56,3194.76,2156.8,40.302267002518896,5351.56,2156.8
ORD-102156,2025-11-09,Home & Kitchen,Storage Box Set,Central,Raipur,Returning,1,1008.5,0.1,UPI,Delivered,540.02,1008.5,100.85000000000001,907.65,540.02,367.63,40.503498044400374,907.65,367.63
ORD-100651,2025-11-09,Home & Kitchen,Storage Box Set,North,Lucknow,Returning,1,1014.12,0.1,Credit Card,Delivered,535.98,1014.12,101.412,912.708,535.98,376.72799999999995,41.27585164148884,912.708,376.72799999999995
ORD-101477,2025-11-09,Home & Kitchen,Air Fryer,North,Chandigarh,Returning,1,5162.97,0.0,Debit Card,Delivered,3354.81,5162.97,0.0,5162.97,3354.81,1808.1600000000003,35.02170262465209,5162.97,1808.1600000000003
ORD-101244,2025-11-09,Home & Kitchen,Coffee Maker,North,Lucknow,Returning,2,3451.8,0.05,UPI,Delivered,2273.16,6903.6,345.18000000000006,6558.42,4546.32,2012.1000000000004,30.67964540239875,6558.42,2012.1000000000004
ORD-103015,2025-11-09,Fashion,Backpack,South,Kochi,Returning,2,1450.13,0.0,UPI,Returned,841.07,2900.26,0.0,2900.26,1682.14,1218.1200000000001,42.00037238040728,0.0,0.0
ORD-101492,2025-11-09,Home & Kitchen,Air Fryer,Central,Nagpur,New,4,4924.94,0.1,Debit Card,Delivered,3349.24,19699.76,1969.9759999999999,17729.784,13396.96,4332.8240000000005,24.43810934188482,17729.784,4332.8240000000005
ORD-100718,2025-11-10,Home & Kitchen,Water Bottle,South,Hyderabad,Returning,1,703.78,0.05,Debit Card,Delivered,292.68,703.78,35.189,668.591,292.68,375.911,56.22435838950868,668.591,375.911
ORD-100284,2025-11-10,Fashion,Denim Jacket,South,Kochi,Returning,1,2442.92,0.0,UPI,Delivered,1488.12,2442.92,0.0,2442.92,1488.12,954.8000000000002,39.084374437148995,2442.92,954.8000000000002
ORD-101918,2025-11-10,Electronics,Power Bank,West,Ahmedabad,Returning,1,1304.13,0.1,Credit Card,Returned,821.35,1304.13,130.413,1173.717,821.35,352.3670000000001,30.021461732257436,0.0,0.0
ORD-103141,2025-11-10,Electronics,Wireless Headphones,South,Kochi,Returning,1,2458.64,0.0,Credit Card,Delivered,1652.14,2458.64,0.0,2458.64,1652.14,806.4999999999998,32.802687664725205,2458.64,806.4999999999998
ORD-102298,2025-11-10,Electronics,USB-C Hub,North,Lucknow,Returning,1,1018.51,0.0,UPI,Delivered,577.64,1018.51,0.0,1018.51,577.64,440.87,43.28578020834356,1018.51,440.87
ORD-102540,2025-11-11,Home & Kitchen,Mixer Grinder,South,Hyderabad,New,4,2930.25,0.0,Credit Card,Delivered,1803.9,11721.0,0.0,11721.0,7215.6,4505.4,38.438699769644224,11721.0,4505.4
ORD-101120,2025-11-11,Electronics,Smart Watch,South,Hyderabad,New,1,4172.25,0.0,Credit Card,Delivered,2678.54,4172.25,0.0,4172.25,2678.54,1493.71,35.801066570795136,4172.25,1493.71
ORD-102739,2025-11-11,Fashion,T-Shirt,West,Ahmedabad,Returning,3,788.76,0.05,Net Banking,Delivered,431.0,2366.2799999999997,118.314,2247.966,1293.0,954.9659999999999,42.48133646149452,2247.966,954.9659999999999
ORD-100563,2025-11-11,Fashion,Hoodie,Central,Nagpur,Returning,1,1806.14,0.0,Net Banking,Delivered,1010.07,1806.14,0.0,1806.14,1010.07,796.07,44.07576378353838,1806.14,796.07
ORD-100235,2025-11-11,Home & Kitchen,Water Bottle,West,Ahmedabad,Loyal,1,712.3,0.0,Net Banking,Delivered,301.06,712.3,0.0,712.3,301.06,411.23999999999995,57.73410080022462,712.3,411.23999999999995
ORD-101549,2025-11-12,Fashion,Sneakers,West,Mumbai,Returning,2,3062.72,0.15,Credit Card,Cancelled,1871.07,6125.44,918.8159999999999,5206.624,3742.14,1464.484,28.12732396270597,0.0,0.0
ORD-100203,2025-11-12,Beauty,Skin Care Kit,East,Bhubaneswar,Returning,2,1566.28,0.1,Credit Card,Delivered,842.56,3132.56,313.25600000000003,2819.304,1685.12,1134.1840000000002,40.22921969393865,2819.304,1134.1840000000002
ORD-102977,2025-11-12,Beauty,Hair Care Combo,West,Ahmedabad,New,1,1275.85,0.05,Net Banking,Delivered,661.46,1275.85,63.7925,1212.0575,661.46,550.5974999999999,45.42668148994581,1212.0575,550.5974999999999
ORD-103140,2025-11-12,Sports,Resistance Bands,West,Mumbai,Returning,2,719.58,0.1,Debit Card,Delivered,298.15,1439.16,143.91600000000003,1295.2440000000001,596.3,698.9440000000002,53.96234223049866,1295.2440000000001,698.9440000000002
ORD-100252,2025-11-12,Fashion,Sneakers,West,Ahmedabad,Returning,2,2895.06,0.05,Net Banking,Delivered,1833.99,5790.12,289.50600000000003,5500.614,3667.98,1832.6339999999996,33.31689880438801,5500.614,1832.6339999999996
ORD-101018,2025-11-12,Home & Kitchen,Coffee Maker,South,Hyderabad,Returning,4,3457.47,0.15,Credit Card,Delivered,2231.39,13829.88,2074.482,11755.398,8925.56,2829.8379999999997,24.072668573195056,11755.398,2829.8379999999997
ORD-101519,2025-11-12,Sports,Sports Bag,West,Surat,New,3,1554.48,0.1,Credit Card,Cancelled,846.19,4663.4400000000005,466.34400000000005,4197.0960000000005,2538.57,1658.5260000000003,39.51603680258922,0.0,0.0
ORD-102642,2025-11-13,Beauty,Perfume,North,Chandigarh,New,2,2036.35,0.15,Cash on Delivery,Delivered,1112.49,4072.7,610.905,3461.795,2224.98,1236.815,35.72756330169753,3461.795,1236.815
ORD-103450,2025-11-13,Home & Kitchen,Mixer Grinder,South,Chennai,Returning,5,2939.09,0.05,UPI,Delivered,1922.98,14695.45,734.7725,13960.677500000002,9614.9,4345.777500000002,31.128700594938902,13960.677500000002,4345.777500000002
ORD-100185,2025-11-13,Beauty,Skin Care Kit,East,Patna,Returning,3,1588.33,0.2,Debit Card,Delivered,868.95,4764.99,952.998,3811.9919999999997,2606.8500000000004,1205.1419999999994,31.6144944690335,3811.9919999999997,1205.1419999999994
ORD-102664,2025-11-13,Electronics,Wireless Headphones,North,Delhi,Loyal,3,2420.92,0.15,Credit Card,Returned,1715.7,7262.76,1089.414,6173.3460000000005,5147.1,1026.246,16.623821182224358,0.0,0.0
ORD-102011,2025-11-13,Sports,Sports Bag,Central,Nagpur,New,1,1639.11,0.1,Cash on Delivery,Delivered,825.28,1639.11,163.911,1475.1989999999998,825.28,649.9189999999999,44.0563612095724,1475.1989999999998,649.9189999999999
ORD-101353,2025-11-13,Sports,Dumbbell Set,North,Delhi,Loyal,2,2542.07,0.05,Cash on Delivery,Delivered,1488.14,5084.14,254.20700000000002,4829.933,2976.28,1853.6529999999998,38.37844127444418,4829.933,1853.6529999999998
ORD-101814,2025-11-13,Electronics,USB-C Hub,West,Ahmedabad,New,2,1010.18,0.15,Debit Card,Delivered,588.87,2020.36,303.054,1717.306,1177.74,539.566,31.41932771445508,1717.306,539.566
ORD-100055,2025-11-14,Home & Kitchen,Water Bottle,East,Patna,Returning,2,694.99,0.15,Cash on Delivery,Delivered,306.11,1389.98,208.49699999999999,1181.483,612.22,569.2629999999999,48.18207286943612,1181.483,569.2629999999999
ORD-100183,2025-11-14,Beauty,Perfume,North,Jaipur,New,2,1976.93,0.1,UPI,Cancelled,1071.91,3953.86,395.386,3558.474,2143.82,1414.654,39.754512749004206,0.0,0.0
ORD-101356,2025-11-14,Home & Kitchen,Storage Box Set,South,Chennai,New,1,1010.12,0.0,Cash on Delivery,Delivered,517.09,1010.12,0.0,1010.12,517.09,493.03,48.809052389815065,1010.12,493.03
ORD-102948,2025-11-14,Fashion,Backpack,West,Ahmedabad,Loyal,1,1466.91,0.15,Net Banking,Delivered,866.18,1466.91,220.03650000000002,1246.8735000000001,866.18,380.6935000000002,30.53184625385014,1246.8735000000001,380.6935000000002
ORD-103116,2025-11-14,Electronics,Power Bank,East,Bhubaneswar,Returning,1,1318.15,0.1,Credit Card,Delivered,787.04,1318.15,131.81500000000003,1186.335,787.04,399.2950000000001,33.657862239586635,1186.335,399.2950000000001
ORD-100453,2025-11-15,Sports,Resistance Bands,West,Surat,Returning,1,688.81,0.1,Credit Card,Delivered,293.85,688.81,68.881,619.929,293.85,326.07899999999995,52.59941057766292,619.929,326.07899999999995
ORD-101162,2025-11-15,Electronics,Wireless Headphones,East,Kolkata,New,4,2467.19,0.15,Debit Card,Returned,1696.1,9868.76,1480.314,8388.446,6784.4,1604.0460000000003,19.122087690616357,0.0,0.0
ORD-102538,2025-11-15,Electronics,Wireless Headphones,East,Patna,New,4,2459.89,0.05,Net Banking,Delivered,1654.97,9839.56,491.978,9347.582,6619.88,2727.702,29.180829865948223,9347.582,2727.702
ORD-100405,2025-11-15,Home & Kitchen,Storage Box Set,West,Mumbai,Returning,2,962.28,0.1,UPI,Delivered,532.92,1924.56,192.45600000000002,1732.1039999999998,1065.84,666.2639999999999,38.465588671349984,1732.1039999999998,666.2639999999999
ORD-102254,2025-11-16,Electronics,Power Bank,North,Jaipur,Returning,1,1275.2,0.0,UPI,Delivered,779.57,1275.2,0.0,1275.2,779.57,495.63,38.86684441656211,1275.2,495.63
ORD-100021,2025-11-16,Home & Kitchen,Air Fryer,North,Chandigarh,Returning,2,4991.12,0.1,UPI,Cancelled,3370.02,9982.24,998.224,8984.016,6740.04,2243.9759999999997,24.97742657626611,0.0,0.0
ORD-100406,2025-11-16,Sports,Dumbbell Set,North,Delhi,Loyal,1,2470.88,0.0,Net Banking,Delivered,1473.38,2470.88,0.0,2470.88,1473.38,997.5,40.37023246778475,2470.88,997.5
ORD-100180,2025-11-16,Fashion,Denim Jacket,East,Guwahati,New,1,2517.89,0.0,Debit Card,Delivered,1442.48,2517.89,0.0,2517.89,1442.48,1075.4099999999999,42.71076178864048,2517.89,1075.4099999999999
ORD-102597,2025-11-16,Beauty,Hair Care Combo,North,Lucknow,Loyal,3,1253.75,0.0,UPI,Delivered,669.96,3761.25,0.0,3761.25,2009.88,1751.37,46.56350947158524,3761.25,1751.37
ORD-103374,2025-11-17,Home & Kitchen,Storage Box Set,South,Chennai,Returning,1,978.39,0.1,Cash on Delivery,Delivered,527.67,978.39,97.839,880.5509999999999,527.67,352.881,40.07502120831161,880.5509999999999,352.881
ORD-101053,2025-11-17,Electronics,USB-C Hub,East,Kolkata,New,1,979.31,0.15,Debit Card,Delivered,602.15,979.31,146.89649999999997,832.4135,602.15,230.26350000000002,27.662153485016766,832.4135,230.26350000000002
ORD-101379,2025-11-17,Home & Kitchen,Mixer Grinder,South,Bengaluru,New,3,3077.41,0.0,UPI,Delivered,1871.15,9232.23,0.0,9232.23,5613.450000000001,3618.779999999999,39.197247035656595,9232.23,3618.779999999999
ORD-101737,2025-11-17,Home & Kitchen,Air Fryer,North,Jaipur,Returning,1,5216.52,0.15,UPI,Delivered,3365.72,5216.52,782.4780000000001,4434.042,3365.72,1068.3220000000006,24.093637362929815,4434.042,1068.3220000000006
ORD-101091,2025-11-17,Beauty,Skin Care Kit,East,Bhubaneswar,Returning,5,1560.43,0.05,Net Banking,Delivered,854.43,7802.150000000001,390.1075000000001,7412.0425000000005,4272.15,3139.892500000001,42.36204123222446,7412.0425000000005,3139.892500000001
ORD-100876,2025-11-18,Fashion,Denim Jacket,West,Mumbai,Returning,2,2525.56,0.1,Credit Card,Delivered,1419.12,5051.12,505.112,4546.008,2838.24,1707.768,37.56632192464246,4546.008,1707.768
ORD-103129,2025-11-18,Fashion,Denim Jacket,North,Delhi,Loyal,3,2560.02,0.0,Cash on Delivery,Delivered,1496.47,7680.0599999999995,0.0,7680.0599999999995,4489.41,3190.6499999999996,41.54459730783353,7680.0599999999995,3190.6499999999996
ORD-102350,2025-11-18,Sports,Running Shoes,West,Surat,Returning,4,3592.96,0.05,Debit Card,Delivered,2118.63,14371.84,718.5920000000001,13653.248,8474.52,5178.727999999999,37.93037378358614,13653.248,5178.727999999999
ORD-101008,2025-11-18,Home & Kitchen,Coffee Maker,East,Bhubaneswar,Returning,4,3553.01,0.0,Credit Card,Delivered,2244.88,14212.04,0.0,14212.04,8979.52,5232.52,36.81751528985283,14212.04,5232.52
ORD-100556,2025-11-18,Fashion,Backpack,West,Surat,Loyal,1,1444.1,0.05,Cash on Delivery,Delivered,879.87,1444.1,72.205,1371.895,879.87,492.025,35.864625208197424,1371.895,492.025
ORD-101767,2025-11-18,Home & Kitchen,Storage Box Set,North,Lucknow,Returning,1,991.04,0.0,Cash on Delivery,Delivered,526.6,991.04,0.0,991.04,526.6,464.43999999999994,46.8639005489183,991.04,464.43999999999994
ORD-100667,2025-11-18,Electronics,USB-C Hub,East,Guwahati,Returning,2,1003.16,0.0,Net Banking,Delivered,582.63,2006.32,0.0,2006.32,1165.26,841.06,41.92053112165557,2006.32,841.06
ORD-102685,2025-11-19,Home & Kitchen,Storage Box Set,West,Surat,Returning,2,1016.61,0.05,UPI,Delivered,505.23,2033.22,101.661,1931.559,1010.46,921.0989999999999,47.686816711267944,1931.559,921.0989999999999
ORD-101152,2025-11-19,Sports,Running Shoes,East,Patna,Returning,1,3519.78,0.05,Cash on Delivery,Delivered,2041.66,3519.78,175.98900000000003,3343.791,2041.66,1302.131,38.94175802255583,3343.791,1302.131
ORD-103012,2025-11-19,Fashion,Denim Jacket,North,Chandigarh,Loyal,3,2603.49,0.05,UPI,Delivered,1492.46,7810.469999999999,390.5235,7419.946499999999,4477.38,2942.566499999999,39.65751639853467,7419.946499999999,2942.566499999999
ORD-100159,2025-11-19,Beauty,Perfume,Central,Nagpur,New,2,1943.72,0.1,Credit Card,Delivered,1100.55,3887.44,388.744,3498.696,2201.1,1297.596,37.087989353747794,3498.696,1297.596
ORD-103376,2025-11-19,Electronics,USB-C Hub,Central,Nagpur,Loyal,2,1030.4,0.0,UPI,Delivered,607.56,2060.8,0.0,2060.8,1215.12,845.6800000000003,41.03649068322983,2060.8,845.6800000000003
ORD-100115,2025-11-19,Home & Kitchen,Storage Box Set,North,Delhi,New,2,964.37,0.1,UPI,Delivered,532.42,1928.74,192.87400000000002,1735.866,1064.84,671.0260000000001,38.656555287101654,1735.866,671.0260000000001
ORD-103377,2025-11-19,Fashion,Hoodie,North,Lucknow,Loyal,2,1791.94,0.0,Cash on Delivery,Cancelled,976.31,3583.88,0.0,3583.88,1952.62,1631.2600000000002,45.516590957286525,0.0,0.0
ORD-100629,2025-11-19,Electronics,Power Bank,North,Chandigarh,Returning,2,1254.78,0.0,Cash on Delivery,Delivered,813.94,2509.56,0.0,2509.56,1627.88,881.6799999999998,35.13285197405122,2509.56,881.6799999999998
ORD-101618,2025-11-20,Home & Kitchen,Water Bottle,North,Jaipur,Returning,1,680.77,0.1,Credit Card,Returned,305.22,680.77,68.077,612.693,305.22,307.47299999999996,50.18386043254941,0.0,0.0
ORD-101217,2025-11-20,Fashion,Backpack,South,Chennai,New,2,1473.36,0.05,Credit Card,Delivered,835.53,2946.72,147.33599999999998,2799.384,1671.06,1128.324,40.30615306796067,2799.384,1128.324
ORD-102901,2025-11-20,Beauty,Hair Dryer,South,Kochi,Returning,2,2357.21,0.0,UPI,Delivered,1351.03,4714.42,0.0,4714.42,2702.06,2012.3600000000001,42.685208360731544,4714.42,2012.3600000000001
ORD-100420,2025-11-20,Fashion,Hoodie,West,Surat,Returning,4,1844.07,0.05,UPI,Delivered,1006.68,7376.28,368.814,7007.465999999999,4026.72,2980.7459999999996,42.53671726698352,7007.465999999999,2980.7459999999996
ORD-102251,2025-11-20,Beauty,Perfume,North,Lucknow,Returning,3,2076.62,0.05,Cash on Delivery,Delivered,1100.4,6229.86,311.493,5918.366999999999,3301.2000000000003,2617.166999999999,44.221100178478274,5918.366999999999,2617.166999999999
ORD-102715,2025-11-20,Electronics,USB-C Hub,North,Jaipur,Returning,2,1008.14,0.1,UPI,Delivered,579.96,2016.28,201.62800000000001,1814.652,1159.92,654.732,36.08030630666376,1814.652,654.732
ORD-101051,2025-11-21,Sports,Sports Bag,North,Lucknow,New,2,1537.45,0.05,Credit Card,Delivered,836.35,3074.9,153.745,2921.155,1672.7,1248.4550000000002,42.738403131638,2921.155,1248.4550000000002
ORD-102952,2025-11-21,Fashion,T-Shirt,West,Surat,New,1,822.38,0.1,UPI,Delivered,442.11,822.38,82.238,740.142,442.11,298.03200000000004,40.266867709169325,740.142,298.03200000000004
ORD-100897,2025-11-21,Beauty,Hair Dryer,North,Delhi,New,1,2275.83,0.0,UPI,Delivered,1330.19,2275.83,0.0,2275.83,1330.19,945.6399999999999,41.551433982327325,2275.83,945.6399999999999
ORD-100445,2025-11-21,Home & Kitchen,Mixer Grinder,South,Chennai,Returning,1,3102.69,0.1,Net Banking,Delivered,1825.8,3102.69,310.269,2792.4210000000003,1825.8,966.6210000000003,34.615876330968725,2792.4210000000003,966.6210000000003
ORD-101490,2025-11-21,Fashion,T-Shirt,West,Surat,New,3,830.47,0.0,Credit Card,Delivered,435.45,2491.41,0.0,2491.41,1306.35,1185.06,47.56583621322865,2491.41,1185.06
ORD-101241,2025-11-21,Beauty,Face Serum,West,Mumbai,Returning,3,939.84,0.1,Debit Card,Delivered,422.96,2819.52,281.952,2537.568,1268.8799999999999,1268.6880000000003,49.996216850149445,2537.568,1268.6880000000003
ORD-100940,2025-11-21,Home & Kitchen,Coffee Maker,North,Chandigarh,Returning,1,3397.86,0.05,Cash on Delivery,Delivered,2253.06,3397.86,169.89300000000003,3227.967,2253.06,974.9070000000002,30.20188868101812,3227.967,974.9070000000002
ORD-102066,2025-11-21,Fashion,Sneakers,West,Pune,Returning,2,3040.86,0.1,Credit Card,Delivered,1746.18,6081.72,608.172,5473.548000000001,3492.36,1981.1880000000006,36.195681484843114,5473.548000000001,1981.1880000000006
ORD-102313,2025-11-22,Electronics,Bluetooth Speaker,South,Kochi,New,2,1884.63,0.05,UPI,Delivered,1207.37,3769.26,188.46300000000002,3580.797,2414.74,1166.0570000000002,32.56417495881504,3580.797,1166.0570000000002
ORD-102743,2025-11-23,Sports,Yoga Mat,West,Ahmedabad,New,3,959.22,0.05,Debit Card,Delivered,513.52,2877.66,143.883,2733.777,1540.56,1193.217,43.647195802730074,2733.777,1193.217
ORD-103311,2025-11-24,Electronics,Smart Watch,Central,Indore,New,2,3876.37,0.2,Debit Card,Cancelled,2710.6,7752.74,1550.548,6202.192,5421.2,780.9920000000002,12.592193211690322,0.0,0.0
ORD-100017,2025-11-24,Sports,Yoga Mat,North,Chandigarh,Returning,1,988.32,0.0,UPI,Delivered,509.07,988.32,0.0,988.32,509.07,479.25000000000006,48.491379310344826,988.32,479.25000000000006
ORD-102811,2025-11-24,Sports,Sports Bag,East,Patna,Returning,2,1614.24,0.1,Debit Card,Delivered,851.73,3228.48,322.848,2905.632,1703.46,1202.172,41.373856014801596,2905.632,1202.172
ORD-101442,2025-11-24,Electronics,Bluetooth Speaker,South,Bengaluru,Returning,2,1847.33,0.1,UPI,Delivered,1239.43,3694.66,369.466,3325.194,2478.86,846.3339999999998,25.45216910652431,3325.194,846.3339999999998
ORD-102959,2025-11-24,Electronics,Smart Watch,Central,Bhopal,Returning,1,3918.18,0.0,Debit Card,Delivered,2803.38,3918.18,0.0,3918.18,2803.38,1114.7999999999997,28.451985360550047,3918.18,1114.7999999999997
ORD-101000,2025-11-24,Electronics,Smart Watch,East,Kolkata,New,3,3957.39,0.0,UPI,Delivered,2734.28,11872.17,0.0,11872.17,8202.84,3669.33,30.906986675561416,11872.17,3669.33
ORD-101296,2025-11-25,Sports,Running Shoes,South,Bengaluru,New,2,3501.28,0.15,Credit Card,Delivered,2143.24,7002.56,1050.384,5952.176,4286.48,1665.6960000000008,27.984656367688064,5952.176,1665.6960000000008
ORD-101680,2025-11-25,Beauty,Perfume,North,Chandigarh,New,4,1970.14,0.0,Cash on Delivery,Delivered,1130.64,7880.56,0.0,7880.56,4522.56,3358.0,42.611184991929505,7880.56,3358.0
ORD-100803,2025-11-25,Home & Kitchen,Coffee Maker,North,Delhi,Returning,1,3426.92,0.1,Debit Card,Delivered,2167.28,3426.92,342.692,3084.228,2167.28,916.9479999999999,29.73022746697066,3084.228,916.9479999999999
ORD-101207,2025-11-25,Electronics,Bluetooth Speaker,Central,Nagpur,Loyal,1,1942.03,0.0,Credit Card,Delivered,1237.04,1942.03,0.0,1942.03,1237.04,704.99,36.30170491701982,1942.03,704.99
ORD-101583,2025-11-25,Electronics,Bluetooth Speaker,South,Bengaluru,Loyal,4,1960.32,0.05,Credit Card,Delivered,1189.16,7841.28,392.064,7449.215999999999,4756.64,2692.575999999999,36.14576352732958,7449.215999999999,2692.575999999999
ORD-100344,2025-11-25,Electronics,Smart Watch,West,Mumbai,New,1,3897.96,0.1,Net Banking,Delivered,2726.07,3897.96,389.79600000000005,3508.1639999999998,2726.07,782.0939999999996,22.29354157901397,3508.1639999999998,782.0939999999996
ORD-100608,2025-11-25,Fashion,Denim Jacket,North,Delhi,Returning,2,2513.21,0.0,UPI,Delivered,1484.31,5026.42,0.0,5026.42,2968.62,2057.8,40.93967475857569,5026.42,2057.8
ORD-100549,2025-11-26,Electronics,USB-C Hub,South,Bengaluru,New,1,967.03,0.0,UPI,Cancelled,596.25,967.03,0.0,967.03,596.25,370.78,38.342140367930675,0.0,0.0
ORD-101720,2025-11-26,Sports,Resistance Bands,South,Chennai,New,1,704.98,0.0,Cash on Delivery,Delivered,304.64,704.98,0.0,704.98,304.64,400.34000000000003,56.78742659366224,704.98,400.34000000000003
ORD-101460,2025-11-26,Electronics,Wireless Headphones,Central,Bhopal,New,1,2534.34,0.1,Net Banking,Delivered,1631.87,2534.34,253.43400000000003,2280.906,1631.87,649.0360000000001,28.455184036518826,2280.906,649.0360000000001
ORD-102264,2025-11-26,Electronics,Smart Watch,North,Lucknow,New,2,3840.16,0.0,Credit Card,Delivered,2748.25,7680.32,0.0,7680.32,5496.5,2183.8199999999997,28.43397150118745,7680.32,2183.8199999999997
ORD-102876,2025-11-26,Home & Kitchen,Mixer Grinder,North,Chandigarh,New,1,2930.02,0.2,Credit Card,Delivered,1868.1,2930.02,586.004,2344.016,1868.1,475.91600000000017,20.303445027678997,2344.016,475.91600000000017
ORD-103421,2025-11-26,Beauty,Hair Care Combo,East,Bhubaneswar,New,1,1363.24,0.0,Cash on Delivery,Delivered,655.77,1363.24,0.0,1363.24,655.77,707.47,51.89621783398375,1363.24,707.47
ORD-101165,2025-11-26,Fashion,T-Shirt,East,Bhubaneswar,New,2,838.42,0.15,Debit Card,Delivered,429.64,1676.84,251.52599999999998,1425.3139999999999,859.28,566.0339999999999,39.71293343080893,1425.3139999999999,566.0339999999999
ORD-100717,2025-11-27,Beauty,Face Serum,West,Pune,New,3,905.98,0.1,Net Banking,Delivered,431.5,2717.94,271.79400000000004,2446.146,1294.5,1151.6460000000002,47.0800189359098,2446.146,1151.6460000000002
ORD-101916,2025-11-27,Fashion,T-Shirt,West,Mumbai,New,1,819.35,0.1,Net Banking,Delivered,440.24,819.35,81.935,737.415,440.24,297.17499999999995,40.29955994928229,737.415,297.17499999999995
ORD-102133,2025-11-28,Beauty,Face Serum,East,Patna,Returning,1,881.67,0.05,Credit Card,Delivered,412.24,881.67,44.0835,837.5865,412.24,425.3465,50.78239680319585,837.5865,425.3465
ORD-100366,2025-11-28,Sports,Sports Bag,North,Delhi,New,1,1551.18,0.15,UPI,Returned,839.8,1551.18,232.677,1318.5030000000002,839.8,478.7030000000002,36.30655372039352,0.0,0.0
ORD-101686,2025-11-28,Home & Kitchen,Water Bottle,East,Patna,Returning,3,689.5,0.15,Net Banking,Delivered,310.56,2068.5,310.275,1758.225,931.6800000000001,826.5449999999998,47.01019494092053,1758.225,826.5449999999998
ORD-103244,2025-11-28,Fashion,Hoodie,North,Chandigarh,Returning,1,1831.24,0.0,Debit Card,Delivered,1034.52,1831.24,0.0,1831.24,1034.52,796.72,43.5071317795592,1831.24,796.72
ORD-101015,2025-11-28,Electronics,USB-C Hub,South,Chennai,Returning,2,1003.19,0.15,UPI,Delivered,595.17,2006.38,300.957,1705.4230000000002,1190.34,515.0830000000003,30.202653535222655,1705.4230000000002,515.0830000000003
ORD-102950,2025-11-28,Beauty,Skin Care Kit,North,Chandigarh,New,1,1635.98,0.05,Debit Card,Delivered,878.53,1635.98,81.799,1554.181,878.53,675.6510000000001,43.47312185646331,1554.181,675.6510000000001
ORD-101010,2025-11-28,Home & Kitchen,Air Fryer,South,Hyderabad,Returning,1,4827.84,0.0,Credit Card,Delivered,3229.47,4827.84,0.0,4827.84,3229.47,1598.3700000000003,33.10735235633327,4827.84,1598.3700000000003
ORD-100701,2025-11-29,Home & Kitchen,Coffee Maker,South,Bengaluru,New,3,3394.15,0.05,Cash on Delivery,Delivered,2242.34,10182.45,509.12250000000006,9673.327500000001,6727.02,2946.307500000001,30.458055927497547,9673.327500000001,2946.307500000001
ORD-101849,2025-11-29,Sports,Yoga Mat,East,Patna,Returning,3,977.74,0.05,Net Banking,Delivered,516.08,2933.2200000000003,146.66100000000003,2786.559,1548.2400000000002,1238.319,44.43900165042262,2786.559,1238.319
ORD-100449,2025-11-29,Electronics,Bluetooth Speaker,East,Bhubaneswar,New,1,1840.53,0.05,UPI,Delivered,1237.29,1840.53,92.0265,1748.5035,1237.29,511.21350000000007,29.237201984439842,1748.5035,511.21350000000007
ORD-102477,2025-11-29,Home & Kitchen,Mixer Grinder,North,Jaipur,Returning,1,3048.57,0.0,UPI,Delivered,1850.71,3048.57,0.0,3048.57,1850.71,1197.8600000000001,39.29252075563297,3048.57,1197.8600000000001
ORD-102714,2025-11-29,Sports,Running Shoes,West,Ahmedabad,Returning,2,3528.28,0.15,Net Banking,Delivered,2133.12,7056.56,1058.484,5998.076000000001,4266.24,1731.8360000000011,28.87319200356916,5998.076000000001,1731.8360000000011
ORD-100296,2025-11-29,Electronics,Smart Watch,Central,Bhopal,New,2,4022.24,0.15,Credit Card,Delivered,2687.45,8044.48,1206.6719999999998,6837.808,5374.9,1462.9080000000004,21.394400076749747,6837.808,1462.9080000000004
ORD-102432,2025-11-29,Electronics,Smart Watch,West,Pune,Loyal,3,4105.17,0.0,UPI,Delivered,2725.1,12315.51,0.0,12315.51,8175.299999999999,4140.210000000001,33.61785261024514,12315.51,4140.210000000001
ORD-101800,2025-11-30,Sports,Yoga Mat,North,Jaipur,Returning,1,1025.02,0.1,Net Banking,Delivered,515.29,1025.02,102.50200000000001,922.518,515.29,407.22800000000007,44.143095310877406,922.518,407.22800000000007
ORD-100893,2025-11-30,Home & Kitchen,Air Fryer,North,Chandigarh,Loyal,2,4800.71,0.0,Debit Card,Delivered,3431.38,9601.42,0.0,9601.42,6862.76,2738.66,28.523489233884153,9601.42,2738.66
ORD-103392,2025-11-30,Home & Kitchen,Water Bottle,North,Chandigarh,Returning,2,676.85,0.1,Cash on Delivery,Delivered,311.4,1353.7,135.37,1218.33,622.8,595.53,48.88084509123144,1218.33,595.53
ORD-100679,2025-11-30,Home & Kitchen,Water Bottle,Central,Bhopal,New,1,680.95,0.05,UPI,Delivered,301.89,680.95,34.04750000000001,646.9025,301.89,345.01250000000005,53.332998403932585,646.9025,345.01250000000005
ORD-102777,2025-11-30,Beauty,Hair Dryer,South,Kochi,New,1,2411.39,0.2,UPI,Delivered,1312.02,2411.39,482.278,1929.1119999999999,1312.02,617.0919999999999,31.98839673383401,1929.1119999999999,617.0919999999999
ORD-102732,2025-11-30,Home & Kitchen,Storage Box Set,West,Surat,New,1,979.63,0.15,Debit Card,Delivered,516.5,979.63,146.9445,832.6855,516.5,316.18550000000005,37.97177926119766,832.6855,316.18550000000005
ORD-103337,2025-11-30,Beauty,Face Serum,East,Patna,New,1,886.27,0.0,UPI,Delivered,417.01,886.27,0.0,886.27,417.01,469.26,52.947747300484046,886.27,469.26
ORD-100712,2025-11-30,Home & Kitchen,Mixer Grinder,North,Lucknow,Returning,2,3030.97,0.05,UPI,Delivered,1867.41,6061.94,303.097,5758.843,3734.82,2024.0229999999997,35.146347973021655,5758.843,2024.0229999999997
ORD-100578,2025-12-01,Electronics,Smart Watch,North,Jaipur,New,2,4144.19,0.0,Credit Card,Delivered,2634.84,8288.38,0.0,8288.38,5269.68,3018.699999999999,36.4208687343003,8288.38,3018.699999999999
ORD-101311,2025-12-01,Home & Kitchen,Mixer Grinder,Central,Indore,New,3,2889.8,0.0,Net Banking,Delivered,1884.88,8669.400000000001,0.0,8669.400000000001,5654.64,3014.760000000001,34.77472489445637,8669.400000000001,3014.760000000001
ORD-103469,2025-12-01,Fashion,Backpack,East,Kolkata,New,2,1470.03,0.0,Cash on Delivery,Delivered,854.7,2940.06,0.0,2940.06,1709.4,1230.6599999999999,41.85832942184853,2940.06,1230.6599999999999
ORD-101859,2025-12-01,Electronics,USB-C Hub,North,Chandigarh,New,1,1024.62,0.1,UPI,Delivered,579.19,1024.62,102.46199999999999,922.1579999999999,579.19,342.96799999999985,37.19189119435063,922.1579999999999,342.96799999999985
ORD-100011,2025-12-02,Fashion,Denim Jacket,North,Chandigarh,Returning,1,2530.03,0.15,Debit Card,Delivered,1436.76,2530.03,379.5045,2150.5255,1436.76,713.7655000000002,33.19028302617198,2150.5255,713.7655000000002
ORD-101195,2025-12-02,Fashion,T-Shirt,South,Kochi,New,1,799.22,0.1,UPI,Delivered,436.99,799.22,79.92200000000001,719.298,436.99,282.308,39.24771096263301,719.298,282.308
ORD-100997,2025-12-02,Electronics,Power Bank,North,Chandigarh,New,1,1324.44,0.15,UPI,Delivered,817.16,1324.44,198.666,1125.7740000000001,817.16,308.61400000000015,27.41349507094675,1125.7740000000001,308.61400000000015
ORD-101074,2025-12-02,Sports,Running Shoes,East,Kolkata,New,2,3440.56,0.1,UPI,Delivered,2096.84,6881.12,688.1120000000001,6193.008,4193.68,1999.3279999999995,32.283633413682004,6193.008,1999.3279999999995
ORD-103265,2025-12-02,Electronics,Wireless Headphones,North,Lucknow,Loyal,3,2452.92,0.0,Net Banking,Delivered,1684.26,7358.76,0.0,7358.76,5052.78,2305.9800000000005,31.3365295239959,7358.76,2305.9800000000005
ORD-102029,2025-12-02,Beauty,Face Serum,South,Bengaluru,Returning,1,925.73,0.15,Net Banking,Delivered,429.18,925.73,138.8595,786.8705,429.18,357.6905,45.45735289351933,786.8705,357.6905
ORD-102518,2025-12-02,Beauty,Hair Dryer,South,Kochi,New,1,2391.48,0.0,Credit Card,Delivered,1294.21,2391.48,0.0,2391.48,1294.21,1097.27,45.88246608794554,2391.48,1097.27
ORD-102489,2025-12-02,Home & Kitchen,Water Bottle,East,Bhubaneswar,Loyal,3,714.21,0.1,Credit Card,Delivered,303.92,2142.63,214.26300000000003,1928.3670000000002,911.76,1016.6070000000002,52.71854372119,1928.3670000000002,1016.6070000000002
ORD-102609,2025-12-02,Fashion,Denim Jacket,South,Chennai,Returning,5,2526.78,0.0,Credit Card,Delivered,1408.37,12633.900000000001,0.0,12633.900000000001,7041.849999999999,5592.050000000002,44.26226264257277,12633.900000000001,5592.050000000002
ORD-101665,2025-12-02,Fashion,Backpack,West,Surat,Returning,3,1493.88,0.0,Debit Card,Delivered,831.35,4481.64,0.0,4481.64,2494.05,1987.5900000000001,44.34961308806598,4481.64,1987.5900000000001
ORD-103360,2025-12-03,Beauty,Hair Care Combo,South,Kochi,Loyal,1,1321.32,0.1,UPI,Delivered,638.11,1321.32,132.132,1189.1879999999999,638.11,551.0779999999999,46.34069634069633,1189.1879999999999,551.0779999999999
ORD-101501,2025-12-04,Sports,Resistance Bands,East,Bhubaneswar,Returning,3,672.42,0.15,UPI,Delivered,293.06,2017.2599999999998,302.58899999999994,1714.6709999999998,879.1800000000001,835.4909999999998,48.72602382614507,1714.6709999999998,835.4909999999998
ORD-103044,2025-12-04,Sports,Yoga Mat,West,Ahmedabad,New,1,960.41,0.15,UPI,Cancelled,515.9,960.41,144.0615,816.3485,515.9,300.44849999999997,36.80395076367507,0.0,0.0
ORD-100995,2025-12-04,Fashion,Backpack,Central,Bhopal,Loyal,1,1519.74,0.15,Debit Card,Delivered,856.56,1519.74,227.96099999999998,1291.779,856.56,435.21900000000005,33.69144412473032,1291.779,435.21900000000005
ORD-101957,2025-12-04,Fashion,T-Shirt,South,Chennai,Loyal,1,826.77,0.0,Cash on Delivery,Delivered,439.87,826.77,0.0,826.77,439.87,386.9,46.79656978361575,826.77,386.9
ORD-101392,2025-12-04,Electronics,Power Bank,West,Ahmedabad,New,4,1323.21,0.05,Credit Card,Delivered,788.82,5292.84,264.642,5028.198,3155.28,1872.9180000000001,37.248294518234964,5028.198,1872.9180000000001
ORD-101920,2025-12-04,Home & Kitchen,Water Bottle,West,Surat,Returning,2,719.14,0.0,UPI,Delivered,303.64,1438.28,0.0,1438.28,607.28,831.0,57.77734516227716,1438.28,831.0
ORD-102411,2025-12-05,Home & Kitchen,Coffee Maker,West,Mumbai,New,1,3490.21,0.0,Debit Card,Delivered,2250.97,3490.21,0.0,3490.21,2250.97,1239.2400000000002,35.50617298099542,3490.21,1239.2400000000002
ORD-100488,2025-12-05,Fashion,T-Shirt,East,Bhubaneswar,New,2,808.12,0.0,Debit Card,Delivered,441.44,1616.24,0.0,1616.24,882.88,733.36,45.374449339207054,1616.24,733.36
ORD-102949,2025-12-05,Home & Kitchen,Water Bottle,North,Chandigarh,Returning,2,697.48,0.15,UPI,Delivered,305.09,1394.96,209.244,1185.7160000000001,610.18,575.5360000000002,48.539110545864276,1185.7160000000001,575.5360000000002
ORD-101991,2025-12-05,Electronics,Bluetooth Speaker,South,Chennai,New,1,1931.4,0.05,Debit Card,Delivered,1189.23,1931.4,96.57000000000001,1834.8300000000002,1189.23,645.6000000000001,35.18582102974118,1834.8300000000002,645.6000000000001
ORD-101299,2025-12-05,Sports,Running Shoes,East,Bhubaneswar,Loyal,2,3546.64,0.1,UPI,Delivered,2152.6,7093.28,709.328,6383.951999999999,4305.2,2078.7519999999995,32.562149590097164,6383.951999999999,2078.7519999999995
ORD-101902,2025-12-05,Electronics,Power Bank,West,Ahmedabad,New,2,1275.81,0.15,Credit Card,Delivered,820.66,2551.62,382.743,2168.877,1641.32,527.557,24.32397042340345,2168.877,527.557
ORD-102539,2025-12-05,Sports,Running Shoes,South,Chennai,Returning,2,3500.09,0.05,Cash on Delivery,Delivered,2114.63,7000.18,350.009,6650.171,4229.26,2420.911,36.40374059554258,6650.171,2420.911
ORD-103478,2025-12-05,Electronics,Wireless Headphones,West,Ahmedabad,Returning,1,2539.49,0.0,Credit Card,Cancelled,1652.61,2539.49,0.0,2539.49,1652.61,886.8799999999999,34.92354764145556,0.0,0.0
ORD-100507,2025-12-05,Sports,Running Shoes,West,Mumbai,New,3,3376.88,0.1,Credit Card,Delivered,2101.79,10130.64,1013.064,9117.576,6305.37,2812.205999999999,30.843790059989622,9117.576,2812.205999999999
ORD-100747,2025-12-06,Home & Kitchen,Mixer Grinder,South,Chennai,Returning,1,2958.89,0.1,UPI,Cancelled,1861.62,2958.89,295.889,2663.0009999999997,1861.62,801.3809999999999,30.093154302232705,0.0,0.0
ORD-101147,2025-12-06,Sports,Dumbbell Set,North,Jaipur,New,3,2517.14,0.1,Cash on Delivery,Delivered,1493.15,7551.42,755.142,6796.278,4479.450000000001,2316.8279999999995,34.08965907515849,6796.278,2316.8279999999995
ORD-102607,2025-12-06,Sports,Dumbbell Set,East,Kolkata,New,3,2491.99,0.1,UPI,Delivered,1476.97,7475.969999999999,747.597,6728.373,4430.91,2297.4629999999997,34.145892327907504,6728.373,2297.4629999999997
ORD-103017,2025-12-06,Home & Kitchen,Mixer Grinder,North,Lucknow,New,2,2887.18,0.1,Credit Card,Returned,1910.5,5774.36,577.436,5196.924,3821.0,1375.924,26.475738340603016,0.0,0.0
ORD-101958,2025-12-06,Home & Kitchen,Coffee Maker,West,Mumbai,Returning,1,3585.37,0.05,Cash on Delivery,Delivered,2231.76,3585.37,179.26850000000002,3406.1014999999998,2231.76,1174.3414999999995,34.47758383007669,3406.1014999999998,1174.3414999999995
ORD-102048,2025-12-06,Beauty,Face Serum,North,Lucknow,New,2,919.08,0.1,Cash on Delivery,Delivered,412.15,1838.16,183.81600000000003,1654.344,824.3,830.0440000000001,50.173603555246075,1654.344,830.0440000000001
ORD-101669,2025-12-06,Electronics,Smart Watch,West,Pune,New,3,4179.35,0.1,UPI,Delivered,2633.41,12538.050000000001,1253.8050000000003,11284.245,7900.23,3384.0150000000012,29.988847282206304,11284.245,3384.0150000000012
ORD-103496,2025-12-06,Home & Kitchen,Storage Box Set,North,Chandigarh,New,1,1042.62,0.0,UPI,Delivered,539.34,1042.62,0.0,1042.62,539.34,503.27999999999986,48.27070265293203,1042.62,503.27999999999986
ORD-102593,2025-12-06,Home & Kitchen,Air Fryer,South,Chennai,Returning,2,4985.22,0.15,Credit Card,Delivered,3245.22,9970.44,1495.566,8474.874,6490.44,1984.4340000000002,23.415498566704358,8474.874,1984.4340000000002
ORD-100656,2025-12-06,Electronics,Bluetooth Speaker,North,Jaipur,New,1,1841.71,0.0,UPI,Delivered,1222.02,1841.71,0.0,1841.71,1222.02,619.69,33.64753408517085,1841.71,619.69
ORD-101164,2025-12-06,Home & Kitchen,Air Fryer,West,Surat,Returning,2,5186.19,0.1,Cash on Delivery,Delivered,3205.09,10372.38,1037.238,9335.142,6410.18,2924.9619999999995,31.332806721097544,9335.142,2924.9619999999995
ORD-100351,2025-12-07,Beauty,Hair Dryer,West,Ahmedabad,New,1,2379.66,0.05,Debit Card,Delivered,1345.85,2379.66,118.983,2260.6769999999997,1345.85,914.8269999999998,40.46694861760437,2260.6769999999997,914.8269999999998
ORD-101341,2025-12-07,Sports,Yoga Mat,Central,Nagpur,Returning,1,1040.74,0.0,UPI,Delivered,502.75,1040.74,0.0,1040.74,502.75,537.99,51.693026116032826,1040.74,537.99
ORD-101725,2025-12-07,Home & Kitchen,Mixer Grinder,North,Lucknow,Returning,1,3095.9,0.0,Cash on Delivery,Delivered,1804.61,3095.9,0.0,3095.9,1804.61,1291.2900000000002,41.709680545237255,3095.9,1291.2900000000002
ORD-101335,2025-12-07,Beauty,Face Serum,South,Chennai,New,1,917.76,0.05,Credit Card,Delivered,425.65,917.76,45.888000000000005,871.872,425.65,446.222,51.179760331791826,871.872,446.222
ORD-101553,2025-12-07,Electronics,Power Bank,East,Guwahati,New,1,1250.46,0.0,Credit Card,Delivered,795.4,1250.46,0.0,1250.46,795.4,455.06000000000006,36.39140796187004,1250.46,455.06000000000006
ORD-102310,2025-12-07,Beauty,Face Serum,South,Chennai,New,3,893.27,0.1,UPI,Cancelled,408.04,2679.81,267.981,2411.8289999999997,1224.1200000000001,1187.7089999999996,49.24515792786303,0.0,0.0
ORD-102766,2025-12-08,Fashion,Denim Jacket,South,Chennai,Loyal,2,2505.89,0.05,Credit Card,Returned,1475.31,5011.78,250.589,4761.191,2950.62,1810.571,38.02769097059958,0.0,0.0
ORD-102794,2025-12-08,Fashion,Backpack,North,Jaipur,Loyal,2,1468.19,0.0,UPI,Delivered,863.32,2936.38,0.0,2936.38,1726.64,1209.74,41.19834626308584,2936.38,1209.74
ORD-100648,2025-12-08,Electronics,Bluetooth Speaker,North,Chandigarh,Returning,4,1837.2,0.0,Debit Card,Delivered,1207.68,7348.8,0.0,7348.8,4830.72,2518.08,34.265186152841274,7348.8,2518.08
ORD-101901,2025-12-08,Fashion,T-Shirt,South,Bengaluru,Returning,2,830.74,0.0,UPI,Delivered,443.35,1661.48,0.0,1661.48,886.7,774.78,46.63191853046681,1661.48,774.78
ORD-100931,2025-12-09,Beauty,Skin Care Kit,East,Patna,Returning,2,1677.87,0.1,UPI,Delivered,827.29,3355.74,335.574,3020.1659999999997,1654.58,1365.5859999999998,45.21559410972774,3020.1659999999997,1365.5859999999998
ORD-100561,2025-12-09,Sports,Yoga Mat,West,Pune,Returning,3,990.3,0.15,Credit Card,Delivered,487.14,2970.8999999999996,445.63499999999993,2525.265,1461.42,1063.8449999999998,42.12805388741379,2525.265,1063.8449999999998
ORD-102896,2025-12-09,Sports,Sports Bag,East,Patna,Returning,2,1562.77,0.0,Credit Card,Delivered,877.97,3125.54,0.0,3125.54,1755.94,1369.6,43.81962796828708,3125.54,1369.6
ORD-101922,2025-12-09,Home & Kitchen,Mixer Grinder,South,Kochi,Returning,1,3042.32,0.1,UPI,Delivered,1829.87,3042.32,304.232,2738.088,1829.87,908.2180000000003,33.16978855318018,2738.088,908.2180000000003
ORD-101636,2025-12-09,Home & Kitchen,Mixer Grinder,Central,Nagpur,Loyal,2,3064.95,0.0,Cash on Delivery,Delivered,1823.16,6129.9,0.0,6129.9,3646.32,2483.5799999999995,40.51583223217344,6129.9,2483.5799999999995
ORD-102666,2025-12-09,Beauty,Perfume,North,Delhi,Loyal,1,1990.02,0.15,UPI,Delivered,1104.69,1990.02,298.503,1691.517,1104.69,586.827,34.692350121222546,1691.517,586.827
ORD-100606,2025-12-09,Beauty,Perfume,West,Mumbai,New,2,2077.06,0.1,UPI,Delivered,1132.23,4154.12,415.41200000000003,3738.7079999999996,2264.46,1474.2479999999996,39.43201769167316,3738.7079999999996,1474.2479999999996
ORD-103345,2025-12-10,Sports,Yoga Mat,North,Lucknow,Returning,3,985.34,0.0,Cash on Delivery,Delivered,503.75,2956.02,0.0,2956.02,1511.25,1444.77,48.87551505064241,2956.02,1444.77
ORD-103467,2025-12-10,Fashion,Hoodie,West,Pune,Returning,2,1848.9,0.0,Debit Card,Delivered,999.34,3697.8,0.0,3697.8,1998.68,1699.1200000000001,45.949483476661804,3697.8,1699.1200000000001
ORD-102336,2025-12-10,Sports,Sports Bag,East,Guwahati,Returning,3,1655.41,0.05,UPI,Cancelled,833.37,4966.2300000000005,248.31150000000002,4717.918500000001,2500.11,2217.8085000000005,47.008198636750514,0.0,0.0
ORD-103299,2025-12-10,Electronics,USB-C Hub,South,Bengaluru,New,2,1029.13,0.0,Credit Card,Delivered,612.94,2058.26,0.0,2058.26,1225.88,832.3800000000001,40.44095498139205,2058.26,832.3800000000001
ORD-102351,2025-12-10,Fashion,Backpack,West,Surat,Returning,4,1500.38,0.1,Credit Card,Delivered,875.27,6001.52,600.152,5401.368,3501.08,1900.2880000000005,35.18160584503779,5401.368,1900.2880000000005
ORD-101140,2025-12-11,Electronics,Smart Watch,Central,Raipur,Returning,1,3902.53,0.2,UPI,Delivered,2769.46,3902.53,780.5060000000001,3122.0240000000003,2769.46,352.5640000000003,11.292802361544956,3122.0240000000003,352.5640000000003
ORD-102924,2025-12-11,Fashion,Hoodie,East,Bhubaneswar,New,2,1807.31,0.0,Debit Card,Returned,1028.1,3614.62,0.0,3614.62,2056.2,1558.42,43.11435226939485,0.0,0.0
ORD-100539,2025-12-11,Electronics,Wireless Headphones,Central,Bhopal,New,2,2547.57,0.15,UPI,Returned,1604.68,5095.14,764.2710000000001,4330.869000000001,3209.36,1121.5090000000005,25.895703610522514,0.0,0.0
ORD-103111,2025-12-11,Fashion,Backpack,West,Ahmedabad,Returning,2,1494.69,0.0,Cash on Delivery,Delivered,857.29,2989.38,0.0,2989.38,1714.58,1274.8000000000002,42.64429413456972,2989.38,1274.8000000000002
ORD-101259,2025-12-11,Electronics,Bluetooth Speaker,North,Jaipur,Returning,1,1878.12,0.15,UPI,Delivered,1168.35,1878.12,281.71799999999996,1596.402,1168.35,428.05200000000013,26.81354696373471,1596.402,428.05200000000013
ORD-102139,2025-12-11,Sports,Dumbbell Set,North,Chandigarh,New,1,2566.7,0.1,UPI,Delivered,1480.0,2566.7,256.67,2310.0299999999997,1480.0,830.0299999999997,35.93156798829452,2310.0299999999997,830.0299999999997
ORD-100877,2025-12-11,Home & Kitchen,Air Fryer,West,Mumbai,Returning,4,4892.79,0.0,UPI,Delivered,3269.95,19571.16,0.0,19571.16,13079.8,6491.360000000001,33.16798799866743,19571.16,6491.360000000001
ORD-103341,2025-12-12,Fashion,T-Shirt,North,Chandigarh,Returning,2,791.07,0.0,Credit Card,Returned,432.51,1582.14,0.0,1582.14,865.02,717.1200000000001,45.32595092722516,0.0,0.0
ORD-102118,2025-12-12,Electronics,Bluetooth Speaker,Central,Bhopal,Returning,1,1864.59,0.0,Debit Card,Returned,1239.61,1864.59,0.0,1864.59,1239.61,624.98,33.51836060474421,0.0,0.0
ORD-102821,2025-12-12,Fashion,T-Shirt,South,Kochi,Returning,5,793.41,0.05,UPI,Delivered,430.15,3967.0499999999997,198.3525,3768.6974999999998,2150.75,1617.9474999999998,42.93121164540268,3768.6974999999998,1617.9474999999998
ORD-100289,2025-12-12,Home & Kitchen,Storage Box Set,South,Bengaluru,New,2,983.91,0.0,Debit Card,Delivered,522.86,1967.82,0.0,1967.82,1045.72,922.0999999999999,46.858960677297716,1967.82,922.0999999999999
ORD-101380,2025-12-12,Sports,Dumbbell Set,South,Bengaluru,Returning,1,2446.84,0.1,Credit Card,Delivered,1478.43,2446.84,244.68400000000003,2202.156,1478.43,723.7259999999999,32.86442922299782,2202.156,723.7259999999999
ORD-100927,2025-12-12,Fashion,T-Shirt,East,Patna,New,5,823.4,0.05,Debit Card,Delivered,436.91,4117.0,205.85000000000002,3911.15,2184.55,1726.6,44.14558377970673,3911.15,1726.6
ORD-100305,2025-12-13,Fashion,Denim Jacket,Central,Raipur,New,4,2591.85,0.1,Net Banking,Delivered,1463.46,10367.4,1036.74,9330.66,5853.84,3476.8199999999997,37.26231584903962,9330.66,3476.8199999999997
ORD-100917,2025-12-13,Sports,Running Shoes,West,Ahmedabad,Returning,2,3493.23,0.0,UPI,Delivered,2051.01,6986.46,0.0,6986.46,4102.02,2884.4399999999996,41.28614491459193,6986.46,2884.4399999999996
ORD-102836,2025-12-13,Beauty,Skin Care Kit,North,Delhi,Loyal,4,1550.16,0.15,UPI,Delivered,836.09,6200.64,930.096,5270.544,3344.36,1926.1839999999997,36.546208512821444,5270.544,1926.1839999999997
ORD-101848,2025-12-13,Sports,Yoga Mat,West,Surat,Returning,1,1020.74,0.15,Debit Card,Delivered,490.35,1020.74,153.111,867.629,490.35,377.279,43.483908444738475,867.629,377.279
ORD-102775,2025-12-14,Beauty,Face Serum,West,Pune,Loyal,1,890.27,0.0,Debit Card,Delivered,425.08,890.27,0.0,890.27,425.08,465.19,52.2526873869725,890.27,465.19
ORD-100029,2025-12-14,Fashion,T-Shirt,South,Bengaluru,Returning,2,793.11,0.15,Debit Card,Delivered,422.17,1586.22,237.933,1348.287,844.34,503.947,37.37683445735218,1348.287,503.947
ORD-100789,2025-12-14,Electronics,Bluetooth Speaker,North,Delhi,Loyal,4,1894.78,0.1,UPI,Delivered,1176.84,7579.12,757.912,6821.208,4707.36,2113.848,30.989349687034906,6821.208,2113.848
ORD-102154,2025-12-14,Home & Kitchen,Air Fryer,East,Bhubaneswar,Loyal,2,5116.19,0.0,Credit Card,Delivered,3397.32,10232.38,0.0,10232.38,6794.64,3437.739999999999,33.59668034220777,10232.38,3437.739999999999
ORD-100807,2025-12-14,Electronics,Wireless Headphones,West,Ahmedabad,New,1,2513.0,0.1,UPI,Delivered,1699.2,2513.0,251.3,2261.7,1699.2,562.4999999999998,24.870672502984473,2261.7,562.4999999999998
ORD-102137,2025-12-14,Sports,Dumbbell Set,South,Hyderabad,Loyal,2,2566.49,0.05,Credit Card,Delivered,1539.68,5132.98,256.649,4876.330999999999,3079.36,1796.970999999999,36.850882353966526,4876.330999999999,1796.970999999999
ORD-100295,2025-12-14,Sports,Dumbbell Set,East,Patna,Loyal,1,2467.65,0.2,Debit Card,Cancelled,1492.69,2467.65,493.53000000000003,1974.1200000000001,1492.69,481.43000000000006,24.387068668571317,0.0,0.0
ORD-100331,2025-12-15,Fashion,Denim Jacket,North,Chandigarh,Returning,3,2606.16,0.0,UPI,Cancelled,1433.7,7818.48,0.0,7818.48,4301.1,3517.379999999999,44.988028363569384,0.0,0.0
ORD-100057,2025-12-15,Electronics,Wireless Headphones,North,Delhi,New,2,2509.97,0.0,Cash on Delivery,Delivered,1628.18,5019.94,0.0,5019.94,3256.36,1763.5799999999995,35.131495595564886,5019.94,1763.5799999999995
ORD-102343,2025-12-15,Beauty,Hair Dryer,Central,Nagpur,Returning,2,2387.4,0.2,Credit Card,Delivered,1307.85,4774.8,954.96,3819.84,2615.7,1204.1400000000003,31.52330987685349,3819.84,1204.1400000000003
ORD-102834,2025-12-15,Sports,Resistance Bands,East,Guwahati,Returning,5,683.69,0.05,UPI,Delivered,301.46,3418.4500000000003,170.9225,3247.5275,1507.3,1740.2275000000002,53.58622829213918,3247.5275,1740.2275000000002
ORD-102119,2025-12-15,Home & Kitchen,Air Fryer,North,Chandigarh,Returning,2,5213.21,0.1,UPI,Delivered,3385.11,10426.42,1042.642,9383.778,6770.22,2613.558,27.85187373358577,9383.778,2613.558
ORD-100229,2025-12-15,Beauty,Face Serum,West,Surat,New,2,899.65,0.05,Credit Card,Delivered,409.53,1799.3,89.965,1709.335,819.06,890.2750000000001,52.08312004375971,1709.335,890.2750000000001
ORD-100983,2025-12-16,Home & Kitchen,Coffee Maker,West,Pune,New,1,3539.86,0.05,Credit Card,Delivered,2277.75,3539.86,176.99300000000002,3362.867,2277.75,1085.1170000000002,32.2676156981528,3362.867,1085.1170000000002
ORD-100879,2025-12-16,Fashion,Backpack,South,Chennai,Loyal,2,1548.97,0.15,UPI,Delivered,849.19,3097.94,464.691,2633.2490000000003,1698.38,934.8690000000001,35.50249140890209,2633.2490000000003,934.8690000000001
ORD-101577,2025-12-16,Fashion,Denim Jacket,North,Lucknow,New,3,2537.27,0.1,UPI,Delivered,1428.71,7611.8099999999995,761.181,6850.628999999999,4286.13,2564.498999999999,37.434504189323334,6850.628999999999,2564.498999999999
ORD-103477,2025-12-16,Electronics,Power Bank,South,Hyderabad,New,1,1279.22,0.1,Debit Card,Returned,799.63,1279.22,127.92200000000001,1151.298,799.63,351.668,30.545349683574543,0.0,0.0
ORD-100992,2025-12-17,Beauty,Perfume,North,Lucknow,Returning,3,2029.88,0.0,Credit Card,Delivered,1109.9,6089.64,0.0,6089.64,3329.7000000000003,2759.94,45.32189094921868,6089.64,2759.94
ORD-101323,2025-12-17,Beauty,Skin Care Kit,South,Bengaluru,Loyal,1,1546.71,0.15,Credit Card,Delivered,861.92,1546.71,232.0065,1314.7035,861.92,452.7835000000001,34.439970685405505,1314.7035,452.7835000000001
ORD-102404,2025-12-18,Fashion,Backpack,West,Pune,Returning,1,1454.32,0.0,UPI,Delivered,840.11,1454.32,0.0,1454.32,840.11,614.2099999999999,42.23348368997194,1454.32,614.2099999999999
ORD-103066,2025-12-18,Electronics,Smart Watch,West,Surat,Returning,1,4016.71,0.05,Debit Card,Delivered,2756.71,4016.71,200.83550000000002,3815.8745,2756.71,1059.1644999999999,27.756795984773607,3815.8745,1059.1644999999999
ORD-101497,2025-12-18,Fashion,Backpack,North,Jaipur,Loyal,4,1460.27,0.05,Net Banking,Delivered,835.21,5841.08,292.05400000000003,5549.026,3340.84,2208.1859999999997,39.79411882373591,5549.026,2208.1859999999997
ORD-101222,2025-12-19,Home & Kitchen,Water Bottle,North,Lucknow,New,2,725.72,0.15,Credit Card,Delivered,291.31,1451.44,217.716,1233.7240000000002,582.62,651.1040000000002,52.775499220247,1233.7240000000002,651.1040000000002
ORD-102252,2025-12-19,Fashion,Backpack,North,Chandigarh,New,3,1531.4,0.05,Net Banking,Returned,844.32,4594.200000000001,229.71000000000004,4364.490000000001,2532.96,1831.5300000000007,41.96435322340068,0.0,0.0
ORD-101997,2025-12-19,Electronics,Wireless Headphones,South,Chennai,New,3,2599.11,0.0,Cash on Delivery,Delivered,1715.01,7797.33,0.0,7797.33,5145.03,2652.3,34.0154899177026,7797.33,2652.3
ORD-100762,2025-12-19,Fashion,Backpack,East,Patna,Returning,1,1495.26,0.05,Debit Card,Delivered,860.24,1495.26,74.763,1420.497,860.24,560.2570000000001,39.440913989962674,1420.497,560.2570000000001
ORD-100655,2025-12-19,Beauty,Perfume,South,Kochi,Returning,4,1949.72,0.05,UPI,Delivered,1092.17,7798.88,389.944,7408.936,4368.68,3040.2559999999994,41.034988019872216,7408.936,3040.2559999999994
ORD-102335,2025-12-19,Home & Kitchen,Mixer Grinder,West,Surat,Returning,1,3018.57,0.2,Credit Card,Delivered,1856.13,3018.57,603.714,2414.856,1856.13,558.7260000000001,23.137031773323134,2414.856,558.7260000000001
ORD-103146,2025-12-19,Fashion,Hoodie,West,Ahmedabad,New,3,1800.1,0.1,Debit Card,Delivered,1023.88,5400.299999999999,540.03,4860.2699999999995,3071.64,1788.6299999999997,36.801041917424335,4860.2699999999995,1788.6299999999997
ORD-101840,2025-12-19,Fashion,T-Shirt,North,Jaipur,Returning,3,782.63,0.0,Credit Card,Delivered,439.5,2347.89,0.0,2347.89,1318.5,1029.3899999999999,43.843195379681326,2347.89,1029.3899999999999
ORD-100330,2025-12-20,Electronics,Wireless Headphones,West,Surat,Returning,2,2452.37,0.1,Credit Card,Delivered,1607.77,4904.74,490.474,4414.266,3215.54,1198.7259999999997,27.155726455995172,4414.266,1198.7259999999997
ORD-100034,2025-12-20,Electronics,Power Bank,South,Hyderabad,New,2,1280.69,0.05,Debit Card,Delivered,779.6,2561.38,128.06900000000002,2433.311,1559.2,874.1110000000001,35.92269956450285,2433.311,874.1110000000001
ORD-101365,2025-12-20,Fashion,Denim Jacket,West,Surat,New,4,2481.31,0.05,UPI,Delivered,1475.18,9925.24,496.262,9428.978,5900.72,3528.257999999999,37.4193046160464,9428.978,3528.257999999999
ORD-100308,2025-12-20,Fashion,Sneakers,South,Chennai,Returning,1,3085.23,0.0,UPI,Delivered,1835.44,3085.23,0.0,3085.23,1835.44,1249.79,40.50881133659403,3085.23,1249.79
ORD-102586,2025-12-20,Electronics,Power Bank,Central,Nagpur,New,5,1359.1,0.1,UPI,Delivered,786.61,6795.5,679.5500000000001,6115.95,3933.05,2182.8999999999996,35.691920306738936,6115.95,2182.8999999999996
ORD-101625,2025-12-20,Fashion,Denim Jacket,East,Guwahati,Returning,1,2526.53,0.15,UPI,Delivered,1446.02,2526.53,378.97950000000003,2147.5505000000003,1446.02,701.5305000000003,32.666542649404526,2147.5505000000003,701.5305000000003
ORD-101938,2025-12-20,Sports,Dumbbell Set,North,Delhi,Returning,2,2502.6,0.15,Debit Card,Delivered,1553.49,5005.2,750.78,4254.42,3106.98,1147.44,26.970538874864257,4254.42,1147.44
ORD-100132,2025-12-20,Home & Kitchen,Water Bottle,East,Kolkata,New,1,677.9,0.05,Credit Card,Delivered,310.25,677.9,33.895,644.005,310.25,333.755,51.824908191706584,644.005,333.755
ORD-101664,2025-12-20,Electronics,Power Bank,South,Hyderabad,Loyal,3,1251.67,0.15,Net Banking,Delivered,819.37,3755.01,563.2515,3191.7585000000004,2458.11,733.6485000000002,22.985714614686547,3191.7585000000004,733.6485000000002
ORD-100456,2025-12-21,Home & Kitchen,Air Fryer,West,Ahmedabad,Returning,1,5113.26,0.15,Credit Card,Delivered,3206.25,5113.26,766.989,4346.271000000001,3206.25,1140.0210000000006,26.229864635684258,4346.271000000001,1140.0210000000006
ORD-101084,2025-12-21,Beauty,Hair Care Combo,South,Bengaluru,Returning,1,1287.67,0.15,Credit Card,Delivered,635.18,1287.67,193.1505,1094.5195,635.18,459.33950000000016,41.9672285418396,1094.5195,459.33950000000016
ORD-101129,2025-12-21,Home & Kitchen,Air Fryer,North,Delhi,New,2,5201.47,0.05,UPI,Cancelled,3256.64,10402.94,520.147,9882.793,6513.28,3369.513,34.09474426915549,0.0,0.0
ORD-102031,2025-12-21,Electronics,Smart Watch,South,Hyderabad,Loyal,2,4025.9,0.0,Credit Card,Delivered,2804.19,8051.8,0.0,8051.8,5608.38,2443.42,30.3462579795822,8051.8,2443.42
ORD-100755,2025-12-21,Electronics,Bluetooth Speaker,West,Ahmedabad,Loyal,2,1921.81,0.1,UPI,Delivered,1169.84,3843.62,384.362,3459.258,2339.68,1119.578,32.36468629977874,3459.258,1119.578
ORD-100113,2025-12-21,Sports,Resistance Bands,West,Pune,Returning,1,679.75,0.15,Net Banking,Delivered,292.14,679.75,101.96249999999999,577.7875,292.14,285.64750000000004,49.43815849252537,577.7875,285.64750000000004
ORD-101258,2025-12-21,Electronics,USB-C Hub,Central,Nagpur,New,5,973.31,0.1,Debit Card,Delivered,593.54,4866.549999999999,486.655,4379.8949999999995,2967.7,1412.1949999999997,32.242667917838205,4379.8949999999995,1412.1949999999997
ORD-103176,2025-12-22,Fashion,Sneakers,Central,Indore,New,2,3054.64,0.1,UPI,Delivered,1753.86,6109.28,610.928,5498.352,3507.72,1990.632,36.20415717291291,5498.352,1990.632
ORD-101565,2025-12-22,Fashion,Sneakers,East,Guwahati,Returning,1,3147.97,0.0,Credit Card,Delivered,1837.74,3147.97,0.0,3147.97,1837.74,1310.2299999999998,41.62142587127577,3147.97,1310.2299999999998
ORD-100158,2025-12-22,Electronics,USB-C Hub,North,Lucknow,Loyal,1,1031.53,0.1,Credit Card,Delivered,592.0,1031.53,103.153,928.377,592.0,336.37699999999995,36.23280197592142,928.377,336.37699999999995
ORD-101003,2025-12-23,Beauty,Skin Care Kit,Central,Nagpur,New,2,1650.35,0.15,Debit Card,Delivered,877.0,3300.7,495.10499999999996,2805.595,1754.0,1051.5949999999998,37.48206708380931,2805.595,1051.5949999999998
ORD-101975,2025-12-23,Beauty,Hair Dryer,South,Bengaluru,Returning,2,2264.29,0.1,Debit Card,Delivered,1332.06,4528.58,452.858,4075.7219999999998,2664.12,1411.6019999999999,34.634403425945145,4075.7219999999998,1411.6019999999999
ORD-100134,2025-12-23,Beauty,Hair Dryer,East,Bhubaneswar,New,2,2268.14,0.1,Debit Card,Delivered,1286.9,4536.28,453.628,4082.6519999999996,2573.8,1508.8519999999994,36.957644197937995,4082.6519999999996,1508.8519999999994
ORD-101387,2025-12-24,Beauty,Face Serum,South,Chennai,New,2,940.85,0.0,UPI,Delivered,436.53,1881.7,0.0,1881.7,873.06,1008.6400000000001,53.60259339958549,1881.7,1008.6400000000001
ORD-103215,2025-12-25,Electronics,Bluetooth Speaker,North,Jaipur,Loyal,1,1979.32,0.15,Cash on Delivery,Delivered,1207.4,1979.32,296.89799999999997,1682.422,1207.4,475.02199999999993,28.234414433477443,1682.422,475.02199999999993
ORD-102604,2025-12-25,Electronics,USB-C Hub,North,Delhi,New,2,1035.58,0.0,Debit Card,Delivered,592.71,2071.16,0.0,2071.16,1185.42,885.7399999999998,42.765406825160774,2071.16,885.7399999999998
ORD-101434,2025-12-25,Electronics,USB-C Hub,North,Lucknow,New,3,1023.61,0.15,Credit Card,Delivered,578.18,3070.83,460.62449999999995,2610.2055,1734.54,875.6655000000001,33.547760894688174,2610.2055,875.6655000000001
ORD-102062,2025-12-25,Electronics,Bluetooth Speaker,South,Chennai,New,3,1924.78,0.0,Net Banking,Delivered,1207.43,5774.34,0.0,5774.34,3622.29,2152.05,37.269194401438085,5774.34,2152.05
ORD-102634,2025-12-25,Fashion,Backpack,South,Chennai,New,3,1531.34,0.1,UPI,Delivered,849.81,4594.0199999999995,459.402,4134.6179999999995,2549.43,1585.1879999999996,38.3394064457708,4134.6179999999995,1585.1879999999996
ORD-102426,2025-12-25,Home & Kitchen,Water Bottle,South,Bengaluru,New,5,717.89,0.05,Credit Card,Delivered,297.68,3589.45,179.4725,3409.9775,1488.4,1921.5774999999999,56.35161815583827,3409.9775,1921.5774999999999
ORD-101412,2025-12-25,Sports,Sports Bag,Central,Raipur,New,5,1547.83,0.1,Debit Card,Cancelled,850.51,7739.15,773.915,6965.235,4252.55,2712.6849999999995,38.94606571063287,0.0,0.0
ORD-103033,2025-12-26,Sports,Dumbbell Set,East,Patna,Returning,5,2409.63,0.1,Net Banking,Delivered,1477.92,12048.150000000001,1204.8150000000003,10843.335000000001,7389.6,3453.7350000000006,31.85122473851449,10843.335000000001,3453.7350000000006
ORD-102436,2025-12-26,Beauty,Perfume,West,Mumbai,New,1,2032.15,0.15,Cash on Delivery,Delivered,1104.44,2032.15,304.8225,1727.3275,1104.44,622.8875,36.06076438891872,1727.3275,622.8875
ORD-103448,2025-12-26,Fashion,Sneakers,West,Mumbai,New,2,3032.81,0.15,UPI,Delivered,1784.81,6065.62,909.843,5155.777,3569.62,1586.1570000000002,30.76465487161295,5155.777,1586.1570000000002
ORD-102883,2025-12-26,Fashion,Denim Jacket,Central,Nagpur,New,2,2491.13,0.05,Net Banking,Delivered,1455.98,4982.26,249.11300000000003,4733.147,2911.96,1821.187,38.4772963949778,4733.147,1821.187
ORD-100079,2025-12-27,Sports,Dumbbell Set,North,Chandigarh,Returning,1,2543.22,0.05,UPI,Delivered,1512.34,2543.22,127.161,2416.0589999999997,1512.34,903.7189999999998,37.404674306380755,2416.0589999999997,903.7189999999998
ORD-102688,2025-12-27,Electronics,Smart Watch,Central,Indore,New,2,4003.17,0.2,UPI,Delivered,2737.74,8006.34,1601.268,6405.072,5475.48,929.5920000000006,14.513373151777225,6405.072,929.5920000000006
ORD-100131,2025-12-27,Fashion,Sneakers,North,Chandigarh,New,2,3090.34,0.1,Credit Card,Delivered,1756.1,6180.68,618.0680000000001,5562.612,3512.2,2050.4120000000003,36.86059714393167,5562.612,2050.4120000000003
ORD-103259,2025-12-27,Home & Kitchen,Storage Box Set,South,Bengaluru,New,1,1016.06,0.05,Debit Card,Delivered,516.88,1016.06,50.803,965.257,516.88,448.37699999999995,46.45156678480446,965.257,448.37699999999995
ORD-100980,2025-12-27,Sports,Resistance Bands,Central,Bhopal,Returning,3,698.53,0.05,Debit Card,Delivered,303.57,2095.59,104.77950000000001,1990.8105,910.71,1080.1005,54.254309990830365,1990.8105,1080.1005
ORD-102656,2025-12-27,Home & Kitchen,Mixer Grinder,Central,Nagpur,Returning,1,2977.97,0.0,UPI,Delivered,1860.3,2977.97,0.0,2977.97,1860.3,1117.6699999999998,37.53127130226295,2977.97,1117.6699999999998
ORD-101029,2025-12-27,Electronics,Wireless Headphones,North,Chandigarh,Returning,4,2550.05,0.1,Cash on Delivery,Returned,1689.78,10200.2,1020.0200000000001,9180.18,6759.12,2421.0600000000004,26.37268550289864,0.0,0.0
ORD-100126,2025-12-27,Beauty,Perfume,West,Mumbai,Loyal,1,1971.46,0.15,Debit Card,Delivered,1102.64,1971.46,295.719,1675.741,1102.64,573.1009999999999,34.199855466924774,1675.741,573.1009999999999
ORD-100706,2025-12-27,Home & Kitchen,Water Bottle,West,Pune,New,1,715.95,0.05,UPI,Returned,292.88,715.95,35.79750000000001,680.1525,292.88,387.27250000000004,56.93906881177383,0.0,0.0
ORD-100437,2025-12-28,Beauty,Hair Dryer,North,Lucknow,New,5,2309.54,0.05,UPI,Delivered,1331.38,11547.7,577.3850000000001,10970.315,6656.900000000001,4313.415,39.3189712419379,10970.315,4313.415
ORD-101189,2025-12-28,Electronics,Wireless Headphones,South,Chennai,New,2,2446.07,0.0,Net Banking,Delivered,1601.84,4892.14,0.0,4892.14,3203.68,1688.4600000000005,34.51373018760707,4892.14,1688.4600000000005
ORD-102402,2025-12-28,Home & Kitchen,Storage Box Set,East,Patna,Returning,4,1015.21,0.15,Debit Card,Delivered,524.78,4060.84,609.126,3451.714,2099.12,1352.594,39.186155052243606,3451.714,1352.594
ORD-101672,2025-12-28,Fashion,Backpack,North,Chandigarh,New,3,1490.13,0.1,UPI,Cancelled,829.3,4470.39,447.03900000000004,4023.351,2487.8999999999996,1535.4510000000005,38.16348610896739,0.0,0.0
ORD-102647,2025-12-29,Electronics,Smart Watch,South,Chennai,Loyal,2,4129.03,0.0,Net Banking,Delivered,2800.41,8258.06,0.0,8258.06,5600.82,2657.24,32.17753322208848,8258.06,2657.24
ORD-100116,2025-12-29,Sports,Yoga Mat,West,Ahmedabad,Loyal,2,989.12,0.2,Cash on Delivery,Returned,516.18,1978.24,395.648,1582.592,1032.36,550.2320000000002,34.76777337431253,0.0,0.0
ORD-102580,2025-12-29,Sports,Sports Bag,South,Bengaluru,Returning,1,1583.65,0.1,Credit Card,Delivered,845.03,1583.65,158.365,1425.285,845.03,580.2550000000001,40.71150682144273,1425.285,580.2550000000001
ORD-102798,2025-12-29,Electronics,USB-C Hub,West,Mumbai,New,1,1035.67,0.0,Debit Card,Delivered,593.6,1035.67,0.0,1035.67,593.6,442.07000000000005,42.68444581768324,1035.67,442.07000000000005
ORD-102857,2025-12-29,Sports,Yoga Mat,West,Mumbai,New,1,1007.38,0.1,UPI,Delivered,506.33,1007.38,100.738,906.642,506.33,400.31200000000007,44.15326005192789,906.642,400.31200000000007
ORD-103144,2025-12-29,Electronics,USB-C Hub,North,Chandigarh,Returning,4,1044.45,0.0,Credit Card,Delivered,581.98,4177.8,0.0,4177.8,2327.92,1849.88,44.2788070276222,4177.8,1849.88
ORD-102892,2025-12-29,Electronics,Smart Watch,South,Chennai,Returning,2,4179.85,0.05,Debit Card,Delivered,2680.3,8359.7,417.98500000000007,7941.715000000001,5360.6,2581.1150000000007,32.50072559894179,7941.715000000001,2581.1150000000007
ORD-101728,2025-12-30,Sports,Sports Bag,East,Guwahati,New,1,1637.49,0.05,UPI,Returned,834.1,1637.49,81.87450000000001,1555.6154999999999,834.1,721.5154999999999,46.38135194718746,0.0,0.0
ORD-101544,2025-12-30,Fashion,Backpack,North,Lucknow,Returning,1,1534.01,0.1,Debit Card,Delivered,880.61,1534.01,153.401,1380.609,880.61,499.9989999999999,36.21582939123242,1380.609,499.9989999999999
ORD-102303,2025-12-30,Home & Kitchen,Air Fryer,East,Bhubaneswar,New,4,4912.73,0.0,Credit Card,Cancelled,3248.51,19650.92,0.0,19650.92,12994.04,6656.879999999997,33.87566587213218,0.0,0.0
ORD-103236,2025-12-31,Fashion,Denim Jacket,East,Guwahati,New,3,2557.73,0.0,UPI,Returned,1486.63,7673.1900000000005,0.0,7673.1900000000005,4459.89,3213.3,41.87697685056671,0.0,0.0
ORD-101759,2025-12-31,Home & Kitchen,Air Fryer,North,Lucknow,Returning,3,4863.48,0.0,Credit Card,Delivered,3281.86,14590.439999999999,0.0,14590.439999999999,9845.58,4744.859999999999,32.52033523320749,14590.439999999999,4744.859999999999
ORD-100288,2025-12-31,Electronics,Bluetooth Speaker,West,Ahmedabad,New,2,1867.6,0.0,Net Banking,Delivered,1224.38,3735.2,0.0,3735.2,2448.76,1286.4399999999996,34.44099378881987,3735.2,1286.4399999999996
ORD-102199,2025-12-31,Sports,Yoga Mat,West,Ahmedabad,New,2,1020.95,0.0,UPI,Delivered,501.9,2041.9,0.0,2041.9,1003.8,1038.1000000000001,50.83990401097018,2041.9,1038.1000000000001
ORD-103235,2025-12-31,Fashion,Denim Jacket,North,Delhi,Returning,4,2452.36,0.1,Debit Card,Delivered,1493.51,9809.44,980.9440000000001,8828.496000000001,5974.04,2854.456000000001,32.33230212711204,8828.496000000001,2854.456000000001
ORD-100570,2025-12-31,Sports,Resistance Bands,East,Kolkata,New,1,716.71,0.0,Credit Card,Delivered,307.29,716.71,0.0,716.71,307.29,409.42,57.12491802821225,716.71,409.42
ORD-101631,2026-01-01,Fashion,T-Shirt,East,Kolkata,Returning,4,809.79,0.15,Credit Card,Delivered,418.18,3239.16,485.87399999999997,2753.286,1672.72,1080.566,39.24641319499681,2753.286,1080.566
ORD-100922,2026-01-01,Fashion,Denim Jacket,North,Lucknow,Returning,1,2436.12,0.2,Cash on Delivery,Delivered,1433.52,2436.12,487.224,1948.896,1433.52,515.376,26.44451012265406,1948.896,515.376
ORD-101455,2026-01-01,Sports,Yoga Mat,West,Pune,New,2,1002.83,0.1,Debit Card,Delivered,497.84,2005.66,200.56600000000003,1805.094,995.68,809.4140000000001,44.840545700113125,1805.094,809.4140000000001
ORD-100978,2026-01-01,Electronics,Bluetooth Speaker,South,Kochi,New,3,1992.74,0.0,UPI,Delivered,1242.71,5978.22,0.0,5978.22,3728.13,2250.09,37.63812639882775,5978.22,2250.09
ORD-100708,2026-01-01,Electronics,USB-C Hub,South,Kochi,New,3,989.34,0.0,Net Banking,Delivered,578.35,2968.02,0.0,2968.02,1735.0500000000002,1232.9699999999998,41.54183597145571,2968.02,1232.9699999999998
ORD-100129,2026-01-02,Home & Kitchen,Air Fryer,North,Delhi,Returning,2,5124.88,0.0,UPI,Delivered,3423.27,10249.76,0.0,10249.76,6846.54,3403.2200000000003,33.20292377577621,10249.76,3403.2200000000003
ORD-102737,2026-01-02,Beauty,Hair Dryer,North,Lucknow,Returning,2,2348.17,0.05,UPI,Delivered,1307.58,4696.34,234.817,4461.523,2615.16,1846.3630000000003,41.38414169331863,4461.523,1846.3630000000003
ORD-101344,2026-01-02,Sports,Running Shoes,North,Jaipur,Returning,2,3538.01,0.0,UPI,Delivered,2092.15,7076.02,0.0,7076.02,4184.3,2891.7200000000003,40.866475787236325,7076.02,2891.7200000000003
ORD-101897,2026-01-02,Fashion,Sneakers,East,Bhubaneswar,Returning,1,3063.76,0.15,UPI,Delivered,1782.48,3063.76,459.564,2604.1960000000004,1782.48,821.7160000000003,31.553538980936928,2604.1960000000004,821.7160000000003
ORD-101765,2026-01-03,Sports,Running Shoes,South,Kochi,New,2,3370.56,0.05,Debit Card,Delivered,2157.79,6741.12,337.05600000000004,6404.064,4315.58,2088.4840000000004,32.611853972727324,6404.064,2088.4840000000004
ORD-102247,2026-01-03,Electronics,Wireless Headphones,West,Mumbai,Loyal,1,2549.88,0.2,Credit Card,Delivered,1624.97,2549.88,509.97600000000006,2039.904,1624.97,414.93399999999997,20.34085917768679,2039.904,414.93399999999997
ORD-102561,2026-01-04,Home & Kitchen,Storage Box Set,West,Mumbai,New,1,1008.15,0.1,Credit Card,Cancelled,521.97,1008.15,100.815,907.335,521.97,385.365,42.47218502537651,0.0,0.0
ORD-100930,2026-01-04,Fashion,Hoodie,North,Chandigarh,Loyal,2,1868.13,0.1,UPI,Delivered,979.08,3736.26,373.62600000000003,3362.634,1958.16,1404.474,41.767079021980976,3362.634,1404.474
ORD-101627,2026-01-04,Electronics,Wireless Headphones,North,Chandigarh,Returning,1,2544.68,0.0,Debit Card,Delivered,1633.89,2544.68,0.0,2544.68,1633.89,910.7899999999997,35.791926686263096,2544.68,910.7899999999997
ORD-102530,2026-01-04,Home & Kitchen,Water Bottle,East,Patna,New,2,729.5,0.05,UPI,Delivered,308.94,1459.0,72.95,1386.05,617.88,768.17,55.421521590130226,1386.05,768.17
ORD-100535,2026-01-04,Electronics,Power Bank,East,Kolkata,Returning,1,1360.64,0.1,UPI,Delivered,825.48,1360.64,136.06400000000002,1224.576,825.48,399.096,32.59054562558796,1224.576,399.096
ORD-100597,2026-01-05,Sports,Dumbbell Set,West,Ahmedabad,Returning,1,2551.39,0.0,Credit Card,Delivered,1555.75,2551.39,0.0,2551.39,1555.75,995.6399999999999,39.02343428484081,2551.39,995.6399999999999
ORD-100228,2026-01-05,Sports,Sports Bag,Central,Bhopal,Returning,2,1633.91,0.2,Credit Card,Delivered,829.21,3267.82,653.5640000000001,2614.2560000000003,1658.42,955.8360000000002,36.56244836006879,2614.2560000000003,955.8360000000002
ORD-102626,2026-01-05,Electronics,Wireless Headphones,South,Hyderabad,Returning,2,2587.52,0.05,UPI,Delivered,1674.88,5175.04,258.752,4916.288,3349.76,1566.5279999999993,31.864040511865856,4916.288,1566.5279999999993
ORD-103227,2026-01-05,Fashion,Denim Jacket,West,Ahmedabad,New,4,2488.35,0.1,UPI,Delivered,1470.78,9953.4,995.34,8958.06,5883.12,3074.9399999999996,34.32595896879458,8958.06,3074.9399999999996
ORD-102719,2026-01-05,Sports,Running Shoes,South,Kochi,New,2,3486.92,0.1,Debit Card,Delivered,2055.76,6973.84,697.384,6276.456,4111.52,2164.9359999999997,34.49296864345101,6276.456,2164.9359999999997
ORD-102679,2026-01-05,Electronics,USB-C Hub,East,Patna,Returning,4,980.82,0.0,Cash on Delivery,Delivered,609.39,3923.28,0.0,3923.28,2437.56,1485.7200000000003,37.86933382271977,3923.28,1485.7200000000003
ORD-100266,2026-01-06,Home & Kitchen,Storage Box Set,North,Delhi,Loyal,2,1010.52,0.15,UPI,Delivered,517.97,2021.04,303.156,1717.884,1035.94,681.944,39.69674320268423,1717.884,681.944
ORD-102729,2026-01-06,Beauty,Skin Care Kit,South,Hyderabad,New,2,1575.81,0.05,Net Banking,Delivered,837.43,3151.62,157.58100000000002,2994.0389999999998,1674.86,1319.1789999999999,44.06018091280708,2994.0389999999998,1319.1789999999999
ORD-100424,2026-01-06,Electronics,Smart Watch,South,Kochi,Returning,1,4147.49,0.15,UPI,Delivered,2792.26,4147.49,622.1234999999999,3525.3665,2792.26,733.1064999999999,20.79518540838236,3525.3665,733.1064999999999
ORD-103137,2026-01-06,Electronics,Smart Watch,West,Mumbai,New,1,3899.31,0.0,Cash on Delivery,Delivered,2697.22,3899.31,0.0,3899.31,2697.22,1202.0900000000001,30.828274746044816,3899.31,1202.0900000000001
ORD-101760,2026-01-06,Electronics,USB-C Hub,East,Patna,New,1,1017.84,0.15,Cash on Delivery,Delivered,586.61,1017.84,152.676,865.164,586.61,278.554,32.19667022668534,865.164,278.554
ORD-100677,2026-01-06,Electronics,Wireless Headphones,North,Delhi,Returning,1,2506.58,0.0,UPI,Delivered,1659.14,2506.58,0.0,2506.58,1659.14,847.4399999999998,33.80861572341596,2506.58,847.4399999999998
ORD-102753,2026-01-07,Home & Kitchen,Storage Box Set,Central,Nagpur,New,2,978.18,0.1,Cash on Delivery,Delivered,510.94,1956.36,195.636,1760.724,1021.88,738.8439999999999,41.962510876207745,1760.724,738.8439999999999
ORD-102123,2026-01-07,Electronics,Bluetooth Speaker,East,Kolkata,Loyal,1,1893.11,0.1,UPI,Cancelled,1214.82,1893.11,189.311,1703.799,1214.82,488.97900000000004,28.69933601322692,0.0,0.0
ORD-101161,2026-01-07,Home & Kitchen,Storage Box Set,West,Mumbai,Loyal,1,1029.86,0.05,UPI,Delivered,536.59,1029.86,51.492999999999995,978.367,536.59,441.77699999999993,45.15452790210626,978.367,441.77699999999993
ORD-103378,2026-01-07,Electronics,Bluetooth Speaker,Central,Indore,Returning,2,1907.82,0.05,Net Banking,Delivered,1199.98,3815.64,190.782,3624.8579999999997,2399.96,1224.8979999999997,33.791613354233455,3624.8579999999997,1224.8979999999997
ORD-103075,2026-01-07,Fashion,Denim Jacket,West,Surat,Returning,1,2551.96,0.1,Debit Card,Delivered,1463.67,2551.96,255.19600000000003,2296.764,1463.67,833.094,36.27251210834025,2296.764,833.094
ORD-101791,2026-01-08,Sports,Yoga Mat,West,Mumbai,New,3,1016.46,0.1,UPI,Delivered,507.43,3049.38,304.93800000000005,2744.442,1522.29,1222.152,44.53189391504721,2744.442,1222.152
ORD-100242,2026-01-08,Home & Kitchen,Coffee Maker,West,Mumbai,New,1,3448.08,0.0,Cash on Delivery,Delivered,2210.45,3448.08,0.0,3448.08,2210.45,1237.63,35.89330873993643,3448.08,1237.63
ORD-101858,2026-01-08,Electronics,Bluetooth Speaker,South,Bengaluru,New,2,1930.47,0.0,Credit Card,Delivered,1183.25,3860.94,0.0,3860.94,2366.5,1494.44,38.70663620776288,3860.94,1494.44
ORD-102037,2026-01-08,Sports,Sports Bag,East,Kolkata,New,3,1549.19,0.05,UPI,Delivered,842.39,4647.57,232.3785,4415.1915,2527.17,1888.0214999999998,42.761939091430115,4415.1915,1888.0214999999998
ORD-101628,2026-01-08,Sports,Running Shoes,North,Chandigarh,New,3,3570.94,0.15,UPI,Delivered,2114.51,10712.82,1606.923,9105.896999999999,6343.530000000001,2762.3669999999984,30.336022909110422,9105.896999999999,2762.3669999999984
ORD-102190,2026-01-09,Electronics,Power Bank,North,Lucknow,New,1,1310.44,0.1,Debit Card,Delivered,809.82,1310.44,131.044,1179.396,809.82,369.5759999999999,31.336039803424796,1179.396,369.5759999999999
ORD-102548,2026-01-09,Home & Kitchen,Water Bottle,North,Chandigarh,Loyal,1,714.29,0.0,Debit Card,Delivered,304.88,714.29,0.0,714.29,304.88,409.40999999999997,57.31705609766341,714.29,409.40999999999997
ORD-102464,2026-01-09,Electronics,Smart Watch,South,Chennai,Returning,1,3922.7,0.0,UPI,Delivered,2707.9,3922.7,0.0,3922.7,2707.9,1214.7999999999997,30.968465597675067,3922.7,1214.7999999999997
ORD-101415,2026-01-09,Home & Kitchen,Coffee Maker,East,Patna,Loyal,5,3391.87,0.15,Net Banking,Delivered,2285.09,16959.35,2543.9024999999997,14415.447499999998,11425.45,2989.9974999999977,20.74162109778415,14415.447499999998,2989.9974999999977
ORD-100985,2026-01-10,Electronics,Smart Watch,South,Kochi,Returning,1,4089.96,0.05,UPI,Delivered,2802.12,4089.96,204.49800000000002,3885.462,2802.12,1083.342,27.881935275650623,3885.462,1083.342
ORD-101156,2026-01-10,Home & Kitchen,Air Fryer,East,Kolkata,Returning,2,5071.0,0.1,Net Banking,Delivered,3240.12,10142.0,1014.2,9127.8,6480.24,2647.5599999999995,29.005455860119632,9127.8,2647.5599999999995
ORD-100260,2026-01-10,Home & Kitchen,Storage Box Set,North,Lucknow,Loyal,1,1008.89,0.1,Debit Card,Delivered,518.14,1008.89,100.88900000000001,908.001,518.14,389.861,42.93618619362754,908.001,389.861
ORD-101118,2026-01-10,Home & Kitchen,Storage Box Set,East,Kolkata,New,1,994.89,0.1,Debit Card,Delivered,534.81,994.89,99.489,895.401,534.81,360.591,40.27145379556199,895.401,360.591
ORD-102345,2026-01-10,Electronics,Bluetooth Speaker,South,Chennai,New,1,1831.8,0.0,Net Banking,Delivered,1172.46,1831.8,0.0,1831.8,1172.46,659.3399999999999,35.99410415984277,1831.8,659.3399999999999
ORD-102560,2026-01-11,Home & Kitchen,Mixer Grinder,West,Mumbai,Returning,1,2960.16,0.0,Debit Card,Returned,1841.19,2960.16,0.0,2960.16,1841.19,1118.9699999999998,37.800997243392246,0.0,0.0
ORD-101423,2026-01-11,Beauty,Skin Care Kit,North,Jaipur,New,2,1572.86,0.15,UPI,Delivered,883.42,3145.72,471.85799999999995,2673.862,1766.84,907.0220000000002,33.92179551525098,2673.862,907.0220000000002
ORD-102235,2026-01-11,Fashion,T-Shirt,South,Chennai,New,2,773.44,0.1,Credit Card,Delivered,438.66,1546.88,154.68800000000002,1392.192,877.32,514.872,36.982829954489034,1392.192,514.872
ORD-101833,2026-01-11,Fashion,T-Shirt,West,Mumbai,Returning,4,818.5,0.05,Cash on Delivery,Delivered,417.15,3274.0,163.70000000000002,3110.3,1668.6,1441.7000000000003,46.352441886634736,3110.3,1441.7000000000003
ORD-100786,2026-01-11,Home & Kitchen,Water Bottle,South,Chennai,New,3,700.47,0.05,UPI,Delivered,309.03,2101.41,105.0705,1996.3394999999998,927.0899999999999,1069.2495,53.56050411265218,1996.3394999999998,1069.2495
ORD-102947,2026-01-11,Fashion,Denim Jacket,South,Kochi,New,2,2484.33,0.1,UPI,Delivered,1455.02,4968.66,496.866,4471.794,2910.04,1561.754,34.924551533456146,4471.794,1561.754
ORD-100966,2026-01-11,Electronics,Bluetooth Speaker,West,Pune,New,3,1941.42,0.0,Debit Card,Delivered,1239.01,5824.26,0.0,5824.26,3717.0299999999997,2107.2300000000005,36.18021860287831,5824.26,2107.2300000000005
ORD-100698,2026-01-12,Fashion,T-Shirt,West,Mumbai,Returning,4,772.49,0.1,Credit Card,Delivered,438.88,3089.96,308.99600000000004,2780.964,1755.52,1025.444,36.87368840445255,2780.964,1025.444
ORD-102065,2026-01-12,Fashion,Sneakers,South,Hyderabad,New,2,2891.63,0.05,UPI,Delivered,1767.29,5783.26,289.163,5494.097,3534.58,1959.5169999999998,35.66586101410295,5494.097,1959.5169999999998
ORD-101546,2026-01-12,Sports,Resistance Bands,East,Guwahati,Returning,2,678.37,0.1,UPI,Delivered,301.48,1356.74,135.674,1221.066,602.96,618.106,50.62019579613223,1221.066,618.106
ORD-100981,2026-01-12,Electronics,Bluetooth Speaker,South,Hyderabad,New,2,1919.92,0.05,Credit Card,Delivered,1202.77,3839.84,191.99200000000002,3647.848,2405.54,1242.308,34.05591461047719,3647.848,1242.308
ORD-101396,2026-01-12,Home & Kitchen,Mixer Grinder,West,Surat,Loyal,1,2936.38,0.15,Credit Card,Delivered,1895.83,2936.38,440.457,2495.9230000000002,1895.83,600.0930000000003,24.04292920895397,2495.9230000000002,600.0930000000003
ORD-101318,2026-01-12,Electronics,Power Bank,South,Kochi,Returning,1,1349.18,0.05,Credit Card,Delivered,776.18,1349.18,67.459,1281.721,776.18,505.54100000000005,39.44235914056179,1281.721,505.54100000000005
ORD-100548,2026-01-13,Electronics,USB-C Hub,North,Delhi,Returning,1,967.03,0.1,Net Banking,Delivered,602.55,967.03,96.703,870.327,602.55,267.77700000000004,30.76740121816283,870.327,267.77700000000004
ORD-100915,2026-01-13,Fashion,Sneakers,North,Chandigarh,New,2,3135.33,0.1,UPI,Delivered,1790.08,6270.66,627.066,5643.594,3580.16,2063.434,36.56241040726885,5643.594,2063.434
ORD-100270,2026-01-13,Fashion,Hoodie,North,Delhi,Loyal,4,1802.81,0.05,Cash on Delivery,Returned,1007.0,7211.24,360.562,6850.678,4028.0,2822.678,41.202899917351246,0.0,0.0
ORD-102966,2026-01-14,Electronics,Bluetooth Speaker,South,Hyderabad,Returning,2,1988.11,0.1,UPI,Delivered,1236.58,3976.22,397.622,3578.598,2473.16,1105.438,30.890253669174356,3578.598,1105.438
ORD-100688,2026-01-14,Home & Kitchen,Air Fryer,West,Surat,Loyal,2,4950.6,0.05,UPI,Delivered,3256.08,9901.2,495.06000000000006,9406.140000000001,6512.16,2893.9800000000014,30.766924583304107,9406.140000000001,2893.9800000000014
ORD-101608,2026-01-14,Fashion,Hoodie,Central,Bhopal,New,1,1861.09,0.0,Credit Card,Delivered,1033.98,1861.09,0.0,1861.09,1033.98,827.1099999999999,44.442235464163474,1861.09,827.1099999999999
ORD-101644,2026-01-15,Electronics,USB-C Hub,Central,Indore,New,1,1038.09,0.0,Credit Card,Delivered,576.52,1038.09,0.0,1038.09,576.52,461.56999999999994,44.463389494167174,1038.09,461.56999999999994
ORD-100520,2026-01-15,Sports,Sports Bag,West,Ahmedabad,New,2,1548.81,0.0,Net Banking,Delivered,882.32,3097.62,0.0,3097.62,1764.64,1332.9799999999998,43.03239261110142,3097.62,1332.9799999999998
ORD-102676,2026-01-15,Fashion,T-Shirt,South,Chennai,Returning,3,789.39,0.15,Credit Card,Delivered,422.48,2368.17,355.2255,2012.9445,1267.44,745.5045,37.03552184374681,2012.9445,745.5045
ORD-101350,2026-01-15,Electronics,Bluetooth Speaker,North,Chandigarh,Loyal,2,1922.04,0.0,Net Banking,Delivered,1239.8,3844.08,0.0,3844.08,2479.6,1364.48,35.495619237893074,3844.08,1364.48
ORD-101654,2026-01-16,Sports,Yoga Mat,West,Ahmedabad,New,1,992.0,0.0,Debit Card,Delivered,508.89,992.0,0.0,992.0,508.89,483.11,48.70060483870968,992.0,483.11
ORD-100468,2026-01-16,Sports,Dumbbell Set,East,Patna,Loyal,2,2445.05,0.0,Net Banking,Delivered,1473.79,4890.1,0.0,4890.1,2947.58,1942.5200000000004,39.72352303633873,4890.1,1942.5200000000004
ORD-100455,2026-01-16,Fashion,Backpack,North,Chandigarh,Loyal,2,1481.14,0.05,UPI,Delivered,827.7,2962.28,148.114,2814.166,1655.4,1158.766,41.176177951123,2814.166,1158.766
ORD-103019,2026-01-17,Electronics,Bluetooth Speaker,West,Surat,Loyal,2,1918.48,0.2,Cash on Delivery,Delivered,1187.57,3836.96,767.392,3069.568,2375.14,694.4280000000003,22.622987990492483,3069.568,694.4280000000003
ORD-102445,2026-01-17,Electronics,Wireless Headphones,West,Mumbai,Returning,1,2553.59,0.0,Cash on Delivery,Delivered,1662.75,2553.59,0.0,2553.59,1662.75,890.8400000000001,34.88578824321837,2553.59,890.8400000000001
ORD-100665,2026-01-17,Fashion,Sneakers,Central,Indore,New,3,3080.68,0.1,Net Banking,Delivered,1753.78,9242.039999999999,924.204,8317.836,5261.34,3056.495999999999,36.746288337495464,8317.836,3056.495999999999
ORD-102614,2026-01-17,Sports,Resistance Bands,Central,Bhopal,Returning,2,693.03,0.05,Credit Card,Delivered,310.11,1386.06,69.303,1316.757,620.22,696.537,52.89791510506494,1316.757,696.537
ORD-103415,2026-01-17,Home & Kitchen,Mixer Grinder,South,Kochi,Loyal,1,3089.48,0.0,Debit Card,Cancelled,1871.16,3089.48,0.0,3089.48,1871.16,1218.32,39.434467936351744,0.0,0.0
ORD-101505,2026-01-17,Electronics,Bluetooth Speaker,Central,Nagpur,Returning,1,1969.28,0.2,Cash on Delivery,Delivered,1205.22,1969.28,393.856,1575.424,1205.22,370.20399999999995,23.498689876503086,1575.424,370.20399999999995
ORD-102973,2026-01-17,Electronics,Power Bank,Central,Indore,Returning,2,1301.87,0.0,UPI,Returned,794.0,2603.74,0.0,2603.74,1588.0,1015.7399999999998,39.010807530705826,0.0,0.0
ORD-101188,2026-01-17,Electronics,USB-C Hub,West,Surat,New,1,1040.11,0.0,Credit Card,Delivered,596.13,1040.11,0.0,1040.11,596.13,443.9799999999999,42.68586976377498,1040.11,443.9799999999999
ORD-100531,2026-01-17,Fashion,T-Shirt,North,Delhi,Loyal,1,838.69,0.0,UPI,Delivered,423.56,838.69,0.0,838.69,423.56,415.13000000000005,49.49743051663905,838.69,415.13000000000005
ORD-100720,2026-01-18,Fashion,Sneakers,South,Hyderabad,Returning,2,2891.71,0.0,Debit Card,Delivered,1752.57,5783.42,0.0,5783.42,3505.14,2278.28,39.39330015803798,5783.42,2278.28
ORD-100394,2026-01-18,Beauty,Face Serum,South,Hyderabad,Returning,1,934.68,0.1,Credit Card,Delivered,432.54,934.68,93.468,841.212,432.54,408.67199999999997,48.58133264860701,841.212,408.67199999999997
ORD-102024,2026-01-18,Beauty,Hair Care Combo,South,Hyderabad,Returning,1,1284.63,0.15,Credit Card,Delivered,675.21,1284.63,192.6945,1091.9355,675.21,416.7255,38.16393001234963,1091.9355,416.7255
ORD-103007,2026-01-18,Fashion,Backpack,West,Pune,Returning,2,1467.72,0.15,Net Banking,Delivered,876.35,2935.44,440.316,2495.1240000000003,1752.7,742.4240000000002,29.754994140571778,2495.1240000000003,742.4240000000002
ORD-102414,2026-01-19,Fashion,Hoodie,Central,Bhopal,Returning,1,1861.56,0.05,UPI,Delivered,1023.66,1861.56,93.078,1768.482,1023.66,744.822,42.11645920060255,1768.482,744.822
ORD-101580,2026-01-19,Electronics,USB-C Hub,North,Lucknow,Loyal,2,968.31,0.0,Debit Card,Delivered,612.24,1936.62,0.0,1936.62,1224.48,712.1399999999999,36.77231465129968,1936.62,712.1399999999999
ORD-103303,2026-01-19,Home & Kitchen,Coffee Maker,East,Kolkata,Returning,1,3648.21,0.2,Net Banking,Delivered,2208.36,3648.21,729.642,2918.568,2208.36,710.2080000000001,24.334125502643765,2918.568,710.2080000000001
ORD-101048,2026-01-19,Fashion,Hoodie,North,Chandigarh,Returning,4,1820.42,0.0,Net Banking,Delivered,1020.43,7281.68,0.0,7281.68,4081.72,3199.9600000000005,43.945353270124485,7281.68,3199.9600000000005
ORD-103423,2026-01-19,Beauty,Perfume,East,Kolkata,Returning,2,1984.58,0.05,UPI,Delivered,1101.68,3969.16,198.458,3770.7019999999998,2203.36,1567.3419999999996,41.56631842028354,3770.7019999999998,1567.3419999999996
ORD-100967,2026-01-19,Fashion,Sneakers,South,Bengaluru,Loyal,3,2885.23,0.1,Net Banking,Delivered,1865.42,8655.69,865.5690000000001,7790.121,5596.26,2193.861,28.162091448900473,7790.121,2193.861
ORD-101764,2026-01-19,Sports,Dumbbell Set,East,Bhubaneswar,Returning,1,2401.72,0.1,Cash on Delivery,Delivered,1483.23,2401.72,240.172,2161.548,1483.23,678.3179999999998,31.381121307507385,2161.548,678.3179999999998
ORD-101873,2026-01-20,Fashion,Sneakers,East,Guwahati,New,1,2900.01,0.15,Net Banking,Delivered,1863.03,2900.01,435.0015,2465.0085000000004,1863.03,601.9785000000004,24.42095027258528,2465.0085000000004,601.9785000000004
ORD-103347,2026-01-20,Home & Kitchen,Mixer Grinder,Central,Nagpur,New,1,3073.64,0.05,Credit Card,Delivered,1843.93,3073.64,153.68200000000002,2919.9579999999996,1843.93,1076.0279999999996,36.85080401841395,2919.9579999999996,1076.0279999999996
ORD-100137,2026-01-20,Electronics,Bluetooth Speaker,South,Bengaluru,Returning,1,1895.44,0.1,Credit Card,Delivered,1184.73,1895.44,189.544,1705.896,1184.73,521.1659999999999,30.550865937900078,1705.896,521.1659999999999
ORD-100494,2026-01-20,Electronics,Power Bank,West,Surat,New,1,1299.4,0.0,Credit Card,Delivered,786.4,1299.4,0.0,1299.4,786.4,513.0000000000001,39.479759889179626,1299.4,513.0000000000001
ORD-101568,2026-01-20,Electronics,Bluetooth Speaker,West,Mumbai,Returning,5,1862.31,0.0,Net Banking,Returned,1167.53,9311.55,0.0,9311.55,5837.65,3473.8999999999996,37.30743001970671,0.0,0.0
ORD-101525,2026-01-21,Home & Kitchen,Water Bottle,North,Lucknow,New,2,681.57,0.05,UPI,Delivered,300.37,1363.14,68.15700000000001,1294.9830000000002,600.74,694.2430000000002,53.610201832765384,1294.9830000000002,694.2430000000002
ORD-100625,2026-01-21,Fashion,Hoodie,North,Delhi,Returning,1,1884.6,0.1,UPI,Returned,1001.83,1884.6,188.46,1696.1399999999999,1001.83,694.3099999999998,40.93471057813623,0.0,0.0
ORD-102213,2026-01-21,Home & Kitchen,Coffee Maker,North,Delhi,Loyal,3,3599.6,0.15,Credit Card,Delivered,2267.24,10798.8,1619.82,9178.98,6801.719999999999,2377.26,25.89895609316068,9178.98,2377.26
ORD-102183,2026-01-22,Home & Kitchen,Storage Box Set,Central,Bhopal,New,1,1025.7,0.0,Debit Card,Delivered,529.67,1025.7,0.0,1025.7,529.67,496.0300000000001,48.360144291703236,1025.7,496.0300000000001
ORD-103170,2026-01-22,Fashion,Backpack,North,Lucknow,Returning,5,1543.21,0.05,Net Banking,Delivered,839.36,7716.05,385.8025,7330.2475,4196.8,3133.4475,42.74681721183357,7330.2475,3133.4475
ORD-103449,2026-01-22,Beauty,Skin Care Kit,West,Mumbai,Returning,1,1592.3,0.05,Debit Card,Delivered,852.44,1592.3,79.61500000000001,1512.685,852.44,660.2449999999999,43.64722331483421,1512.685,660.2449999999999
ORD-100490,2026-01-22,Home & Kitchen,Water Bottle,South,Kochi,New,1,724.94,0.1,Cash on Delivery,Delivered,308.22,724.94,72.49400000000001,652.446,308.22,344.226,52.759308816361816,652.446,344.226
ORD-103436,2026-01-22,Sports,Dumbbell Set,North,Delhi,Returning,4,2406.29,0.05,Cash on Delivery,Delivered,1458.4,9625.16,481.25800000000004,9143.902,5833.6,3310.3019999999997,36.202290881945146,9143.902,3310.3019999999997
ORD-100850,2026-01-22,Sports,Dumbbell Set,South,Kochi,Returning,1,2539.57,0.0,Net Banking,Delivered,1516.97,2539.57,0.0,2539.57,1516.97,1022.6000000000001,40.266659316340956,2539.57,1022.6000000000001
ORD-101952,2026-01-23,Electronics,Smart Watch,Central,Indore,Returning,4,4068.4,0.1,UPI,Delivered,2743.85,16273.6,1627.3600000000001,14646.24,10975.4,3670.84,25.063360971826214,14646.24,3670.84
ORD-102692,2026-01-23,Fashion,Backpack,South,Bengaluru,Returning,5,1455.78,0.0,UPI,Delivered,873.82,7278.9,0.0,7278.9,4369.1,2909.7999999999993,39.97582052233166,7278.9,2909.7999999999993
ORD-101181,2026-01-23,Home & Kitchen,Coffee Maker,West,Mumbai,Loyal,4,3568.4,0.0,Cash on Delivery,Delivered,2282.72,14273.6,0.0,14273.6,9130.88,5142.720000000001,36.02959309494452,14273.6,5142.720000000001
ORD-100193,2026-01-23,Fashion,T-Shirt,West,Surat,New,2,836.47,0.2,Debit Card,Delivered,425.36,1672.94,334.588,1338.352,850.72,487.63200000000006,36.435257690054634,1338.352,487.63200000000006
ORD-103225,2026-01-24,Home & Kitchen,Mixer Grinder,West,Ahmedabad,Loyal,2,3131.63,0.0,Net Banking,Delivered,1848.56,6263.26,0.0,6263.26,3697.12,2566.1400000000003,40.971315257549584,6263.26,2566.1400000000003
ORD-101758,2026-01-24,Beauty,Hair Care Combo,North,Jaipur,Returning,1,1248.74,0.1,Cash on Delivery,Delivered,637.88,1248.74,124.87400000000001,1123.866,637.88,485.986,43.24234383814441,1123.866,485.986
ORD-101662,2026-01-25,Electronics,USB-C Hub,East,Patna,Returning,1,1041.02,0.0,Cash on Delivery,Delivered,607.97,1041.02,0.0,1041.02,607.97,433.04999999999995,41.598624426043685,1041.02,433.04999999999995
ORD-103425,2026-01-25,Electronics,Power Bank,East,Bhubaneswar,Loyal,1,1285.29,0.2,Net Banking,Delivered,798.36,1285.29,257.058,1028.232,798.36,229.87199999999996,22.356044161239872,1028.232,229.87199999999996
ORD-101305,2026-01-25,Home & Kitchen,Coffee Maker,South,Bengaluru,Returning,2,3586.71,0.05,Debit Card,Delivered,2197.79,7173.42,358.67100000000005,6814.749,4395.58,2419.169,35.49901837910684,6814.749,2419.169
ORD-100956,2026-01-25,Fashion,Hoodie,East,Kolkata,Returning,3,1869.01,0.0,UPI,Delivered,987.15,5607.03,0.0,5607.03,2961.45,2645.58,47.183268147307935,5607.03,2645.58
ORD-102494,2026-01-25,Fashion,Backpack,North,Chandigarh,Loyal,4,1474.28,0.05,Debit Card,Cancelled,878.04,5897.12,294.856,5602.264,3512.16,2090.1040000000003,37.30820254097272,0.0,0.0
ORD-102144,2026-01-25,Home & Kitchen,Air Fryer,South,Chennai,Returning,1,4919.74,0.1,Credit Card,Delivered,3314.78,4919.74,491.974,4427.766,3314.78,1112.9859999999994,25.13651353752659,4427.766,1112.9859999999994
ORD-102971,2026-01-25,Fashion,T-Shirt,North,Lucknow,New,3,820.69,0.05,UPI,Delivered,426.45,2462.07,123.10350000000001,2338.9665,1279.35,1059.6165,45.30276513152284,2338.9665,1059.6165
ORD-102124,2026-01-25,Electronics,USB-C Hub,West,Ahmedabad,New,4,1016.72,0.0,Credit Card,Delivered,607.0,4066.88,0.0,4066.88,2428.0,1638.88,40.298213864190735,4066.88,1638.88
ORD-100269,2026-01-26,Home & Kitchen,Water Bottle,South,Hyderabad,Returning,4,699.4,0.0,Credit Card,Returned,307.2,2797.6,0.0,2797.6,1228.8,1568.8,56.076637117529316,0.0,0.0
ORD-102864,2026-01-26,Fashion,Denim Jacket,West,Pune,Returning,2,2528.33,0.0,UPI,Returned,1473.81,5056.66,0.0,5056.66,2947.62,2109.04,41.70816309579841,0.0,0.0
ORD-100896,2026-01-26,Sports,Sports Bag,East,Kolkata,Returning,4,1556.83,0.0,UPI,Delivered,843.4,6227.32,0.0,6227.32,3373.6,2853.72,45.825812709158996,6227.32,2853.72
ORD-100767,2026-01-26,Electronics,USB-C Hub,East,Bhubaneswar,New,1,1028.48,0.05,Cash on Delivery,Delivered,580.44,1028.48,51.42400000000001,977.056,580.44,396.616,40.59296498870075,977.056,396.616
ORD-101829,2026-01-27,Beauty,Perfume,West,Ahmedabad,New,2,1962.42,0.0,Net Banking,Delivered,1120.34,3924.84,0.0,3924.84,2240.68,1684.1600000000003,42.91028424088626,3924.84,1684.1600000000003
ORD-100672,2026-01-27,Electronics,Wireless Headphones,East,Kolkata,Loyal,3,2435.82,0.05,Debit Card,Delivered,1664.21,7307.460000000001,365.37300000000005,6942.087000000001,4992.63,1949.4570000000012,28.08171375553203,6942.087000000001,1949.4570000000012
ORD-103331,2026-01-27,Electronics,Wireless Headphones,West,Ahmedabad,New,2,2463.95,0.2,UPI,Delivered,1605.87,4927.9,985.5799999999999,3942.3199999999997,3211.74,730.5799999999999,18.531727510704357,3942.3199999999997,730.5799999999999
ORD-103124,2026-01-27,Home & Kitchen,Coffee Maker,North,Lucknow,New,2,3446.36,0.0,UPI,Delivered,2207.23,6892.72,0.0,6892.72,4414.46,2478.26,35.954746457131584,6892.72,2478.26
ORD-102027,2026-01-27,Home & Kitchen,Storage Box Set,North,Chandigarh,Loyal,2,1024.82,0.0,UPI,Delivered,525.51,2049.64,0.0,2049.64,1051.02,998.6199999999999,48.721726742257175,2049.64,998.6199999999999
ORD-101135,2026-01-27,Home & Kitchen,Storage Box Set,East,Guwahati,Returning,1,1001.26,0.05,UPI,Delivered,528.93,1001.26,50.063,951.197,528.93,422.26700000000005,44.393222434469415,951.197,422.26700000000005
ORD-103417,2026-01-28,Fashion,Sneakers,South,Bengaluru,Returning,2,2902.25,0.0,UPI,Delivered,1866.98,5804.5,0.0,5804.5,3733.96,2070.54,35.67128951675424,5804.5,2070.54
ORD-100953,2026-01-28,Fashion,Denim Jacket,West,Pune,New,3,2603.73,0.2,Debit Card,Delivered,1437.36,7811.1900000000005,1562.2380000000003,6248.952,4312.08,1936.8720000000003,30.995149266629028,6248.952,1936.8720000000003
ORD-103177,2026-01-28,Electronics,Power Bank,North,Delhi,Loyal,2,1265.85,0.0,Credit Card,Delivered,776.3,2531.7,0.0,2531.7,1552.6,979.0999999999999,38.67361851720188,2531.7,979.0999999999999
ORD-100323,2026-01-28,Electronics,Wireless Headphones,Central,Raipur,Returning,1,2516.12,0.05,Cash on Delivery,Delivered,1666.81,2516.12,125.806,2390.314,1666.81,723.5039999999999,30.268157237919368,2390.314,723.5039999999999
ORD-100987,2026-01-29,Electronics,Smart Watch,South,Hyderabad,Loyal,4,4049.54,0.0,Cash on Delivery,Delivered,2789.43,16198.16,0.0,16198.16,11157.72,5040.4400000000005,31.117361478093812,16198.16,5040.4400000000005
ORD-102629,2026-01-29,Sports,Resistance Bands,West,Ahmedabad,New,2,721.25,0.1,UPI,Delivered,295.63,1442.5,144.25,1298.25,591.26,706.99,54.45715386096669,1298.25,706.99
ORD-101846,2026-01-29,Sports,Yoga Mat,West,Surat,Loyal,4,996.49,0.0,Credit Card,Delivered,518.35,3985.96,0.0,3985.96,2073.4,1912.56,47.98241828819155,3985.96,1912.56
ORD-102393,2026-01-29,Electronics,USB-C Hub,West,Pune,Returning,1,995.54,0.05,Debit Card,Delivered,588.97,995.54,49.777,945.7629999999999,588.97,356.7929999999999,37.725413237777325,945.7629999999999,356.7929999999999
ORD-100900,2026-01-29,Beauty,Skin Care Kit,West,Mumbai,Returning,1,1557.65,0.0,Debit Card,Delivered,874.95,1557.65,0.0,1557.65,874.95,682.7,43.828844734054506,1557.65,682.7
ORD-102927,2026-01-29,Electronics,Smart Watch,South,Chennai,Loyal,1,3958.79,0.2,UPI,Delivered,2697.38,3958.79,791.758,3167.032,2697.38,469.65200000000004,14.829404944440094,3167.032,469.65200000000004
ORD-100601,2026-01-29,Electronics,Bluetooth Speaker,North,Jaipur,Returning,2,1847.6,0.1,Debit Card,Delivered,1192.2,3695.2,369.52,3325.68,2384.4,941.2799999999997,28.303384570974956,3325.68,941.2799999999997
ORD-100702,2026-01-29,Beauty,Hair Care Combo,North,Jaipur,New,3,1298.65,0.05,Credit Card,Delivered,639.12,3895.9500000000003,194.7975,3701.1525,1917.3600000000001,1783.7925,48.19559583129849,3701.1525,1783.7925
ORD-102825,2026-01-30,Beauty,Face Serum,North,Delhi,Returning,1,910.19,0.0,UPI,Delivered,433.53,910.19,0.0,910.19,433.53,476.6600000000001,52.36928553378966,910.19,476.6600000000001
ORD-101885,2026-01-30,Home & Kitchen,Mixer Grinder,West,Pune,New,2,3089.01,0.0,Net Banking,Delivered,1824.22,6178.02,0.0,6178.02,3648.44,2529.5800000000004,40.94483345796874,6178.02,2529.5800000000004
ORD-101554,2026-01-30,Sports,Dumbbell Set,East,Bhubaneswar,Loyal,3,2559.81,0.0,Cash on Delivery,Delivered,1535.15,7679.43,0.0,7679.43,4605.450000000001,3073.9799999999996,40.028752133947435,7679.43,3073.9799999999996
ORD-102904,2026-01-30,Electronics,Wireless Headphones,North,Jaipur,Returning,2,2427.97,0.1,UPI,Delivered,1704.11,4855.94,485.594,4370.346,3408.22,962.1259999999997,22.01487021851359,4370.346,962.1259999999997
ORD-102726,2026-01-30,Home & Kitchen,Air Fryer,West,Pune,New,3,4995.13,0.0,Net Banking,Delivered,3205.22,14985.39,0.0,14985.39,9615.66,5369.73,35.83310144080334,14985.39,5369.73
ORD-103344,2026-01-30,Fashion,Sneakers,West,Mumbai,Loyal,1,3075.83,0.0,Credit Card,Delivered,1767.25,3075.83,0.0,3075.83,1767.25,1308.58,42.54396374311974,3075.83,1308.58
ORD-101540,2026-01-31,Fashion,Sneakers,West,Pune,Returning,2,2896.46,0.1,Net Banking,Delivered,1760.98,5792.92,579.292,5213.628,3521.96,1691.6679999999997,32.447040717135934,5213.628,1691.6679999999997
ORD-101661,2026-01-31,Home & Kitchen,Air Fryer,West,Pune,New,2,5061.29,0.1,UPI,Delivered,3323.07,10122.58,1012.258,9110.322,6646.14,2464.182,27.04824264169806,9110.322,2464.182
ORD-102417,2026-01-31,Electronics,Wireless Headphones,Central,Bhopal,Returning,4,2565.09,0.1,Credit Card,Delivered,1610.54,10260.36,1026.036,9234.324,6442.16,2792.1640000000007,30.23679914198376,9234.324,2792.1640000000007
ORD-102508,2026-01-31,Fashion,Backpack,South,Chennai,New,1,1507.87,0.0,Debit Card,Returned,825.08,1507.87,0.0,1507.87,825.08,682.7899999999998,45.281755058459936,0.0,0.0
ORD-101397,2026-01-31,Beauty,Perfume,South,Kochi,Returning,2,1961.51,0.1,UPI,Delivered,1101.35,3923.02,392.302,3530.718,2202.7,1328.018,37.61325600062084,3530.718,1328.018
ORD-102226,2026-01-31,Electronics,Wireless Headphones,East,Patna,Loyal,3,2606.38,0.15,UPI,Delivered,1686.54,7819.14,1172.871,6646.269,5059.62,1586.6490000000003,23.87277734319812,6646.269,1586.6490000000003
ORD-101200,2026-01-31,Sports,Dumbbell Set,South,Chennai,New,1,2578.54,0.0,Cash on Delivery,Delivered,1521.57,2578.54,0.0,2578.54,1521.57,1056.97,40.99102592940191,2578.54,1056.97
ORD-101638,2026-02-01,Sports,Dumbbell Set,East,Patna,New,2,2574.09,0.05,Credit Card,Delivered,1523.25,5148.18,257.40900000000005,4890.771000000001,3046.5,1844.2710000000006,37.70920781201983,4890.771000000001,1844.2710000000006
ORD-101290,2026-02-01,Home & Kitchen,Storage Box Set,North,Jaipur,Returning,1,1030.55,0.1,UPI,Delivered,518.72,1030.55,103.055,927.4949999999999,518.72,408.77499999999986,44.07301387069471,927.4949999999999,408.77499999999986
ORD-100675,2026-02-01,Sports,Yoga Mat,South,Chennai,Returning,1,981.31,0.1,Net Banking,Delivered,497.3,981.31,98.131,883.179,497.3,385.87899999999996,43.692048837211935,883.179,385.87899999999996
ORD-103367,2026-02-01,Home & Kitchen,Mixer Grinder,North,Jaipur,New,2,3097.8,0.1,Net Banking,Cancelled,1861.47,6195.6,619.5600000000001,5576.04,3722.94,1853.1,33.233262315191425,0.0,0.0
ORD-100343,2026-02-01,Home & Kitchen,Storage Box Set,East,Guwahati,New,2,1016.57,0.0,Debit Card,Delivered,507.32,2033.14,0.0,2033.14,1014.64,1018.5000000000001,50.09492705863836,2033.14,1018.5000000000001
ORD-102917,2026-02-01,Beauty,Skin Care Kit,West,Ahmedabad,Returning,2,1649.82,0.0,Net Banking,Delivered,840.07,3299.64,0.0,3299.64,1680.14,1619.4999999999998,49.08111187887163,3299.64,1619.4999999999998
ORD-100825,2026-02-02,Home & Kitchen,Coffee Maker,Central,Bhopal,New,2,3639.83,0.05,Debit Card,Delivered,2176.19,7279.66,363.983,6915.677,4352.38,2563.2969999999996,37.06501908634541,6915.677,2563.2969999999996
ORD-103121,2026-02-02,Fashion,Backpack,North,Jaipur,Loyal,2,1530.42,0.05,Cash on Delivery,Delivered,875.88,3060.84,153.042,2907.7980000000002,1751.76,1156.0380000000002,39.756475518588296,2907.7980000000002,1156.0380000000002
ORD-101211,2026-02-02,Beauty,Hair Care Combo,North,Jaipur,New,1,1363.39,0.0,UPI,Delivered,663.22,1363.39,0.0,1363.39,663.22,700.1700000000001,51.355078150785914,1363.39,700.1700000000001
ORD-101982,2026-02-02,Sports,Running Shoes,North,Delhi,New,2,3468.59,0.05,Cash on Delivery,Delivered,2049.11,6937.18,346.85900000000004,6590.321,4098.22,2492.1009999999997,37.81456168826981,6590.321,2492.1009999999997
ORD-102907,2026-02-03,Sports,Dumbbell Set,South,Kochi,Returning,1,2422.71,0.05,UPI,Delivered,1538.76,2422.71,121.13550000000001,2301.5745,1538.76,762.8145000000002,33.14315917212326,2301.5745,762.8145000000002
ORD-100996,2026-02-04,Beauty,Face Serum,West,Mumbai,Returning,3,867.0,0.2,UPI,Delivered,413.96,2601.0,520.2,2080.8,1241.8799999999999,838.9200000000003,40.31718569780855,2080.8,838.9200000000003
ORD-102721,2026-02-04,Sports,Resistance Bands,South,Hyderabad,Loyal,1,728.12,0.05,UPI,Delivered,291.53,728.12,36.406,691.714,291.53,400.1840000000001,57.85396854769458,691.714,400.1840000000001
ORD-102128,2026-02-04,Sports,Resistance Bands,West,Surat,Returning,2,687.08,0.05,Cash on Delivery,Delivered,291.16,1374.16,68.70800000000001,1305.452,582.32,723.132,55.39322778623802,1305.452,723.132
ORD-101755,2026-02-04,Beauty,Hair Dryer,South,Hyderabad,Loyal,3,2297.03,0.0,UPI,Delivered,1310.37,6891.09,0.0,6891.09,3931.1099999999997,2959.9800000000005,42.953727204259415,6891.09,2959.9800000000005
ORD-102359,2026-02-04,Sports,Resistance Bands,West,Mumbai,Returning,1,702.66,0.05,Cash on Delivery,Delivered,304.76,702.66,35.133,667.5269999999999,304.76,362.76699999999994,54.344917883471375,667.5269999999999,362.76699999999994
ORD-102829,2026-02-04,Fashion,Hoodie,West,Mumbai,Loyal,1,1875.85,0.0,UPI,Delivered,998.24,1875.85,0.0,1875.85,998.24,877.6099999999999,46.784657621878075,1875.85,877.6099999999999
ORD-102898,2026-02-04,Electronics,Smart Watch,West,Surat,Returning,1,4098.61,0.15,Credit Card,Delivered,2794.25,4098.61,614.7914999999999,3483.8185,2794.25,689.5684999999999,19.79346800070095,3483.8185,689.5684999999999
ORD-103026,2026-02-04,Electronics,Power Bank,North,Lucknow,Returning,1,1260.89,0.0,Net Banking,Delivered,797.3,1260.89,0.0,1260.89,797.3,463.59000000000015,36.76688688148848,1260.89,463.59000000000015
ORD-102179,2026-02-04,Electronics,USB-C Hub,South,Bengaluru,Returning,1,1034.09,0.15,UPI,Delivered,602.13,1034.09,155.1135,878.9765,602.13,276.8465,31.4964620783377,878.9765,276.8465
ORD-100599,2026-02-05,Electronics,Power Bank,Central,Raipur,Returning,2,1255.48,0.1,UPI,Delivered,830.26,2510.96,251.096,2259.864,1660.52,599.344,26.52124198624342,2259.864,599.344
ORD-103117,2026-02-05,Fashion,T-Shirt,North,Jaipur,Loyal,2,783.88,0.0,UPI,Delivered,436.55,1567.76,0.0,1567.76,873.1,694.66,44.309077920089806,1567.76,694.66
ORD-100240,2026-02-05,Electronics,Smart Watch,Central,Indore,Returning,1,4034.14,0.05,Debit Card,Delivered,2621.59,4034.14,201.707,3832.433,2621.59,1210.8429999999998,31.594629312502004,3832.433,1210.8429999999998
ORD-100880,2026-02-06,Electronics,Power Bank,North,Delhi,New,3,1280.39,0.0,Credit Card,Delivered,811.23,3841.17,0.0,3841.17,2433.69,1407.48,36.64196065261366,3841.17,1407.48
ORD-103009,2026-02-06,Electronics,Power Bank,North,Jaipur,Returning,1,1358.36,0.0,UPI,Delivered,777.63,1358.36,0.0,1358.36,777.63,580.7299999999999,42.752289525604404,1358.36,580.7299999999999
ORD-100245,2026-02-06,Fashion,T-Shirt,South,Hyderabad,New,1,802.21,0.05,Debit Card,Returned,424.32,802.21,40.1105,762.0995,424.32,337.77950000000004,44.32223088979851,0.0,0.0
ORD-103171,2026-02-06,Fashion,Sneakers,South,Bengaluru,Returning,1,3091.23,0.0,UPI,Delivered,1785.28,3091.23,0.0,3091.23,1785.28,1305.95,42.2469373032741,3091.23,1305.95
ORD-101171,2026-02-06,Sports,Dumbbell Set,North,Delhi,Loyal,2,2447.47,0.05,UPI,Delivered,1506.5,4894.94,244.74699999999999,4650.192999999999,3013.0,1637.1929999999993,35.206990333519485,4650.192999999999,1637.1929999999993
ORD-103185,2026-02-06,Home & Kitchen,Air Fryer,South,Hyderabad,Returning,1,5062.71,0.05,Cash on Delivery,Delivered,3238.16,5062.71,253.1355,4809.5745,3238.16,1571.4144999999999,32.67263039589053,4809.5745,1571.4144999999999
ORD-101753,2026-02-06,Electronics,USB-C Hub,West,Pune,Returning,1,1048.92,0.1,Credit Card,Delivered,577.71,1048.92,104.89200000000001,944.028,577.71,366.318,38.803721923502266,944.028,366.318
ORD-100085,2026-02-06,Electronics,Power Bank,West,Ahmedabad,New,3,1347.26,0.1,Debit Card,Delivered,818.56,4041.7799999999997,404.178,3637.602,2455.68,1181.922,32.49178992094242,3637.602,1181.922
ORD-101172,2026-02-07,Electronics,Smart Watch,South,Kochi,Returning,3,4177.83,0.15,UPI,Delivered,2654.75,12533.49,1880.0234999999998,10653.4665,7964.25,2689.2165000000005,25.242642852446203,10653.4665,2689.2165000000005
ORD-102996,2026-02-07,Electronics,Bluetooth Speaker,Central,Bhopal,Returning,1,1856.68,0.0,Credit Card,Delivered,1204.08,1856.68,0.0,1856.68,1204.08,652.6000000000001,35.14876015253033,1856.68,652.6000000000001
ORD-100192,2026-02-07,Fashion,Denim Jacket,East,Patna,New,3,2454.99,0.05,Net Banking,Delivered,1503.05,7364.969999999999,368.2485,6996.7215,4509.15,2487.5715,35.55338739722597,6996.7215,2487.5715
ORD-102010,2026-02-08,Electronics,USB-C Hub,West,Surat,New,2,984.07,0.05,Net Banking,Delivered,587.15,1968.14,98.40700000000001,1869.7330000000002,1174.3,695.4330000000002,37.19424110287405,1869.7330000000002,695.4330000000002
ORD-102568,2026-02-08,Beauty,Face Serum,East,Guwahati,Loyal,1,863.05,0.05,UPI,Delivered,408.23,863.05,43.1525,819.8974999999999,408.23,411.6674999999999,50.20962986226937,819.8974999999999,411.6674999999999
ORD-100040,2026-02-08,Electronics,Bluetooth Speaker,North,Delhi,Returning,4,1916.71,0.15,Credit Card,Delivered,1210.75,7666.84,1150.026,6516.814,4843.0,1673.8140000000003,25.684544625640694,6516.814,1673.8140000000003
ORD-101111,2026-02-08,Fashion,T-Shirt,Central,Nagpur,Returning,3,835.99,0.0,UPI,Delivered,443.95,2507.9700000000003,0.0,2507.9700000000003,1331.85,1176.1200000000003,46.89529779064344,2507.9700000000003,1176.1200000000003
ORD-100658,2026-02-08,Fashion,Denim Jacket,West,Surat,Returning,3,2401.05,0.05,UPI,Delivered,1496.19,7203.150000000001,360.1575,6842.9925,4488.57,2354.4225000000006,34.406328810092965,6842.9925,2354.4225000000006
ORD-102158,2026-02-08,Sports,Sports Bag,East,Kolkata,New,3,1593.94,0.0,Debit Card,Delivered,852.01,4781.82,0.0,4781.82,2556.0299999999997,2225.79,46.546921465048875,4781.82,2225.79
ORD-102231,2026-02-08,Electronics,USB-C Hub,West,Surat,New,4,964.56,0.1,Debit Card,Delivered,607.23,3858.24,385.824,3472.4159999999997,2428.92,1043.4959999999996,30.05100771336153,3472.4159999999997,1043.4959999999996
ORD-103317,2026-02-08,Home & Kitchen,Coffee Maker,West,Ahmedabad,Loyal,1,3593.42,0.05,UPI,Delivered,2174.47,3593.42,179.67100000000002,3413.7490000000003,2174.47,1239.2790000000005,36.3025811212248,3413.7490000000003,1239.2790000000005
ORD-100458,2026-02-09,Fashion,Backpack,West,Ahmedabad,Returning,3,1533.77,0.0,Cash on Delivery,Delivered,873.09,4601.3099999999995,0.0,4601.3099999999995,2619.27,1982.0399999999995,43.07555891691713,4601.3099999999995,1982.0399999999995
ORD-101196,2026-02-09,Fashion,Denim Jacket,South,Kochi,New,3,2518.05,0.0,Debit Card,Delivered,1478.99,7554.150000000001,0.0,7554.150000000001,4436.97,3117.1800000000003,41.264470522825206,7554.150000000001,3117.1800000000003
ORD-100475,2026-02-09,Sports,Resistance Bands,East,Guwahati,New,1,679.69,0.0,Credit Card,Delivered,310.24,679.69,0.0,679.69,310.24,369.45000000000005,54.35566214009327,679.69,369.45000000000005
ORD-102185,2026-02-09,Fashion,Sneakers,South,Chennai,New,2,2892.56,0.0,Debit Card,Delivered,1814.33,5785.12,0.0,5785.12,3628.66,2156.46,37.275976989241364,5785.12,2156.46
ORD-101370,2026-02-09,Electronics,Wireless Headphones,West,Mumbai,New,2,2531.47,0.1,Debit Card,Delivered,1661.68,5062.94,506.294,4556.646,3323.36,1233.2859999999996,27.06565311415457,4556.646,1233.2859999999996
ORD-100743,2026-02-09,Electronics,Bluetooth Speaker,East,Patna,Loyal,3,1924.91,0.1,Debit Card,Delivered,1175.76,5774.7300000000005,577.4730000000001,5197.2570000000005,3527.2799999999997,1669.9770000000008,32.13189188065937,5197.2570000000005,1669.9770000000008
ORD-100130,2026-02-09,Home & Kitchen,Coffee Maker,South,Kochi,New,2,3527.29,0.15,Net Banking,Delivered,2158.25,7054.58,1058.187,5996.393,4316.5,1679.893,28.01505838593301,5996.393,1679.893
ORD-100958,2026-02-09,Electronics,USB-C Hub,North,Chandigarh,Loyal,1,1014.02,0.0,Credit Card,Delivered,606.47,1014.02,0.0,1014.02,606.47,407.54999999999995,40.191514960257194,1014.02,407.54999999999995
ORD-102758,2026-02-09,Electronics,Power Bank,North,Chandigarh,New,2,1285.93,0.0,UPI,Delivered,823.02,2571.86,0.0,2571.86,1646.04,925.8200000000002,35.99807143468151,2571.86,925.8200000000002
ORD-103492,2026-02-10,Fashion,Sneakers,South,Hyderabad,Returning,2,2952.96,0.1,UPI,Delivered,1857.13,5905.92,590.592,5315.328,3714.26,1601.0680000000002,30.121715912922024,5315.328,1601.0680000000002
ORD-101585,2026-02-10,Fashion,Denim Jacket,South,Hyderabad,New,2,2545.91,0.0,Net Banking,Delivered,1440.31,5091.82,0.0,5091.82,2880.62,2211.2,43.42651546991056,5091.82,2211.2
ORD-101467,2026-02-10,Fashion,Backpack,South,Kochi,New,1,1448.28,0.05,Cash on Delivery,Delivered,850.01,1448.28,72.414,1375.866,850.01,525.856,38.22000107568615,1375.866,525.856
ORD-101417,2026-02-10,Electronics,USB-C Hub,South,Bengaluru,New,1,1012.52,0.1,Net Banking,Returned,607.76,1012.52,101.25200000000001,911.268,607.76,303.50800000000004,33.30611850739849,0.0,0.0
ORD-100341,2026-02-10,Fashion,Denim Jacket,East,Guwahati,Loyal,1,2468.38,0.0,Net Banking,Delivered,1427.28,2468.38,0.0,2468.38,1427.28,1041.1000000000001,42.17746052066538,2468.38,1041.1000000000001
ORD-100673,2026-02-10,Beauty,Hair Care Combo,West,Ahmedabad,Returning,2,1362.49,0.05,Credit Card,Delivered,674.14,2724.98,136.249,2588.731,1348.28,1240.4510000000002,47.91733864970907,2588.731,1240.4510000000002
ORD-103301,2026-02-11,Electronics,Wireless Headphones,South,Hyderabad,New,3,2437.73,0.05,UPI,Delivered,1626.46,7313.1900000000005,365.65950000000004,6947.530500000001,4879.38,2068.1505000000006,29.768138477405753,6947.530500000001,2068.1505000000006
ORD-101128,2026-02-11,Fashion,Denim Jacket,Central,Nagpur,New,1,2584.12,0.15,UPI,Delivered,1433.43,2584.12,387.618,2196.502,1433.43,763.0719999999999,34.740328030659654,2196.502,763.0719999999999
ORD-100782,2026-02-11,Home & Kitchen,Water Bottle,East,Patna,New,1,731.21,0.2,Credit Card,Delivered,296.8,731.21,146.24200000000002,584.9680000000001,296.8,288.16800000000006,49.262181862939514,584.9680000000001,288.16800000000006
ORD-100099,2026-02-11,Fashion,Hoodie,North,Jaipur,New,1,1767.02,0.0,Credit Card,Delivered,1036.98,1767.02,0.0,1767.02,1036.98,730.04,41.31475591674118,1767.02,730.04
ORD-101985,2026-02-11,Electronics,Bluetooth Speaker,South,Bengaluru,Returning,1,1832.81,0.0,UPI,Delivered,1192.04,1832.81,0.0,1832.81,1192.04,640.77,34.961070705637795,1832.81,640.77
ORD-101235,2026-02-11,Electronics,Bluetooth Speaker,South,Kochi,Loyal,1,1980.75,0.05,Credit Card,Delivered,1180.81,1980.75,99.03750000000001,1881.7125,1180.81,700.9025000000001,37.248118402784705,1881.7125,700.9025000000001
ORD-102970,2026-02-11,Electronics,USB-C Hub,East,Guwahati,Loyal,2,973.55,0.0,Credit Card,Delivered,602.79,1947.1,0.0,1947.1,1205.58,741.52,38.083303374248885,1947.1,741.52
ORD-100920,2026-02-11,Fashion,Denim Jacket,West,Surat,New,2,2457.89,0.0,Debit Card,Delivered,1416.74,4915.78,0.0,4915.78,2833.48,2082.2999999999997,42.359503476559155,4915.78,2082.2999999999997
ORD-103324,2026-02-12,Fashion,Backpack,East,Kolkata,New,2,1468.99,0.2,Debit Card,Delivered,875.84,2937.98,587.596,2350.384,1751.68,598.704,25.472603625620323,2350.384,598.704
ORD-102437,2026-02-12,Electronics,Bluetooth Speaker,South,Bengaluru,New,1,1851.6,0.0,Debit Card,Delivered,1226.08,1851.6,0.0,1851.6,1226.08,625.52,33.782674443724346,1851.6,625.52
ORD-101994,2026-02-12,Home & Kitchen,Storage Box Set,South,Kochi,Returning,2,995.59,0.2,UPI,Delivered,517.1,1991.18,398.23600000000005,1592.944,1034.2,558.7439999999999,35.07618598017256,1592.944,558.7439999999999
ORD-103408,2026-02-12,Home & Kitchen,Water Bottle,North,Delhi,New,1,681.8,0.05,Net Banking,Delivered,307.34,681.8,34.089999999999996,647.7099999999999,307.34,340.36999999999995,52.54975220391842,647.7099999999999,340.36999999999995
ORD-102992,2026-02-12,Electronics,Smart Watch,North,Chandigarh,Returning,2,3957.78,0.05,Cash on Delivery,Delivered,2675.48,7915.56,395.778,7519.782,5350.96,2168.822,28.841554183352656,7519.782,2168.822
ORD-101337,2026-02-12,Electronics,Power Bank,North,Delhi,New,2,1290.5,0.15,Cash on Delivery,Returned,794.89,2581.0,387.15,2193.85,1589.78,604.0699999999999,27.53469927296761,0.0,0.0
ORD-102689,2026-02-12,Fashion,Hoodie,West,Ahmedabad,Returning,1,1769.16,0.0,Net Banking,Returned,1007.87,1769.16,0.0,1769.16,1007.87,761.2900000000001,43.03115602884986,0.0,0.0
ORD-101068,2026-02-13,Home & Kitchen,Water Bottle,North,Chandigarh,Returning,3,709.71,0.1,UPI,Delivered,295.47,2129.13,212.913,1916.217,886.4100000000001,1029.807,53.741669132462555,1916.217,1029.807
ORD-100616,2026-02-13,Home & Kitchen,Mixer Grinder,Central,Raipur,Returning,3,2887.2,0.0,Credit Card,Returned,1817.22,8661.599999999999,0.0,8661.599999999999,5451.66,3209.9399999999987,37.059434746467154,0.0,0.0
ORD-100569,2026-02-14,Fashion,Denim Jacket,South,Bengaluru,Returning,2,2448.29,0.0,Cash on Delivery,Delivered,1486.9,4896.58,0.0,4896.58,2973.8,1922.7799999999997,39.26781549571333,4896.58,1922.7799999999997
ORD-103147,2026-02-14,Electronics,Smart Watch,West,Surat,Loyal,3,3846.87,0.0,Debit Card,Delivered,2656.11,11540.61,0.0,11540.61,7968.33,3572.2800000000007,30.95399636587668,11540.61,3572.2800000000007
ORD-100600,2026-02-14,Electronics,Bluetooth Speaker,East,Guwahati,Returning,3,1931.88,0.2,UPI,Delivered,1190.98,5795.64,1159.1280000000002,4636.512000000001,3572.94,1063.5720000000006,22.939054185560188,4636.512000000001,1063.5720000000006
ORD-103266,2026-02-14,Fashion,Sneakers,East,Guwahati,Loyal,1,3138.46,0.0,UPI,Delivered,1841.93,3138.46,0.0,3138.46,1841.93,1296.53,41.31102515246331,3138.46,1296.53
ORD-100026,2026-02-15,Home & Kitchen,Air Fryer,North,Delhi,New,1,5056.88,0.05,Credit Card,Delivered,3431.74,5056.88,252.84400000000002,4804.036,3431.74,1372.2960000000003,28.56548119123171,4804.036,1372.2960000000003
ORD-103118,2026-02-15,Electronics,Smart Watch,Central,Raipur,Loyal,1,3877.09,0.1,Credit Card,Delivered,2736.52,3877.09,387.70900000000006,3489.3810000000003,2736.52,752.8610000000003,21.57577518763357,3489.3810000000003,752.8610000000003
ORD-101715,2026-02-16,Beauty,Hair Dryer,West,Surat,Returning,2,2269.19,0.1,Net Banking,Delivered,1314.77,4538.38,453.838,4084.542,2629.54,1455.002,35.62215788208323,4084.542,1455.002
ORD-102184,2026-02-16,Electronics,USB-C Hub,North,Lucknow,Returning,2,984.56,0.1,UPI,Delivered,575.68,1969.12,196.912,1772.2079999999999,1151.36,620.848,35.03245668679975,1772.2079999999999,620.848
ORD-101717,2026-02-17,Home & Kitchen,Coffee Maker,West,Ahmedabad,Loyal,2,3488.57,0.05,Cash on Delivery,Delivered,2277.98,6977.14,348.857,6628.283,4555.96,2072.3230000000003,31.264853959916923,6628.283,2072.3230000000003
ORD-102072,2026-02-17,Home & Kitchen,Storage Box Set,East,Kolkata,Returning,2,1001.17,0.0,Cash on Delivery,Delivered,520.07,2002.34,0.0,2002.34,1040.14,962.1999999999998,48.05377708081544,2002.34,962.1999999999998
ORD-102448,2026-02-17,Sports,Dumbbell Set,South,Bengaluru,Returning,3,2440.75,0.0,UPI,Delivered,1477.77,7322.25,0.0,7322.25,4433.3099999999995,2888.9400000000005,39.4542661067295,7322.25,2888.9400000000005
ORD-102986,2026-02-18,Beauty,Face Serum,North,Lucknow,New,2,930.05,0.2,Net Banking,Returned,429.59,1860.1,372.02,1488.08,859.18,628.9,42.26251276813075,0.0,0.0
ORD-102015,2026-02-18,Electronics,Wireless Headphones,West,Surat,New,1,2556.9,0.0,UPI,Cancelled,1675.4,2556.9,0.0,2556.9,1675.4,881.5,34.47534123352497,0.0,0.0
ORD-100984,2026-02-18,Fashion,Sneakers,Central,Indore,Loyal,4,2903.99,0.05,Net Banking,Delivered,1776.45,11615.96,580.798,11035.161999999998,7105.8,3929.3619999999983,35.60765125151764,11035.161999999998,3929.3619999999983
ORD-102361,2026-02-18,Fashion,T-Shirt,West,Mumbai,Loyal,2,824.09,0.0,Cash on Delivery,Delivered,445.7,1648.18,0.0,1648.18,891.4,756.7800000000001,45.91610139669211,1648.18,756.7800000000001
ORD-100934,2026-02-19,Home & Kitchen,Storage Box Set,North,Lucknow,New,1,1030.71,0.05,UPI,Delivered,514.07,1030.71,51.535500000000006,979.1745000000001,514.07,465.10450000000003,47.499654045320824,979.1745000000001,465.10450000000003
ORD-101221,2026-02-19,Fashion,Denim Jacket,North,Delhi,Loyal,3,2494.76,0.0,Credit Card,Delivered,1506.37,7484.280000000001,0.0,7484.280000000001,4519.11,2965.170000000001,39.6186406708461,7484.280000000001,2965.170000000001
ORD-101130,2026-02-19,Electronics,Power Bank,South,Hyderabad,Returning,3,1275.43,0.1,UPI,Delivered,783.88,3826.29,382.629,3443.661,2351.64,1092.0210000000002,31.711048212933857,3443.661,1092.0210000000002
ORD-101255,2026-02-19,Electronics,USB-C Hub,East,Bhubaneswar,New,4,968.78,0.05,Cash on Delivery,Cancelled,612.97,3875.12,193.756,3681.364,2451.88,1229.484,33.39751244375726,0.0,0.0
ORD-100244,2026-02-19,Electronics,Bluetooth Speaker,West,Pune,New,1,1973.45,0.15,UPI,Delivered,1232.79,1973.45,296.0175,1677.4325000000001,1232.79,444.64250000000015,26.507325928167013,1677.4325000000001,444.64250000000015
ORD-100824,2026-02-19,Beauty,Face Serum,East,Patna,Returning,4,940.16,0.0,UPI,Delivered,416.96,3760.64,0.0,3760.64,1667.84,2092.8,55.65010211027911,3760.64,2092.8
ORD-101205,2026-02-20,Home & Kitchen,Coffee Maker,Central,Indore,New,1,3450.27,0.1,UPI,Cancelled,2172.52,3450.27,345.02700000000004,3105.243,2172.52,932.723,30.037037359073025,0.0,0.0
ORD-100771,2026-02-20,Electronics,Smart Watch,South,Chennai,New,3,4066.18,0.15,UPI,Delivered,2736.87,12198.539999999999,1829.7809999999997,10368.759,8210.61,2158.1489999999994,20.81395661718051,10368.759,2158.1489999999994
ORD-101887,2026-02-20,Beauty,Face Serum,Central,Indore,Returning,1,921.04,0.0,Credit Card,Delivered,408.1,921.04,0.0,921.04,408.1,512.9399999999999,55.69139233909494,921.04,512.9399999999999
ORD-102481,2026-02-20,Sports,Dumbbell Set,West,Surat,New,1,2519.99,0.0,UPI,Delivered,1512.48,2519.99,0.0,2519.99,1512.48,1007.5099999999998,39.98071420918337,2519.99,1007.5099999999998
ORD-101089,2026-02-20,Fashion,Sneakers,South,Bengaluru,Returning,2,3119.49,0.05,Cash on Delivery,Delivered,1757.8,6238.98,311.949,5927.031,3515.6,2411.431,40.685311077333665,5927.031,2411.431
ORD-100502,2026-02-20,Beauty,Perfume,South,Bengaluru,Returning,4,2051.57,0.0,UPI,Delivered,1089.48,8206.28,0.0,8206.28,4357.92,3848.3600000000006,46.89530457162076,8206.28,3848.3600000000006
ORD-102754,2026-02-20,Fashion,Sneakers,West,Ahmedabad,Returning,1,3124.67,0.15,UPI,Returned,1836.96,3124.67,468.7005,2655.9695,1836.96,819.0095000000001,30.83655516375471,0.0,0.0
ORD-102905,2026-02-20,Fashion,Backpack,West,Surat,Returning,3,1520.93,0.05,Credit Card,Delivered,860.08,4562.79,228.1395,4334.6505,2580.2400000000002,1754.4104999999995,40.47409358609188,4334.6505,1754.4104999999995
ORD-101812,2026-02-21,Fashion,Backpack,North,Jaipur,Returning,1,1569.85,0.1,UPI,Delivered,832.27,1569.85,156.985,1412.8649999999998,832.27,580.5949999999998,41.093451957547245,1412.8649999999998,580.5949999999998
ORD-103273,2026-02-21,Sports,Sports Bag,South,Kochi,Returning,1,1674.17,0.2,Credit Card,Delivered,826.62,1674.17,334.83400000000006,1339.336,826.62,512.716,38.281357329303475,1339.336,512.716
ORD-101438,2026-02-21,Sports,Yoga Mat,East,Guwahati,Loyal,2,991.61,0.0,Cash on Delivery,Delivered,504.44,1983.22,0.0,1983.22,1008.88,974.34,49.12919393713254,1983.22,974.34
ORD-102380,2026-02-21,Sports,Resistance Bands,North,Chandigarh,Returning,1,692.55,0.1,UPI,Delivered,300.13,692.55,69.255,623.295,300.13,323.16499999999996,51.84784091000248,623.295,323.16499999999996
ORD-101723,2026-02-21,Home & Kitchen,Air Fryer,East,Patna,Returning,3,5241.15,0.05,UPI,Delivered,3209.99,15723.449999999999,786.1725,14937.277499999998,9629.97,5307.307499999999,35.53062129293641,14937.277499999998,5307.307499999999
ORD-102324,2026-02-21,Electronics,Smart Watch,North,Lucknow,Loyal,1,3976.57,0.0,Debit Card,Cancelled,2711.24,3976.57,0.0,3976.57,2711.24,1265.3300000000004,31.819633503245264,0.0,0.0
ORD-100652,2026-02-21,Beauty,Face Serum,West,Pune,Returning,1,871.68,0.05,UPI,Delivered,419.9,871.68,43.584,828.096,419.9,408.196,49.293318649045524,828.096,408.196
ORD-102930,2026-02-21,Sports,Yoga Mat,North,Jaipur,Returning,1,983.53,0.05,UPI,Delivered,496.89,983.53,49.176500000000004,934.3534999999999,496.89,437.46349999999995,46.81991344817566,934.3534999999999,437.46349999999995
ORD-101398,2026-02-21,Beauty,Hair Dryer,East,Guwahati,New,2,2255.15,0.15,Debit Card,Delivered,1301.03,4510.3,676.545,3833.755,2602.06,1231.6950000000002,32.12763987265749,3833.755,1231.6950000000002
ORD-102258,2026-02-21,Electronics,Smart Watch,North,Chandigarh,New,1,3842.39,0.05,Net Banking,Delivered,2675.32,3842.39,192.11950000000002,3650.2704999999996,2675.32,974.9504999999995,26.708993210229202,3650.2704999999996,974.9504999999995
ORD-100986,2026-02-21,Fashion,Sneakers,South,Bengaluru,New,3,3063.53,0.0,Credit Card,Delivered,1780.43,9190.59,0.0,9190.59,5341.29,3849.3,41.8830564740675,9190.59,3849.3
ORD-102551,2026-02-22,Fashion,T-Shirt,South,Chennai,Loyal,1,769.27,0.1,Cash on Delivery,Returned,426.56,769.27,76.927,692.343,426.56,265.78299999999996,38.38891994286069,0.0,0.0
ORD-101224,2026-02-22,Sports,Running Shoes,Central,Bhopal,New,3,3384.25,0.1,Cash on Delivery,Delivered,2167.56,10152.75,1015.2750000000001,9137.475,6502.68,2634.795,28.83504469232474,9137.475,2634.795
ORD-100123,2026-02-22,Sports,Dumbbell Set,South,Chennai,New,2,2605.79,0.1,Credit Card,Delivered,1535.14,5211.58,521.158,4690.422,3070.28,1620.1419999999994,34.541497545423404,4690.422,1620.1419999999994
ORD-100003,2026-02-22,Sports,Yoga Mat,West,Surat,New,2,1037.73,0.2,Debit Card,Delivered,513.88,2075.46,415.09200000000004,1660.368,1027.76,632.608,38.1004692935542,1660.368,632.608
ORD-102086,2026-02-23,Fashion,Sneakers,Central,Raipur,New,3,2948.5,0.0,Credit Card,Delivered,1779.07,8845.5,0.0,8845.5,5337.21,3508.29,39.66186196371036,8845.5,3508.29
ORD-100842,2026-02-23,Sports,Resistance Bands,West,Ahmedabad,Loyal,1,675.13,0.0,Net Banking,Delivered,304.49,675.13,0.0,675.13,304.49,370.64,54.899056478011644,675.13,370.64
ORD-102396,2026-02-23,Electronics,Wireless Headphones,West,Mumbai,Returning,2,2480.4,0.05,UPI,Delivered,1675.96,4960.8,248.04000000000002,4712.76,3351.92,1360.8400000000001,28.875648240097103,4712.76,1360.8400000000001
ORD-102619,2026-02-23,Electronics,USB-C Hub,West,Mumbai,Returning,1,1010.26,0.05,Cash on Delivery,Delivered,583.91,1010.26,50.513000000000005,959.747,583.91,375.837,39.16000779372064,959.747,375.837
ORD-100730,2026-02-24,Sports,Resistance Bands,East,Bhubaneswar,New,4,701.63,0.2,UPI,Delivered,306.21,2806.52,561.304,2245.216,1224.84,1020.376,45.44667417299716,2245.216,1020.376
ORD-102195,2026-02-24,Electronics,USB-C Hub,Central,Indore,Loyal,2,1016.57,0.0,Credit Card,Delivered,611.71,2033.14,0.0,2033.14,1223.42,809.72,39.82608182417344,2033.14,809.72
ORD-101277,2026-02-24,Electronics,Bluetooth Speaker,West,Pune,Returning,4,1988.12,0.1,Debit Card,Delivered,1235.08,7952.48,795.248,7157.232,4940.32,2216.9120000000003,30.974432573933612,7157.232,2216.9120000000003
ORD-101693,2026-02-24,Electronics,Smart Watch,South,Chennai,Returning,2,3955.97,0.05,Cash on Delivery,Returned,2634.54,7911.94,395.597,7516.343,5269.08,2247.263,29.898356155380352,0.0,0.0
ORD-102023,2026-02-24,Home & Kitchen,Storage Box Set,West,Ahmedabad,New,2,973.13,0.1,UPI,Delivered,506.07,1946.26,194.626,1751.634,1012.14,739.494,42.2173810282285,1751.634,739.494
ORD-101981,2026-02-24,Sports,Resistance Bands,Central,Raipur,Loyal,4,696.15,0.05,Cash on Delivery,Delivered,294.42,2784.6,139.23,2645.37,1177.68,1467.6899999999998,55.481463840596966,2645.37,1467.6899999999998
ORD-102584,2026-02-25,Fashion,Sneakers,West,Surat,Returning,1,2916.06,0.1,UPI,Delivered,1841.41,2916.06,291.606,2624.4539999999997,1841.41,783.0439999999996,29.836453601396702,2624.4539999999997,783.0439999999996
ORD-100316,2026-02-25,Sports,Dumbbell Set,South,Kochi,New,4,2503.11,0.0,UPI,Returned,1465.71,10012.44,0.0,10012.44,5862.84,4149.6,41.44444311276772,0.0,0.0
ORD-103438,2026-02-25,Home & Kitchen,Water Bottle,West,Pune,Returning,2,728.63,0.1,UPI,Delivered,300.85,1457.26,145.726,1311.534,601.7,709.8340000000001,54.12242458068186,1311.534,709.8340000000001
ORD-103409,2026-02-25,Fashion,Hoodie,West,Ahmedabad,New,4,1783.66,0.0,Cash on Delivery,Delivered,972.64,7134.64,0.0,7134.64,3890.56,3244.0800000000004,45.46942803000572,7134.64,3244.0800000000004
ORD-101597,2026-02-25,Beauty,Perfume,West,Pune,Returning,1,1992.75,0.15,Debit Card,Delivered,1085.79,1992.75,298.91249999999997,1693.8375,1085.79,608.0475000000001,35.897628904779836,1693.8375,608.0475000000001
ORD-102050,2026-02-26,Electronics,Bluetooth Speaker,East,Patna,Returning,2,1943.44,0.0,Debit Card,Delivered,1212.68,3886.88,0.0,3886.88,2425.36,1461.52,37.60136664882888,3886.88,1461.52
ORD-102022,2026-02-26,Sports,Sports Bag,North,Jaipur,New,1,1676.27,0.0,UPI,Delivered,840.72,1676.27,0.0,1676.27,840.72,835.55,49.84578856628109,1676.27,835.55
ORD-101959,2026-02-26,Fashion,Sneakers,North,Lucknow,Loyal,3,3098.66,0.0,Credit Card,Delivered,1760.79,9295.98,0.0,9295.98,5282.37,4013.6099999999997,43.175759844577975,9295.98,4013.6099999999997
ORD-102771,2026-02-26,Electronics,USB-C Hub,South,Chennai,New,1,1045.73,0.1,Credit Card,Delivered,583.12,1045.73,104.57300000000001,941.157,583.12,358.03700000000003,38.042218248390014,941.157,358.03700000000003
ORD-102897,2026-02-26,Sports,Sports Bag,North,Jaipur,Returning,1,1583.07,0.15,Net Banking,Delivered,852.28,1583.07,237.46049999999997,1345.6095,852.28,493.32950000000005,36.662159415491644,1345.6095,493.32950000000005
ORD-100255,2026-02-26,Electronics,Power Bank,South,Hyderabad,Returning,3,1278.38,0.0,Cash on Delivery,Delivered,829.01,3835.1400000000003,0.0,3835.1400000000003,2487.0299999999997,1348.1100000000006,35.15151989236379,3835.1400000000003,1348.1100000000006
ORD-100156,2026-02-27,Fashion,Sneakers,West,Mumbai,Loyal,1,3126.45,0.0,Debit Card,Delivered,1785.23,3126.45,0.0,3126.45,1785.23,1341.2199999999998,42.89913480145212,3126.45,1341.2199999999998
ORD-102088,2026-02-27,Electronics,Smart Watch,West,Ahmedabad,New,2,3850.14,0.0,Credit Card,Delivered,2771.95,7700.28,0.0,7700.28,5543.9,2156.38,28.00391674068995,7700.28,2156.38
ORD-100446,2026-02-27,Beauty,Face Serum,Central,Bhopal,New,2,894.75,0.15,Debit Card,Delivered,420.04,1789.5,268.425,1521.075,840.08,680.995,44.77063918610193,1521.075,680.995
ORD-103000,2026-02-27,Electronics,USB-C Hub,North,Chandigarh,New,2,1021.29,0.0,Debit Card,Delivered,611.82,2042.58,0.0,2042.58,1223.64,818.9399999999998,40.09341127397702,2042.58,818.9399999999998
ORD-100372,2026-02-27,Electronics,USB-C Hub,North,Jaipur,Returning,2,1037.4,0.0,Debit Card,Delivered,591.15,2074.8,0.0,2074.8,1182.3,892.5000000000002,43.01619433198381,2074.8,892.5000000000002
ORD-101648,2026-02-28,Electronics,Bluetooth Speaker,North,Chandigarh,New,1,1862.43,0.2,Debit Card,Delivered,1218.33,1862.43,372.48600000000005,1489.944,1218.33,271.61400000000003,18.22981266410013,1489.944,271.61400000000003
ORD-102242,2026-02-28,Fashion,Sneakers,North,Jaipur,New,1,3015.38,0.1,Debit Card,Delivered,1790.5,3015.38,301.538,2713.842,1790.5,923.3420000000001,34.02342509254408,2713.842,923.3420000000001
ORD-100162,2026-02-28,Electronics,Bluetooth Speaker,South,Hyderabad,Returning,1,1990.4,0.1,UPI,Delivered,1174.28,1990.4,199.04000000000002,1791.3600000000001,1174.28,617.0800000000002,34.44757056091462,1791.3600000000001,617.0800000000002
ORD-100479,2026-02-28,Electronics,Wireless Headphones,East,Patna,Returning,1,2403.66,0.0,Debit Card,Delivered,1642.47,2403.66,0.0,2403.66,1642.47,761.1899999999998,31.667956366541024,2403.66,761.1899999999998
ORD-100237,2026-02-28,Electronics,Smart Watch,South,Hyderabad,New,1,4183.55,0.0,Credit Card,Cancelled,2699.48,4183.55,0.0,4183.55,2699.48,1484.0700000000002,35.47393959675396,0.0,0.0
ORD-102877,2026-02-28,Beauty,Hair Dryer,East,Patna,New,1,2401.65,0.0,UPI,Delivered,1280.28,2401.65,0.0,2401.65,1280.28,1121.3700000000001,46.69164949097496,2401.65,1121.3700000000001
ORD-100311,2026-03-01,Sports,Dumbbell Set,North,Delhi,Returning,1,2502.0,0.15,Cash on Delivery,Delivered,1552.77,2502.0,375.3,2126.7,1552.77,573.9299999999998,26.98688108336859,2126.7,573.9299999999998
ORD-100822,2026-03-01,Home & Kitchen,Air Fryer,South,Chennai,Loyal,2,4944.71,0.05,UPI,Delivered,3266.03,9889.42,494.471,9394.949,6532.06,2862.889,30.472640138866108,9394.949,2862.889
ORD-100108,2026-03-01,Fashion,T-Shirt,North,Jaipur,New,1,805.4,0.0,Credit Card,Delivered,438.04,805.4,0.0,805.4,438.04,367.35999999999996,45.61211820213558,805.4,367.35999999999996
ORD-100819,2026-03-01,Home & Kitchen,Water Bottle,South,Bengaluru,New,2,721.01,0.0,Cash on Delivery,Delivered,302.7,1442.02,0.0,1442.02,605.4,836.62,58.01722583598008,1442.02,836.62
ORD-102563,2026-03-02,Electronics,USB-C Hub,West,Mumbai,Loyal,3,1023.26,0.0,UPI,Delivered,583.2,3069.7799999999997,0.0,3069.7799999999997,1749.6000000000001,1320.1799999999996,43.005687704004835,3069.7799999999997,1320.1799999999996
ORD-102084,2026-03-02,Fashion,T-Shirt,North,Lucknow,New,1,822.62,0.05,UPI,Delivered,433.31,822.62,41.131,781.489,433.31,348.17900000000003,44.553282259891056,781.489,348.17900000000003
ORD-103159,2026-03-03,Home & Kitchen,Water Bottle,North,Delhi,Loyal,4,702.2,0.0,Debit Card,Delivered,310.39,2808.8,0.0,2808.8,1241.56,1567.2400000000002,55.797493591569356,2808.8,1567.2400000000002
ORD-102722,2026-03-03,Electronics,Wireless Headphones,South,Chennai,Returning,2,2540.01,0.1,Cash on Delivery,Delivered,1709.12,5080.02,508.00200000000007,4572.018,3418.24,1153.7780000000002,25.235639929676573,4572.018,1153.7780000000002
ORD-102102,2026-03-03,Electronics,Smart Watch,East,Guwahati,New,1,3861.22,0.0,Cash on Delivery,Delivered,2679.45,3861.22,0.0,3861.22,2679.45,1181.77,30.606129668861136,3861.22,1181.77
ORD-101049,2026-03-03,Home & Kitchen,Mixer Grinder,East,Guwahati,Returning,3,3127.48,0.05,Net Banking,Cancelled,1823.68,9382.44,469.12200000000007,8913.318000000001,5471.04,3442.278000000001,38.619490519692,0.0,0.0
ORD-102616,2026-03-03,Electronics,Power Bank,West,Mumbai,Returning,1,1290.93,0.05,Credit Card,Delivered,778.26,1290.93,64.54650000000001,1226.3835000000001,778.26,448.12350000000015,36.540242102083084,1226.3835000000001,448.12350000000015
ORD-100859,2026-03-03,Home & Kitchen,Air Fryer,East,Guwahati,New,3,4830.32,0.0,Net Banking,Delivered,3355.74,14490.96,0.0,14490.96,10067.22,4423.74,30.527584093807448,14490.96,4423.74
ORD-100122,2026-03-03,Fashion,Backpack,South,Hyderabad,Returning,4,1557.87,0.15,Cash on Delivery,Delivered,851.38,6231.48,934.7219999999999,5296.758,3405.52,1891.2379999999998,35.70557688306696,5296.758,1891.2379999999998
ORD-100080,2026-03-04,Fashion,Sneakers,West,Mumbai,New,2,3066.46,0.0,Debit Card,Delivered,1776.32,6132.92,0.0,6132.92,3552.64,2580.28,42.072617937295774,6132.92,2580.28
ORD-101613,2026-03-04,Home & Kitchen,Air Fryer,West,Ahmedabad,New,2,5052.52,0.1,Cash on Delivery,Delivered,3332.52,10105.04,1010.5040000000001,9094.536,6665.04,2429.496,26.713798263044975,9094.536,2429.496
ORD-100641,2026-03-04,Home & Kitchen,Storage Box Set,East,Patna,Returning,3,984.98,0.1,Credit Card,Delivered,539.89,2954.94,295.494,2659.446,1619.67,1039.7759999999998,39.09746616400558,2659.446,1039.7759999999998
ORD-101132,2026-03-04,Electronics,Wireless Headphones,North,Lucknow,New,3,2608.05,0.1,Credit Card,Delivered,1693.28,7824.150000000001,782.4150000000001,7041.735000000001,5079.84,1961.8950000000004,27.86096040251444,7041.735000000001,1961.8950000000004
ORD-102659,2026-03-05,Sports,Dumbbell Set,East,Bhubaneswar,Returning,1,2461.66,0.15,Credit Card,Delivered,1475.71,2461.66,369.24899999999997,2092.411,1475.71,616.701,29.47322490657906,2092.411,616.701
ORD-100736,2026-03-05,Fashion,T-Shirt,North,Jaipur,Returning,1,779.4,0.1,Debit Card,Delivered,423.62,779.4,77.94,701.46,423.62,277.84000000000003,39.60881589826933,701.46,277.84000000000003
ORD-103375,2026-03-05,Home & Kitchen,Coffee Maker,Central,Raipur,Returning,1,3493.96,0.0,Cash on Delivery,Delivered,2183.97,3493.96,0.0,3493.96,2183.97,1309.9900000000002,37.49298789911734,3493.96,1309.9900000000002
ORD-101427,2026-03-05,Sports,Yoga Mat,South,Kochi,Returning,1,1038.63,0.0,Debit Card,Delivered,499.7,1038.63,0.0,1038.63,499.7,538.9300000000001,51.88854548780605,1038.63,538.9300000000001
ORD-101306,2026-03-05,Fashion,Denim Jacket,East,Kolkata,New,4,2444.27,0.1,UPI,Returned,1463.92,9777.08,977.7080000000001,8799.372,5855.68,2943.691999999999,33.453432813159836,0.0,0.0
ORD-103193,2026-03-05,Home & Kitchen,Coffee Maker,West,Surat,Returning,3,3471.73,0.0,UPI,Delivered,2267.68,10415.19,0.0,10415.19,6803.039999999999,3612.1500000000015,34.68155645744342,10415.19,3612.1500000000015
ORD-100283,2026-03-05,Fashion,T-Shirt,South,Hyderabad,Returning,1,803.04,0.1,Debit Card,Delivered,422.42,803.04,80.304,722.736,422.42,300.316,41.55265546478935,722.736,300.316
ORD-103002,2026-03-05,Home & Kitchen,Coffee Maker,North,Lucknow,New,2,3589.56,0.1,Credit Card,Delivered,2236.52,7179.12,717.912,6461.208,4473.04,1988.1679999999997,30.770840375360148,6461.208,1988.1679999999997
ORD-102280,2026-03-05,Sports,Sports Bag,West,Mumbai,New,1,1649.96,0.0,Cash on Delivery,Delivered,837.91,1649.96,0.0,1649.96,837.91,812.0500000000001,49.21634463865791,1649.96,812.0500000000001
ORD-100312,2026-03-05,Electronics,Bluetooth Speaker,Central,Nagpur,Returning,1,1978.38,0.1,Credit Card,Delivered,1223.06,1978.38,197.83800000000002,1780.5420000000001,1223.06,557.4820000000002,31.309679861525318,1780.5420000000001,557.4820000000002
ORD-102817,2026-03-06,Beauty,Hair Care Combo,Central,Nagpur,New,1,1264.91,0.05,Net Banking,Delivered,661.09,1264.91,63.24550000000001,1201.6645,661.09,540.5745000000001,44.985476395449815,1201.6645,540.5745000000001
ORD-101813,2026-03-06,Sports,Resistance Bands,South,Hyderabad,Returning,2,722.83,0.0,Debit Card,Delivered,293.21,1445.66,0.0,1445.66,586.42,859.2400000000001,59.435828618070644,1445.66,859.2400000000001
ORD-102932,2026-03-06,Electronics,USB-C Hub,South,Kochi,Returning,3,966.53,0.0,UPI,Returned,591.99,2899.59,0.0,2899.59,1775.97,1123.6200000000001,38.75099583044499,0.0,0.0
ORD-101071,2026-03-07,Fashion,Hoodie,West,Mumbai,Returning,3,1744.3,0.0,Net Banking,Delivered,1024.72,5232.9,0.0,5232.9,3074.16,2158.74,41.25322478931376,5232.9,2158.74
ORD-101329,2026-03-07,Home & Kitchen,Coffee Maker,North,Jaipur,Loyal,1,3631.19,0.0,Debit Card,Delivered,2271.86,3631.19,0.0,3631.19,2271.86,1359.33,37.43483541208254,3631.19,1359.33
ORD-102112,2026-03-07,Electronics,Wireless Headphones,East,Kolkata,Returning,2,2512.16,0.1,UPI,Delivered,1651.55,5024.32,502.432,4521.888,3303.1,1218.788,26.95307800635487,4521.888,1218.788
ORD-101424,2026-03-07,Sports,Resistance Bands,West,Pune,New,3,717.89,0.15,Debit Card,Delivered,291.16,2153.67,323.0505,1830.6195,873.48,957.1395,52.28500515808992,1830.6195,957.1395
ORD-101274,2026-03-07,Home & Kitchen,Water Bottle,South,Chennai,Returning,2,681.37,0.05,UPI,Delivered,301.32,1362.74,68.137,1294.603,602.64,691.9630000000001,53.44982206900494,1294.603,691.9630000000001
ORD-103233,2026-03-08,Fashion,Denim Jacket,West,Ahmedabad,New,1,2485.22,0.0,Debit Card,Delivered,1438.08,2485.22,0.0,2485.22,1438.08,1047.1399999999999,42.1347003484601,2485.22,1047.1399999999999
ORD-102438,2026-03-08,Electronics,Bluetooth Speaker,North,Lucknow,Returning,1,1944.17,0.15,UPI,Delivered,1211.34,1944.17,291.6255,1652.5445,1211.34,441.20450000000005,26.69849435219445,1652.5445,441.20450000000005
ORD-100257,2026-03-09,Fashion,T-Shirt,Central,Nagpur,Loyal,4,790.16,0.0,UPI,Delivered,442.81,3160.64,0.0,3160.64,1771.24,1389.3999999999999,43.959451250379665,3160.64,1389.3999999999999
ORD-103390,2026-03-09,Beauty,Perfume,Central,Indore,New,3,2071.3,0.15,Credit Card,Delivered,1134.14,6213.900000000001,932.085,5281.8150000000005,3402.42,1879.3950000000004,35.58237083275352,5281.8150000000005,1879.3950000000004
ORD-102034,2026-03-09,Electronics,Power Bank,North,Jaipur,New,2,1271.43,0.0,Debit Card,Returned,825.57,2542.86,0.0,2542.86,1651.14,891.72,35.06760104763927,0.0,0.0
ORD-100049,2026-03-09,Home & Kitchen,Water Bottle,North,Delhi,Returning,2,672.0,0.05,Cash on Delivery,Delivered,292.47,1344.0,67.2,1276.8,584.94,691.8599999999999,54.187030075187955,1276.8,691.8599999999999
ORD-100416,2026-03-09,Electronics,USB-C Hub,Central,Nagpur,New,1,961.91,0.2,UPI,Delivered,588.27,961.91,192.382,769.528,588.27,181.25800000000004,23.55443856493851,769.528,181.25800000000004
ORD-103206,2026-03-09,Electronics,Wireless Headphones,North,Delhi,New,1,2408.44,0.15,Cash on Delivery,Delivered,1635.33,2408.44,361.266,2047.174,1635.33,411.84400000000005,20.117684183171537,2047.174,411.84400000000005
ORD-101668,2026-03-09,Beauty,Skin Care Kit,North,Delhi,Loyal,1,1643.1,0.0,Net Banking,Delivered,850.97,1643.1,0.0,1643.1,850.97,792.1299999999999,48.209482076562594,1643.1,792.1299999999999
ORD-101298,2026-03-09,Home & Kitchen,Coffee Maker,North,Jaipur,New,3,3662.17,0.2,Cash on Delivery,Delivered,2175.4,10986.51,2197.302,8789.208,6526.200000000001,2263.008,25.74757589079698,8789.208,2263.008
ORD-100711,2026-03-10,Sports,Running Shoes,North,Jaipur,Returning,1,3550.76,0.05,Credit Card,Delivered,2123.76,3550.76,177.538,3373.222,2123.76,1249.462,37.04060983830889,3373.222,1249.462
ORD-102468,2026-03-10,Electronics,Bluetooth Speaker,East,Kolkata,Returning,3,1890.01,0.15,Debit Card,Delivered,1234.66,5670.03,850.5044999999999,4819.5255,3703.9800000000005,1115.5454999999993,23.14637613184118,4819.5255,1115.5454999999993
ORD-101327,2026-03-10,Fashion,Backpack,North,Jaipur,Returning,2,1569.94,0.0,Credit Card,Delivered,830.86,3139.88,0.0,3139.88,1661.72,1478.16,47.07695835509638,3139.88,1478.16
ORD-100550,2026-03-11,Beauty,Perfume,North,Delhi,Returning,1,1919.12,0.05,Debit Card,Delivered,1137.91,1919.12,95.956,1823.164,1137.91,685.2539999999999,37.585976906081946,1823.164,685.2539999999999
ORD-103192,2026-03-11,Electronics,Power Bank,Central,Nagpur,Returning,2,1255.41,0.05,Debit Card,Delivered,814.99,2510.82,125.54100000000001,2385.279,1629.98,755.299,31.665016964472496,2385.279,755.299
ORD-102285,2026-03-11,Electronics,Bluetooth Speaker,North,Lucknow,Returning,2,1915.57,0.05,Net Banking,Delivered,1164.81,3831.14,191.55700000000002,3639.5829999999996,2329.62,1309.9629999999997,35.992117778327895,3639.5829999999996,1309.9629999999997
ORD-100827,2026-03-11,Home & Kitchen,Air Fryer,East,Kolkata,New,2,4932.41,0.1,Credit Card,Cancelled,3234.69,9864.82,986.482,8878.338,6469.38,2408.9579999999996,27.13298367329561,0.0,0.0
ORD-102632,2026-03-11,Fashion,Sneakers,Central,Bhopal,Returning,1,3066.56,0.15,UPI,Delivered,1828.8,3066.56,459.984,2606.576,1828.8,777.7760000000001,29.8389918421715,2606.576,777.7760000000001
ORD-101696,2026-03-12,Fashion,Backpack,North,Jaipur,New,1,1552.47,0.05,Debit Card,Delivered,844.07,1552.47,77.6235,1474.8465,844.07,630.7765,42.76895934593871,1474.8465,630.7765
ORD-100060,2026-03-12,Electronics,USB-C Hub,West,Surat,Returning,2,980.94,0.15,Net Banking,Delivered,602.76,1961.88,294.282,1667.5980000000002,1205.52,462.0780000000002,27.709196101218648,1667.5980000000002,462.0780000000002
ORD-101703,2026-03-12,Electronics,Power Bank,West,Ahmedabad,New,4,1256.09,0.05,UPI,Delivered,802.84,5024.36,251.218,4773.142,3211.36,1561.7819999999997,32.720208198289505,4773.142,1561.7819999999997
ORD-100098,2026-03-12,Home & Kitchen,Air Fryer,East,Bhubaneswar,New,1,4909.26,0.0,UPI,Delivered,3202.25,4909.26,0.0,4909.26,3202.25,1707.0100000000002,34.77122825028619,4909.26,1707.0100000000002
ORD-101510,2026-03-12,Electronics,Power Bank,North,Lucknow,Returning,3,1270.0,0.05,UPI,Delivered,816.57,3810.0,190.5,3619.5,2449.71,1169.79,32.31910484873601,3619.5,1169.79
ORD-101973,2026-03-12,Sports,Dumbbell Set,North,Chandigarh,New,3,2406.76,0.15,Cash on Delivery,Delivered,1482.53,7220.280000000001,1083.0420000000001,6137.238,4447.59,1689.6480000000001,27.531081571221456,6137.238,1689.6480000000001
ORD-100191,2026-03-13,Electronics,Smart Watch,East,Bhubaneswar,Returning,1,3981.56,0.05,UPI,Delivered,2637.12,3981.56,199.078,3782.482,2637.12,1145.362,30.280699286870373,3782.482,1145.362
ORD-101780,2026-03-13,Fashion,Backpack,West,Pune,New,1,1505.61,0.0,Cash on Delivery,Delivered,850.61,1505.61,0.0,1505.61,850.61,654.9999999999999,43.50396184935009,1505.61,654.9999999999999
ORD-102267,2026-03-13,Electronics,Wireless Headphones,South,Chennai,Returning,2,2480.33,0.1,Net Banking,Delivered,1658.72,4960.66,496.06600000000003,4464.594,3317.44,1147.154,25.694475242317665,4464.594,1147.154
ORD-100813,2026-03-13,Beauty,Perfume,Central,Nagpur,New,1,1980.13,0.0,UPI,Delivered,1124.45,1980.13,0.0,1980.13,1124.45,855.6800000000001,43.21332437769237,1980.13,855.6800000000001
ORD-100075,2026-03-14,Beauty,Perfume,North,Lucknow,Returning,3,1971.74,0.15,UPI,Delivered,1102.86,5915.22,887.283,5027.937,3308.58,1719.357,34.19607286248814,5027.937,1719.357
ORD-100615,2026-03-14,Home & Kitchen,Storage Box Set,East,Guwahati,New,2,1002.63,0.1,UPI,Returned,521.33,2005.26,200.526,1804.734,1042.66,762.0739999999998,42.22638904126591,0.0,0.0
ORD-100636,2026-03-14,Beauty,Perfume,East,Kolkata,Loyal,2,2027.51,0.15,Cash on Delivery,Delivered,1098.16,4055.02,608.2529999999999,3446.767,2196.32,1250.4469999999997,36.278837530938404,3446.767,1250.4469999999997
ORD-102136,2026-03-14,Electronics,Wireless Headphones,North,Jaipur,Loyal,1,2500.33,0.15,Credit Card,Delivered,1681.35,2500.33,375.04949999999997,2125.2805,1681.35,443.93049999999994,20.88808983096584,2125.2805,443.93049999999994
ORD-100788,2026-03-14,Fashion,Sneakers,West,Pune,Returning,1,2904.11,0.05,Credit Card,Cancelled,1810.92,2904.11,145.2055,2758.9045,1810.92,947.9845,34.3609030323449,0.0,0.0
ORD-102256,2026-03-14,Electronics,Power Bank,North,Jaipur,New,1,1262.55,0.1,Debit Card,Delivered,809.79,1262.55,126.255,1136.295,809.79,326.5050000000001,28.734175544202877,1136.295,326.5050000000001
ORD-101062,2026-03-15,Sports,Resistance Bands,East,Patna,Returning,1,688.85,0.1,Credit Card,Delivered,292.45,688.85,68.885,619.965,292.45,327.51500000000004,52.827982224803016,619.965,327.51500000000004
ORD-101547,2026-03-15,Beauty,Perfume,East,Patna,Returning,2,2005.66,0.15,Debit Card,Delivered,1132.16,4011.32,601.698,3409.6220000000003,2264.32,1145.3020000000001,33.590292413645855,3409.6220000000003,1145.3020000000001
ORD-101149,2026-03-16,Home & Kitchen,Mixer Grinder,South,Hyderabad,New,1,3047.75,0.1,Net Banking,Delivered,1807.56,3047.75,304.77500000000003,2742.975,1807.56,935.415,34.102206545812486,2742.975,935.415
ORD-100587,2026-03-16,Sports,Running Shoes,East,Guwahati,Returning,2,3564.51,0.2,UPI,Delivered,2053.09,7129.02,1425.804,5703.216,4106.18,1597.036,28.002376203180802,5703.216,1597.036
ORD-103268,2026-03-17,Fashion,Denim Jacket,North,Delhi,Returning,2,2484.5,0.0,Credit Card,Delivered,1498.44,4969.0,0.0,4969.0,2996.88,1972.12,39.68846850472932,4969.0,1972.12
ORD-102718,2026-03-17,Home & Kitchen,Water Bottle,South,Hyderabad,Loyal,2,729.72,0.05,Debit Card,Returned,298.43,1459.44,72.97200000000001,1386.468,596.86,789.6080000000001,56.951043947642496,0.0,0.0
ORD-100941,2026-03-17,Sports,Sports Bag,North,Delhi,Returning,2,1590.57,0.2,UPI,Delivered,863.09,3181.14,636.2280000000001,2544.912,1726.18,818.7319999999997,32.17132851744971,2544.912,818.7319999999997
ORD-101183,2026-03-17,Home & Kitchen,Storage Box Set,West,Surat,Returning,1,1015.71,0.05,Net Banking,Delivered,516.83,1015.71,50.785500000000006,964.9245000000001,516.83,448.09450000000004,46.43829646775473,964.9245000000001,448.09450000000004
ORD-102517,2026-03-18,Fashion,Denim Jacket,North,Jaipur,Returning,2,2444.23,0.05,Credit Card,Delivered,1467.87,4888.46,244.423,4644.037,2935.74,1708.2970000000005,36.78474137910616,4644.037,1708.2970000000005
ORD-101614,2026-03-19,Home & Kitchen,Storage Box Set,East,Bhubaneswar,Returning,3,974.52,0.0,UPI,Delivered,507.01,2923.56,0.0,2923.56,1521.03,1402.53,47.973361244510116,2923.56,1402.53
ORD-100422,2026-03-19,Electronics,Smart Watch,South,Bengaluru,New,1,3970.35,0.0,UPI,Delivered,2733.79,3970.35,0.0,3970.35,2733.79,1236.56,31.14486128426965,3970.35,1236.56
ORD-100666,2026-03-20,Electronics,Wireless Headphones,West,Ahmedabad,New,2,2565.44,0.1,Credit Card,Delivered,1616.34,5130.88,513.0880000000001,4617.792,3232.68,1385.1120000000005,29.99511454825164,4617.792,1385.1120000000005
ORD-100175,2026-03-21,Electronics,Power Bank,Central,Nagpur,Returning,1,1360.34,0.0,UPI,Delivered,812.86,1360.34,0.0,1360.34,812.86,547.4799999999999,40.24582089771675,1360.34,547.4799999999999
ORD-100875,2026-03-21,Home & Kitchen,Mixer Grinder,East,Patna,New,4,3048.74,0.05,Cash on Delivery,Cancelled,1818.39,12194.96,609.7479999999999,11585.212,7273.56,4311.651999999999,37.21685887146475,0.0,0.0
ORD-100184,2026-03-21,Beauty,Hair Dryer,West,Mumbai,New,2,2281.54,0.15,Credit Card,Delivered,1308.97,4563.08,684.462,3878.618,2617.94,1260.6779999999999,32.503278229513704,3878.618,1260.6779999999999
ORD-102075,2026-03-21,Beauty,Hair Dryer,West,Pune,Returning,2,2309.69,0.0,Credit Card,Delivered,1271.04,4619.38,0.0,4619.38,2542.08,2077.3,44.96923829604839,4619.38,2077.3
ORD-100008,2026-03-21,Sports,Running Shoes,South,Hyderabad,New,1,3371.65,0.05,UPI,Delivered,2171.94,3371.65,168.5825,3203.0675,2171.94,1031.1275,32.19187544439822,3203.0675,1031.1275
ORD-100866,2026-03-22,Fashion,Denim Jacket,Central,Nagpur,Returning,4,2420.68,0.1,UPI,Delivered,1506.95,9682.72,968.2719999999999,8714.448,6027.8,2686.648,30.82981274315941,8714.448,2686.648
ORD-101472,2026-03-22,Beauty,Face Serum,South,Bengaluru,Returning,1,863.98,0.15,UPI,Delivered,434.32,863.98,129.597,734.383,434.32,300.06300000000005,40.85919744874269,734.383,300.06300000000005
ORD-101733,2026-03-23,Beauty,Hair Dryer,West,Surat,New,4,2225.48,0.05,Debit Card,Delivered,1282.05,8901.92,445.096,8456.824,5128.2,3328.6240000000007,39.360213716165795,8456.824,3328.6240000000007
ORD-100086,2026-03-23,Electronics,Power Bank,Central,Bhopal,Loyal,1,1334.0,0.15,UPI,Delivered,829.13,1334.0,200.1,1133.9,829.13,304.7700000000001,26.878031572449075,1133.9,304.7700000000001
ORD-102501,2026-03-23,Fashion,Backpack,North,Lucknow,New,2,1457.85,0.0,Cash on Delivery,Delivered,866.73,2915.7,0.0,2915.7,1733.46,1182.2399999999998,40.547381417841336,2915.7,1182.2399999999998
ORD-100204,2026-03-23,Sports,Dumbbell Set,West,Surat,New,1,2581.0,0.2,Debit Card,Delivered,1543.08,2581.0,516.2,2064.8,1543.08,521.7200000000003,25.267338240991872,2064.8,521.7200000000003
ORD-103221,2026-03-23,Home & Kitchen,Mixer Grinder,South,Chennai,Returning,2,3014.06,0.1,UPI,Delivered,1822.74,6028.12,602.812,5425.308,3645.48,1779.828,32.80602686520286,5425.308,1779.828
ORD-100043,2026-03-23,Electronics,Wireless Headphones,North,Delhi,New,1,2439.47,0.05,Debit Card,Delivered,1649.09,2439.47,121.9735,2317.4964999999997,1649.09,668.4064999999998,28.84174798106491,2317.4964999999997,668.4064999999998
ORD-102211,2026-03-23,Fashion,T-Shirt,South,Chennai,New,1,808.73,0.1,Credit Card,Returned,435.39,808.73,80.873,727.857,435.39,292.467,40.181931340908996,0.0,0.0
ORD-101303,2026-03-23,Home & Kitchen,Mixer Grinder,North,Delhi,Loyal,2,3140.54,0.1,UPI,Delivered,1910.04,6281.08,628.1080000000001,5652.972,3820.08,1832.8919999999998,32.42351103101165,5652.972,1832.8919999999998
ORD-102375,2026-03-23,Sports,Yoga Mat,Central,Nagpur,Loyal,5,1013.28,0.1,Net Banking,Delivered,498.81,5066.4,506.64,4559.759999999999,2494.05,2065.709999999999,45.30304226538237,4559.759999999999,2065.709999999999
ORD-102181,2026-03-23,Home & Kitchen,Mixer Grinder,Central,Bhopal,New,2,3002.43,0.1,Credit Card,Delivered,1922.42,6004.86,600.486,5404.374,3844.84,1559.5339999999997,28.85688518226162,5404.374,1559.5339999999997
ORD-100932,2026-03-23,Sports,Dumbbell Set,West,Pune,New,1,2611.11,0.15,UPI,Delivered,1465.45,2611.11,391.6665,2219.4435000000003,1465.45,753.9935000000003,33.972187172144736,2219.4435000000003,753.9935000000003
ORD-100982,2026-03-24,Fashion,Hoodie,West,Ahmedabad,New,2,1782.09,0.0,UPI,Delivered,996.33,3564.18,0.0,3564.18,1992.66,1571.5199999999998,44.09204922310321,3564.18,1571.5199999999998
ORD-102141,2026-03-24,Electronics,Bluetooth Speaker,South,Hyderabad,Loyal,2,1953.13,0.15,Debit Card,Delivered,1233.27,3906.26,585.939,3320.3210000000004,2466.54,853.7810000000004,25.71380899617839,3320.3210000000004,853.7810000000004
ORD-103105,2026-03-24,Electronics,Bluetooth Speaker,North,Delhi,New,4,1866.42,0.0,UPI,Returned,1212.24,7465.68,0.0,7465.68,4848.96,2616.7200000000003,35.0499887485132,0.0,0.0
ORD-101348,2026-03-24,Fashion,Denim Jacket,West,Pune,Returning,2,2607.26,0.1,Cash on Delivery,Delivered,1487.08,5214.52,521.4520000000001,4693.068,2974.16,1718.9080000000004,36.6265308748989,4693.068,1718.9080000000004
ORD-102120,2026-03-24,Fashion,T-Shirt,North,Jaipur,Loyal,2,789.66,0.0,Credit Card,Delivered,438.66,1579.32,0.0,1579.32,877.32,701.9999999999999,44.4495099156599,1579.32,701.9999999999999
ORD-101595,2026-03-24,Fashion,Hoodie,Central,Indore,Loyal,1,1805.23,0.05,Credit Card,Delivered,999.62,1805.23,90.26150000000001,1714.9685,999.62,715.3485,41.712048938508204,1714.9685,715.3485
ORD-101194,2026-03-25,Electronics,Smart Watch,North,Jaipur,Returning,1,3914.08,0.05,Credit Card,Delivered,2801.9,3914.08,195.704,3718.3759999999997,2801.9,916.4759999999997,24.647211578387974,3718.3759999999997,916.4759999999997
ORD-102842,2026-03-26,Fashion,Denim Jacket,North,Lucknow,Returning,4,2564.22,0.2,Credit Card,Delivered,1480.68,10256.88,2051.3759999999997,8205.503999999999,5922.72,2282.7839999999987,27.82015583686266,8205.503999999999,2282.7839999999987
ORD-103068,2026-03-26,Fashion,Sneakers,North,Delhi,Loyal,1,3085.98,0.15,Net Banking,Delivered,1855.69,3085.98,462.897,2623.083,1855.69,767.393,29.255383836500787,2623.083,767.393
ORD-100110,2026-03-26,Electronics,USB-C Hub,South,Chennai,Returning,3,990.7,0.0,Net Banking,Delivered,575.4,2972.1000000000004,0.0,2972.1000000000004,1726.1999999999998,1245.9000000000005,41.91985464822854,2972.1000000000004,1245.9000000000005
ORD-100223,2026-03-26,Beauty,Hair Care Combo,East,Guwahati,Returning,2,1307.12,0.05,UPI,Delivered,669.33,2614.24,130.712,2483.528,1338.66,1144.8679999999997,46.09845349035726,2483.528,1144.8679999999997
ORD-103005,2026-03-26,Sports,Dumbbell Set,North,Delhi,Returning,3,2601.72,0.0,UPI,Delivered,1463.25,7805.16,0.0,7805.16,4389.75,3415.41,43.75835985425026,7805.16,3415.41
ORD-102155,2026-03-26,Fashion,Sneakers,Central,Indore,New,2,2969.38,0.15,Debit Card,Delivered,1785.7,5938.76,890.814,5047.946,3571.4,1476.5459999999998,29.250431759769217,5047.946,1476.5459999999998
ORD-101041,2026-03-27,Beauty,Perfume,North,Delhi,New,1,1970.95,0.05,Debit Card,Delivered,1129.94,1970.95,98.54750000000001,1872.4025000000001,1129.94,742.4625000000001,39.652932529197116,1872.4025000000001,742.4625000000001
ORD-101064,2026-03-27,Electronics,Wireless Headphones,South,Kochi,Loyal,2,2409.06,0.05,Credit Card,Delivered,1667.92,4818.12,240.906,4577.214,3335.84,1241.3739999999998,27.12073326700477,4577.214,1241.3739999999998
ORD-102774,2026-03-27,Sports,Resistance Bands,East,Bhubaneswar,Returning,2,707.36,0.1,Net Banking,Delivered,297.7,1414.72,141.472,1273.248,595.4,677.8480000000001,53.23770388800925,1273.248,677.8480000000001
ORD-101539,2026-03-27,Electronics,USB-C Hub,East,Kolkata,New,3,1002.74,0.0,UPI,Delivered,591.65,3008.2200000000003,0.0,3008.2200000000003,1774.9499999999998,1233.2700000000004,40.99666912659315,3008.2200000000003,1233.2700000000004
ORD-102707,2026-03-27,Electronics,Bluetooth Speaker,North,Chandigarh,New,2,1823.14,0.0,UPI,Delivered,1228.45,3646.28,0.0,3646.28,2456.9,1189.38,32.618997992474526,3646.28,1189.38
ORD-102799,2026-03-28,Beauty,Face Serum,South,Hyderabad,Returning,2,897.71,0.0,Cash on Delivery,Delivered,436.06,1795.42,0.0,1795.42,872.12,923.3000000000001,51.42529324614854,1795.42,923.3000000000001
ORD-102820,2026-03-28,Home & Kitchen,Storage Box Set,North,Delhi,Returning,2,1040.65,0.05,Credit Card,Delivered,524.24,2081.3,104.06500000000001,1977.2350000000001,1048.48,928.7550000000001,46.97241349662534,1977.2350000000001,928.7550000000001
ORD-103050,2026-03-28,Beauty,Perfume,West,Surat,Returning,1,2058.77,0.05,Debit Card,Delivered,1115.64,2058.77,102.9385,1955.8315,1115.64,840.1914999999999,42.95827631368039,1955.8315,840.1914999999999
ORD-103065,2026-03-28,Fashion,Sneakers,Central,Nagpur,New,2,2964.49,0.05,Debit Card,Delivered,1820.43,5928.98,296.449,5632.531,3640.86,1991.6709999999998,35.36014271381728,5632.531,1991.6709999999998
ORD-101600,2026-03-28,Fashion,Backpack,West,Pune,New,1,1443.89,0.0,Credit Card,Delivered,864.45,1443.89,0.0,1443.89,864.45,579.44,40.130480853804656,1443.89,579.44
ORD-103490,2026-03-29,Home & Kitchen,Coffee Maker,South,Kochi,Returning,1,3601.68,0.0,Credit Card,Delivered,2188.72,3601.68,0.0,3601.68,2188.72,1412.96,39.230581284289556,3601.68,1412.96
ORD-101317,2026-03-29,Fashion,Sneakers,Central,Raipur,New,3,3019.78,0.0,Debit Card,Delivered,1854.38,9059.34,0.0,9059.34,5563.14,3496.2,38.59221532694435,9059.34,3496.2
ORD-100892,2026-03-29,Beauty,Hair Care Combo,East,Guwahati,Loyal,1,1351.43,0.1,Credit Card,Returned,640.58,1351.43,135.143,1216.287,640.58,575.707,47.33315409932031,0.0,0.0
ORD-100906,2026-03-29,Sports,Sports Bag,North,Lucknow,Returning,1,1622.81,0.05,Credit Card,Delivered,837.11,1622.81,81.1405,1541.6695,837.11,704.5595,45.701072765595995,1541.6695,704.5595
ORD-100541,2026-03-29,Sports,Running Shoes,South,Chennai,Loyal,1,3630.07,0.0,Credit Card,Delivered,2038.54,3630.07,0.0,3630.07,2038.54,1591.5300000000002,43.84295619643699,3630.07,1591.5300000000002
ORD-101045,2026-03-29,Beauty,Face Serum,North,Chandigarh,New,3,915.73,0.15,Debit Card,Delivered,424.99,2747.19,412.0785,2335.1115,1274.97,1060.1415,45.40003764274211,2335.1115,1060.1415
ORD-101522,2026-03-30,Home & Kitchen,Mixer Grinder,South,Kochi,Returning,1,2964.35,0.0,Debit Card,Delivered,1868.77,2964.35,0.0,2964.35,1868.77,1095.58,36.95852379105031,2964.35,1095.58
ORD-101894,2026-03-30,Electronics,Power Bank,North,Delhi,New,1,1259.9,0.15,UPI,Delivered,816.38,1259.9,188.985,1070.915,816.38,254.53499999999997,23.767992791211253,1070.915,254.53499999999997
ORD-103135,2026-03-30,Sports,Sports Bag,North,Delhi,New,2,1668.24,0.0,UPI,Delivered,877.04,3336.48,0.0,3336.48,1754.08,1582.4,47.42722869611087,3336.48,1582.4
ORD-102408,2026-03-30,Electronics,Smart Watch,West,Mumbai,Loyal,4,3894.78,0.05,Credit Card,Delivered,2656.82,15579.12,778.9560000000001,14800.164,10627.28,4172.884,28.194849732746203,14800.164,4172.884
ORD-102245,2026-03-30,Electronics,Power Bank,North,Lucknow,Returning,1,1310.03,0.0,UPI,Delivered,779.9,1310.03,0.0,1310.03,779.9,530.13,40.467012205827345,1310.03,530.13
ORD-101077,2026-03-30,Fashion,T-Shirt,North,Lucknow,Returning,1,771.23,0.05,Cash on Delivery,Delivered,440.57,771.23,38.5615,732.6685,440.57,292.0985,39.8677573827727,732.6685,292.0985
ORD-103151,2026-03-31,Fashion,Denim Jacket,East,Guwahati,Loyal,4,2463.54,0.05,Credit Card,Cancelled,1487.55,9854.16,492.708,9361.452,5950.2,3411.2519999999995,36.43934722946825,0.0,0.0
ORD-103446,2026-03-31,Sports,Running Shoes,West,Mumbai,New,1,3498.26,0.2,Credit Card,Delivered,2070.99,3498.26,699.652,2798.608,2070.99,727.6180000000004,25.999282500443087,2798.608,727.6180000000004
ORD-102055,2026-04-01,Electronics,Power Bank,West,Surat,Returning,1,1259.87,0.0,UPI,Delivered,824.0,1259.87,0.0,1259.87,824.0,435.8699999999999,34.59642661544444,1259.87,435.8699999999999
ORD-102295,2026-04-01,Fashion,Sneakers,North,Chandigarh,Returning,4,3008.06,0.0,Credit Card,Delivered,1815.55,12032.24,0.0,12032.24,7262.2,4770.04,39.64382359394427,12032.24,4770.04
ORD-101276,2026-04-01,Electronics,Bluetooth Speaker,North,Chandigarh,Returning,4,1972.82,0.0,Debit Card,Delivered,1232.54,7891.28,0.0,7891.28,4930.16,2961.12,37.52395048711996,7891.28,2961.12
ORD-102353,2026-04-01,Home & Kitchen,Water Bottle,North,Jaipur,Returning,1,730.24,0.0,Credit Card,Delivered,301.87,730.24,0.0,730.24,301.87,428.37,58.66153593339176,730.24,428.37
ORD-101197,2026-04-01,Fashion,Sneakers,Central,Nagpur,New,1,3065.35,0.0,Debit Card,Cancelled,1835.12,3065.35,0.0,3065.35,1835.12,1230.23,40.13342685174614,0.0,0.0
ORD-102941,2026-04-02,Fashion,Sneakers,North,Chandigarh,Returning,2,2938.04,0.15,UPI,Delivered,1765.93,5876.08,881.4119999999999,4994.668,3531.86,1462.8079999999995,29.287392074908674,4994.668,1462.8079999999995
ORD-100430,2026-04-02,Sports,Yoga Mat,North,Chandigarh,Returning,2,998.03,0.05,Debit Card,Delivered,514.6,1996.06,99.803,1896.257,1029.2,867.057,45.72465652071423,1896.257,867.057
ORD-102981,2026-04-03,Fashion,Backpack,North,Chandigarh,Returning,3,1455.84,0.2,UPI,Delivered,853.66,4367.5199999999995,873.5039999999999,3494.0159999999996,2560.98,933.0359999999996,26.703827343664134,3494.0159999999996,933.0359999999996
ORD-100774,2026-04-03,Home & Kitchen,Air Fryer,West,Pune,Loyal,1,5157.44,0.0,Credit Card,Delivered,3213.79,5157.44,0.0,5157.44,3213.79,1943.6499999999996,37.686332754234655,5157.44,1943.6499999999996
ORD-100015,2026-04-03,Electronics,Smart Watch,West,Pune,Returning,3,4137.42,0.0,UPI,Delivered,2660.41,12412.26,0.0,12412.26,7981.23,4431.030000000001,35.69881713724979,12412.26,4431.030000000001
ORD-100177,2026-04-03,Fashion,Hoodie,Central,Indore,Returning,1,1830.04,0.0,Cash on Delivery,Delivered,1038.84,1830.04,0.0,1830.04,1038.84,791.2,43.234027671526306,1830.04,791.2
ORD-100212,2026-04-03,Fashion,Hoodie,West,Ahmedabad,Returning,2,1888.83,0.1,Net Banking,Cancelled,1010.5,3777.66,377.766,3399.894,2021.0,1378.8939999999998,40.556970305544816,0.0,0.0
ORD-101332,2026-04-03,Electronics,Smart Watch,East,Guwahati,New,1,4143.08,0.15,Debit Card,Delivered,2759.85,4143.08,621.462,3521.618,2759.85,761.768,21.63119338894792,3521.618,761.768
ORD-101675,2026-04-03,Electronics,USB-C Hub,West,Surat,Returning,2,973.44,0.05,Credit Card,Delivered,583.49,1946.88,97.34400000000001,1849.536,1166.98,682.556,36.90417488494412,1849.536,682.556
ORD-101750,2026-04-04,Sports,Resistance Bands,Central,Raipur,Returning,1,694.48,0.1,Net Banking,Delivered,304.93,694.48,69.44800000000001,625.032,304.93,320.10200000000003,51.21369785866964,625.032,320.10200000000003
ORD-103093,2026-04-04,Electronics,Bluetooth Speaker,South,Hyderabad,New,1,1847.24,0.1,Net Banking,Delivered,1233.92,1847.24,184.72400000000002,1662.516,1233.92,428.596,25.7799624184068,1662.516,428.596
ORD-102131,2026-04-04,Beauty,Hair Care Combo,East,Guwahati,New,4,1328.8,0.05,Credit Card,Cancelled,643.7,5315.2,265.76,5049.44,2574.8,2474.6399999999994,49.008206850660656,0.0,0.0
ORD-102019,2026-04-05,Home & Kitchen,Water Bottle,East,Patna,New,1,681.75,0.1,Debit Card,Delivered,291.96,681.75,68.175,613.575,291.96,321.61500000000007,52.41657499083242,613.575,321.61500000000007
ORD-100395,2026-04-05,Fashion,Backpack,South,Chennai,New,2,1494.2,0.0,UPI,Delivered,835.07,2988.4,0.0,2988.4,1670.14,1318.26,44.112568598581184,2988.4,1318.26
ORD-101903,2026-04-05,Fashion,T-Shirt,South,Hyderabad,New,4,776.53,0.0,Debit Card,Delivered,431.38,3106.12,0.0,3106.12,1725.52,1380.6,44.447735438424786,3106.12,1380.6
ORD-100236,2026-04-05,Sports,Yoga Mat,South,Bengaluru,Loyal,1,1041.2,0.1,Credit Card,Delivered,517.39,1041.2,104.12,937.08,517.39,419.69000000000005,44.786997908396295,937.08,419.69000000000005
ORD-102064,2026-04-05,Electronics,Power Bank,South,Chennai,New,2,1316.15,0.1,Cash on Delivery,Delivered,801.51,2632.3,263.23,2369.07,1603.02,766.0500000000002,32.33547341361801,2369.07,766.0500000000002
ORD-102969,2026-04-05,Fashion,Backpack,East,Bhubaneswar,Returning,2,1469.93,0.15,UPI,Delivered,867.16,2939.86,440.979,2498.8810000000003,1734.32,764.5610000000004,30.596134829949897,2498.8810000000003,764.5610000000004
ORD-102985,2026-04-05,Sports,Yoga Mat,Central,Bhopal,New,2,982.25,0.1,UPI,Delivered,490.06,1964.5,196.45000000000002,1768.05,980.12,787.93,44.56491615056135,1768.05,787.93
ORD-101208,2026-04-05,Electronics,Bluetooth Speaker,Central,Raipur,Returning,1,1857.93,0.05,UPI,Cancelled,1247.73,1857.93,92.8965,1765.0335,1247.73,517.3035,29.308423891104617,0.0,0.0
ORD-101641,2026-04-06,Electronics,Bluetooth Speaker,North,Chandigarh,Returning,3,1909.14,0.05,Credit Card,Delivered,1165.81,5727.42,286.37100000000004,5441.049,3497.43,1943.6190000000001,35.7214022516614,5441.049,1943.6190000000001
ORD-102938,2026-04-06,Fashion,Backpack,West,Mumbai,Returning,1,1571.28,0.05,UPI,Cancelled,876.26,1571.28,78.56400000000001,1492.716,876.26,616.4559999999999,41.29760785038815,0.0,0.0
ORD-100727,2026-04-06,Electronics,Bluetooth Speaker,North,Jaipur,Returning,1,1878.14,0.1,Debit Card,Delivered,1228.92,1878.14,187.81400000000002,1690.326,1228.92,461.40599999999995,27.296864628479945,1690.326,461.40599999999995
ORD-103400,2026-04-06,Electronics,Bluetooth Speaker,South,Hyderabad,New,4,1837.96,0.0,UPI,Cancelled,1235.1,7351.84,0.0,7351.84,4940.4,2411.4400000000005,32.800496202311265,0.0,0.0
ORD-102793,2026-04-06,Sports,Resistance Bands,West,Mumbai,Loyal,4,725.2,0.0,Cash on Delivery,Cancelled,309.67,2900.8,0.0,2900.8,1238.68,1662.1200000000001,57.29867622724766,0.0,0.0
ORD-100697,2026-04-06,Electronics,USB-C Hub,East,Bhubaneswar,New,1,997.76,0.2,UPI,Delivered,581.8,997.76,199.55200000000002,798.208,581.8,216.40800000000002,27.111730275817834,798.208,216.40800000000002
ORD-100225,2026-04-06,Electronics,USB-C Hub,Central,Indore,New,2,991.21,0.15,UPI,Delivered,607.82,1982.42,297.363,1685.057,1215.64,469.4169999999999,27.85763330261231,1685.057,469.4169999999999
ORD-100174,2026-04-06,Fashion,Sneakers,South,Kochi,New,2,2924.37,0.1,Credit Card,Delivered,1782.01,5848.74,584.874,5263.866,3564.02,1699.846,32.29272933619511,5263.866,1699.846
ORD-101119,2026-04-07,Sports,Dumbbell Set,North,Chandigarh,Returning,3,2521.18,0.05,UPI,Delivered,1532.04,7563.539999999999,378.17699999999996,7185.362999999999,4596.12,2589.2429999999995,36.0349644130714,7185.362999999999,2589.2429999999995
ORD-102598,2026-04-07,Sports,Dumbbell Set,North,Delhi,Returning,2,2495.99,0.0,UPI,Delivered,1551.54,4991.98,0.0,4991.98,3103.08,1888.8999999999996,37.838693263995445,4991.98,1888.8999999999996
ORD-100461,2026-04-07,Sports,Running Shoes,West,Ahmedabad,Returning,3,3425.54,0.05,Net Banking,Delivered,2145.98,10276.619999999999,513.831,9762.788999999999,6437.9400000000005,3324.8489999999983,34.056343940240836,9762.788999999999,3324.8489999999983
ORD-102855,2026-04-07,Home & Kitchen,Air Fryer,South,Chennai,New,1,4852.83,0.05,UPI,Delivered,3336.85,4852.83,242.6415,4610.1885,3336.85,1273.3385000000003,27.620096228169416,4610.1885,1273.3385000000003
ORD-100793,2026-04-07,Fashion,Hoodie,South,Kochi,Returning,1,1795.39,0.1,Credit Card,Delivered,1024.29,1795.39,179.53900000000002,1615.851,1024.29,591.5610000000001,36.60987306379116,1615.851,591.5610000000001
ORD-100681,2026-04-07,Beauty,Skin Care Kit,North,Delhi,Loyal,2,1673.21,0.0,UPI,Delivered,828.23,3346.42,0.0,3346.42,1656.46,1689.96,50.50053489998266,3346.42,1689.96
ORD-101598,2026-04-08,Home & Kitchen,Coffee Maker,South,Bengaluru,Returning,1,3581.62,0.0,Debit Card,Returned,2277.91,3581.62,0.0,3581.62,2277.91,1303.71,36.4000089345045,0.0,0.0
ORD-102859,2026-04-08,Electronics,Wireless Headphones,North,Lucknow,Returning,2,2512.45,0.0,Credit Card,Delivered,1625.39,5024.9,0.0,5024.9,3250.78,1774.1199999999994,35.3065732651396,5024.9,1774.1199999999994
ORD-101137,2026-04-08,Electronics,Wireless Headphones,South,Hyderabad,New,2,2579.12,0.0,UPI,Delivered,1613.26,5158.24,0.0,5158.24,3226.52,1931.7199999999998,37.44920748162164,5158.24,1931.7199999999998
ORD-102067,2026-04-08,Fashion,Hoodie,South,Bengaluru,New,2,1732.98,0.0,Credit Card,Delivered,1000.62,3465.96,0.0,3465.96,2001.24,1464.72,42.26015303119482,3465.96,1464.72
ORD-100318,2026-04-09,Sports,Yoga Mat,East,Patna,Returning,2,982.41,0.0,UPI,Delivered,514.4,1964.82,0.0,1964.82,1028.8,936.02,47.638969473030606,1964.82,936.02
ORD-102018,2026-04-09,Fashion,T-Shirt,East,Guwahati,Loyal,1,819.24,0.05,Net Banking,Delivered,428.79,819.24,40.962,778.278,428.79,349.488,44.90529091147379,778.278,349.488
ORD-101670,2026-04-09,Sports,Dumbbell Set,South,Hyderabad,New,1,2574.15,0.0,UPI,Delivered,1468.25,2574.15,0.0,2574.15,1468.25,1105.9,42.961754365518715,2574.15,1105.9
ORD-101785,2026-04-09,Home & Kitchen,Mixer Grinder,West,Surat,Loyal,1,2966.85,0.2,UPI,Delivered,1912.28,2966.85,593.37,2373.48,1912.28,461.20000000000005,19.431383453831508,2373.48,461.20000000000005
ORD-100676,2026-04-09,Beauty,Face Serum,East,Bhubaneswar,Loyal,2,930.19,0.0,Credit Card,Delivered,435.68,1860.38,0.0,1860.38,871.36,989.0200000000001,53.16225717326568,1860.38,989.0200000000001
ORD-101879,2026-04-09,Home & Kitchen,Coffee Maker,North,Chandigarh,New,3,3432.66,0.0,Debit Card,Delivered,2134.23,10297.98,0.0,10297.98,6402.6900000000005,3895.289999999999,37.825767771931964,10297.98,3895.289999999999
ORD-102268,2026-04-10,Fashion,Backpack,South,Chennai,Returning,2,1440.51,0.1,UPI,Delivered,849.93,2881.02,288.10200000000003,2592.918,1699.86,893.0580000000002,34.442199869027874,2592.918,893.0580000000002
ORD-103047,2026-04-10,Electronics,Bluetooth Speaker,South,Kochi,Returning,3,1901.68,0.1,UPI,Delivered,1165.9,5705.04,570.504,5134.536,3497.7000000000003,1636.8359999999998,31.878946802593255,5134.536,1636.8359999999998
ORD-100713,2026-04-10,Electronics,Power Bank,South,Bengaluru,Returning,5,1295.82,0.1,Debit Card,Delivered,792.88,6479.099999999999,647.91,5831.19,3964.4,1866.7899999999995,32.0138770988426,5831.19,1866.7899999999995
ORD-100731,2026-04-10,Fashion,Sneakers,South,Kochi,Returning,1,3055.78,0.1,UPI,Delivered,1833.64,3055.78,305.57800000000003,2750.202,1833.64,916.5620000000001,33.327079247269836,2750.202,916.5620000000001
ORD-103354,2026-04-10,Home & Kitchen,Water Bottle,South,Chennai,New,1,688.85,0.15,Debit Card,Delivered,299.04,688.85,103.3275,585.5225,299.04,286.4825,48.92766716906694,585.5225,286.4825
ORD-102691,2026-04-11,Electronics,Bluetooth Speaker,South,Kochi,Returning,5,1846.69,0.1,Debit Card,Delivered,1210.26,9233.45,923.3450000000001,8310.105000000001,6051.3,2258.805000000001,27.18142550545391,8310.105000000001,2258.805000000001
ORD-103245,2026-04-11,Home & Kitchen,Coffee Maker,East,Guwahati,New,1,3446.21,0.05,UPI,Delivered,2177.77,3446.21,172.31050000000002,3273.8995,2177.77,1096.1295,33.48085364257516,3273.8995,1096.1295
ORD-100317,2026-04-11,Fashion,Backpack,Central,Bhopal,New,3,1510.41,0.0,UPI,Delivered,851.4,4531.2300000000005,0.0,4531.2300000000005,2554.2,1977.0300000000007,43.63119947563908,4531.2300000000005,1977.0300000000007
ORD-103280,2026-04-11,Electronics,Smart Watch,South,Hyderabad,Loyal,1,3957.91,0.05,Net Banking,Delivered,2740.3,3957.91,197.8955,3760.0144999999998,2740.3,1019.7144999999996,27.119961904402224,3760.0144999999998,1019.7144999999996
ORD-100760,2026-04-11,Home & Kitchen,Coffee Maker,East,Guwahati,New,1,3638.1,0.1,UPI,Delivered,2252.1,3638.1,363.81,3274.29,2252.1,1022.19,31.21867641534501,3274.29,1022.19
ORD-102709,2026-04-12,Electronics,USB-C Hub,North,Lucknow,Returning,3,959.7,0.05,Net Banking,Delivered,604.74,2879.1000000000004,143.955,2735.1450000000004,1814.22,920.9250000000004,33.67006136786168,2735.1450000000004,920.9250000000004
ORD-101033,2026-04-12,Home & Kitchen,Mixer Grinder,Central,Raipur,New,3,3142.81,0.1,Credit Card,Delivered,1872.26,9428.43,942.8430000000001,8485.587,5616.78,2868.807,33.80799701894519,8485.587,2868.807
ORD-101724,2026-04-12,Fashion,Hoodie,North,Jaipur,Loyal,1,1744.38,0.0,UPI,Returned,1032.81,1744.38,0.0,1744.38,1032.81,711.5700000000002,40.79214391359681,0.0,0.0
ORD-100737,2026-04-12,Beauty,Perfume,East,Patna,Returning,1,1926.04,0.1,Net Banking,Delivered,1070.74,1926.04,192.604,1733.436,1070.74,662.6959999999999,38.230197134477415,1733.436,662.6959999999999
ORD-102573,2026-04-12,Home & Kitchen,Air Fryer,South,Hyderabad,Returning,2,4916.42,0.1,UPI,Delivered,3378.63,9832.84,983.2840000000001,8849.556,6757.26,2092.2960000000003,23.642948866587208,8849.556,2092.2960000000003
ORD-101009,2026-04-13,Home & Kitchen,Storage Box Set,North,Lucknow,Loyal,1,1016.21,0.05,UPI,Delivered,515.84,1016.21,50.810500000000005,965.3995,515.84,449.55949999999996,46.56719834638406,965.3995,449.55949999999996
ORD-101714,2026-04-13,Fashion,Denim Jacket,Central,Raipur,New,1,2556.09,0.05,Credit Card,Delivered,1408.11,2556.09,127.80450000000002,2428.2855,1408.11,1020.1755,42.01217278610773,2428.2855,1020.1755
ORD-103031,2026-04-13,Fashion,Denim Jacket,North,Lucknow,New,3,2485.91,0.15,UPI,Delivered,1409.61,7457.73,1118.6595,6339.0705,4228.83,2110.2405,33.28943099780954,6339.0705,2110.2405
ORD-101218,2026-04-13,Fashion,Backpack,East,Patna,New,2,1567.38,0.05,Debit Card,Delivered,843.68,3134.76,156.73800000000003,2978.0220000000004,1687.36,1290.6620000000005,43.33957237387771,2978.0220000000004,1290.6620000000005
ORD-102087,2026-04-13,Home & Kitchen,Air Fryer,South,Chennai,Returning,1,5068.95,0.05,Credit Card,Delivered,3299.28,5068.95,253.4475,4815.5025,3299.28,1516.2224999999994,31.486277911806702,4815.5025,1516.2224999999994
ORD-103473,2026-04-14,Electronics,Bluetooth Speaker,South,Chennai,New,2,1913.58,0.05,Cash on Delivery,Delivered,1172.62,3827.16,191.358,3635.8019999999997,2345.24,1290.562,35.49593734752332,3635.8019999999997,1290.562
ORD-102965,2026-04-14,Home & Kitchen,Coffee Maker,South,Hyderabad,New,2,3670.41,0.0,Debit Card,Delivered,2155.67,7340.82,0.0,7340.82,4311.34,3029.4799999999996,41.268959053620705,7340.82,3029.4799999999996
ORD-100662,2026-04-14,Sports,Running Shoes,North,Delhi,New,3,3569.46,0.0,Credit Card,Delivered,2063.22,10708.380000000001,0.0,10708.380000000001,6189.66,4518.720000000001,42.19797952631491,10708.380000000001,4518.720000000001
ORD-101573,2026-04-14,Home & Kitchen,Air Fryer,East,Guwahati,Returning,2,5217.41,0.1,Net Banking,Delivered,3378.27,10434.82,1043.482,9391.338,6756.54,2634.798,28.055618911810008,9391.338,2634.798
ORD-100886,2026-04-14,Fashion,Hoodie,East,Kolkata,Returning,4,1826.09,0.05,Debit Card,Delivered,1006.18,7304.36,365.218,6939.142,4024.72,2914.422,41.99974578989737,6939.142,2914.422
ORD-102400,2026-04-14,Fashion,Sneakers,North,Chandigarh,Loyal,3,2992.69,0.15,UPI,Delivered,1796.0,8978.07,1346.7105,7631.3595,5388.0,2243.3594999999996,29.396590476441315,7631.3595,2243.3594999999996
ORD-101349,2026-04-14,Electronics,USB-C Hub,West,Surat,Returning,3,963.27,0.0,Cash on Delivery,Delivered,602.9,2889.81,0.0,2889.81,1808.6999999999998,1081.1100000000001,37.41111007298058,2889.81,1081.1100000000001
ORD-102057,2026-04-14,Home & Kitchen,Water Bottle,West,Ahmedabad,Returning,3,674.91,0.05,UPI,Delivered,296.58,2024.73,101.2365,1923.4935,889.74,1033.7535,53.74354007434909,1923.4935,1033.7535
ORD-101232,2026-04-14,Electronics,Wireless Headphones,West,Mumbai,New,1,2608.58,0.1,UPI,Delivered,1690.49,2608.58,260.858,2347.7219999999998,1690.49,657.2319999999997,27.99445590235981,2347.7219999999998,657.2319999999997
ORD-103014,2026-04-15,Fashion,Sneakers,South,Bengaluru,New,3,2955.8,0.0,UPI,Delivered,1790.79,8867.400000000001,0.0,8867.400000000001,5372.37,3495.0300000000016,39.41437174369039,8867.400000000001,3495.0300000000016
ORD-101860,2026-04-15,Electronics,Power Bank,North,Chandigarh,New,5,1256.18,0.1,Credit Card,Delivered,784.9,6280.900000000001,628.0900000000001,5652.81,3924.5,1728.3100000000004,30.57435151721003,5652.81,1728.3100000000004
ORD-103388,2026-04-15,Electronics,Power Bank,Central,Bhopal,Returning,2,1255.34,0.1,Credit Card,Delivered,795.82,2510.68,251.06799999999998,2259.612,1591.64,667.972,29.561358321694165,2259.612,667.972
ORD-100377,2026-04-15,Fashion,Backpack,North,Delhi,New,2,1491.98,0.0,Cash on Delivery,Delivered,856.46,2983.96,0.0,2983.96,1712.92,1271.04,42.595745251276824,2983.96,1271.04
ORD-101591,2026-04-15,Fashion,Hoodie,East,Kolkata,Loyal,3,1802.98,0.0,UPI,Returned,977.51,5408.9400000000005,0.0,5408.9400000000005,2932.5299999999997,2476.4100000000008,45.783647073178855,0.0,0.0
ORD-100557,2026-04-15,Home & Kitchen,Mixer Grinder,Central,Nagpur,Loyal,1,2989.91,0.15,Cash on Delivery,Delivered,1843.18,2989.91,448.4865,2541.4235,1843.18,698.2434999999998,27.47450395418158,2541.4235,698.2434999999998
ORD-100013,2026-04-15,Electronics,Power Bank,Central,Indore,Loyal,3,1256.07,0.1,Cash on Delivery,Delivered,783.96,3768.21,376.821,3391.389,2351.88,1039.509,30.65142335485549,3391.389,1039.509
ORD-100805,2026-04-16,Fashion,Denim Jacket,North,Delhi,Returning,2,2447.49,0.15,Net Banking,Delivered,1406.51,4894.98,734.247,4160.732999999999,2813.02,1347.7129999999993,32.39123971665568,4160.732999999999,1347.7129999999993
ORD-100215,2026-04-16,Beauty,Skin Care Kit,South,Bengaluru,Returning,5,1581.82,0.15,Credit Card,Delivered,839.9,7909.099999999999,1186.3649999999998,6722.735,4199.5,2523.2349999999997,37.532864228621236,6722.735,2523.2349999999997
ORD-103229,2026-04-16,Beauty,Face Serum,North,Lucknow,Loyal,1,922.58,0.1,UPI,Delivered,410.33,922.58,92.25800000000001,830.322,410.33,419.992,50.58182247369093,830.322,419.992
ORD-100631,2026-04-16,Beauty,Skin Care Kit,North,Jaipur,Returning,2,1588.11,0.1,Cash on Delivery,Delivered,842.09,3176.22,317.622,2858.598,1684.18,1174.418,41.08370606849931,2858.598,1174.418
ORD-101002,2026-04-16,Beauty,Perfume,West,Surat,Returning,2,1955.47,0.1,Net Banking,Delivered,1072.93,3910.94,391.09400000000005,3519.846,2145.86,1373.9859999999999,39.03540098061108,3519.846,1373.9859999999999
ORD-102344,2026-04-16,Electronics,Wireless Headphones,South,Hyderabad,Returning,2,2579.8,0.05,Debit Card,Delivered,1706.6,5159.6,257.98,4901.620000000001,3413.2,1488.420000000001,30.36587903591059,4901.620000000001,1488.420000000001
ORD-100757,2026-04-16,Sports,Resistance Bands,East,Guwahati,New,2,728.21,0.05,Debit Card,Delivered,299.16,1456.42,72.82100000000001,1383.5990000000002,598.32,785.2790000000001,56.75625668998027,1383.5990000000002,785.2790000000001
ORD-100739,2026-04-16,Electronics,Smart Watch,North,Jaipur,New,3,3897.98,0.0,Cash on Delivery,Delivered,2683.75,11693.94,0.0,11693.94,8051.25,3642.6900000000005,31.150236789311393,11693.94,3642.6900000000005
ORD-100471,2026-04-17,Fashion,Denim Jacket,North,Lucknow,Returning,1,2542.62,0.2,Credit Card,Returned,1482.48,2542.62,508.524,2034.096,1482.48,551.616,27.1184840833471,0.0,0.0
ORD-102058,2026-04-17,Home & Kitchen,Mixer Grinder,South,Chennai,Loyal,1,2987.02,0.15,UPI,Delivered,1829.98,2987.02,448.053,2538.967,1829.98,708.9870000000001,27.9242306024458,2538.967,708.9870000000001
ORD-101602,2026-04-17,Electronics,Smart Watch,North,Delhi,New,2,4012.13,0.15,Cash on Delivery,Delivered,2705.21,8024.26,1203.639,6820.621,5410.42,1410.201,20.675551390408586,6820.621,1410.201
ORD-100432,2026-04-17,Sports,Running Shoes,North,Jaipur,Returning,1,3491.25,0.1,Credit Card,Delivered,2123.33,3491.25,349.125,3142.125,2123.33,1018.7950000000001,32.42375780721646,3142.125,1018.7950000000001
ORD-101282,2026-04-17,Electronics,Power Bank,East,Kolkata,Returning,2,1247.37,0.15,Credit Card,Delivered,784.96,2494.74,374.21099999999996,2120.529,1569.92,550.6089999999999,25.96564347858482,2120.529,550.6089999999999
ORD-101449,2026-04-17,Electronics,Smart Watch,West,Surat,New,1,4005.21,0.1,Net Banking,Delivered,2703.97,4005.21,400.521,3604.689,2703.97,900.719,24.98742609972733,3604.689,900.719
ORD-103267,2026-04-17,Fashion,Backpack,South,Kochi,Loyal,3,1485.76,0.05,UPI,Delivered,877.6,4457.28,222.864,4234.416,2632.8,1601.616,37.82377546277928,4234.416,1601.616
ORD-100603,2026-04-17,Electronics,Wireless Headphones,West,Mumbai,Loyal,1,2577.98,0.0,Credit Card,Delivered,1634.32,2577.98,0.0,2577.98,1634.32,943.6600000000001,36.6046284300111,2577.98,943.6600000000001
ORD-101281,2026-04-18,Beauty,Perfume,Central,Raipur,Returning,4,1944.93,0.2,Credit Card,Delivered,1104.88,7779.72,1555.9440000000002,6223.776,4419.52,1804.2559999999994,28.9897322782825,6223.776,1804.2559999999994
ORD-103263,2026-04-18,Electronics,Bluetooth Speaker,North,Delhi,New,1,1911.93,0.1,Cash on Delivery,Delivered,1226.65,1911.93,191.193,1720.737,1226.65,494.087,28.71368489199686,1720.737,494.087
ORD-103195,2026-04-18,Home & Kitchen,Air Fryer,West,Ahmedabad,New,4,4857.37,0.15,Debit Card,Delivered,3332.61,19429.48,2914.422,16515.058,13330.44,3184.6180000000004,19.283117261834626,16515.058,3184.6180000000004
ORD-101861,2026-04-18,Home & Kitchen,Storage Box Set,South,Bengaluru,New,1,960.78,0.1,Credit Card,Delivered,539.69,960.78,96.078,864.702,539.69,325.01199999999994,37.5865905248282,864.702,325.01199999999994
ORD-101966,2026-04-19,Beauty,Perfume,North,Chandigarh,New,1,2042.59,0.0,UPI,Delivered,1070.46,2042.59,0.0,2042.59,1070.46,972.1299999999999,47.59300691768784,2042.59,972.1299999999999
ORD-102115,2026-04-19,Sports,Resistance Bands,South,Kochi,Returning,2,686.54,0.2,UPI,Delivered,295.39,1373.08,274.616,1098.464,590.78,507.68399999999997,46.21762752352376,1098.464,507.68399999999997
ORD-101394,2026-04-19,Electronics,Power Bank,South,Bengaluru,New,3,1349.16,0.0,Debit Card,Delivered,778.57,4047.4800000000005,0.0,4047.4800000000005,2335.71,1711.7700000000004,42.29224109816479,4047.4800000000005,1711.7700000000004
ORD-101036,2026-04-19,Home & Kitchen,Air Fryer,Central,Nagpur,New,2,4920.15,0.0,UPI,Delivered,3428.45,9840.3,0.0,9840.3,6856.9,2983.3999999999996,30.318181356259462,9840.3,2983.3999999999996
ORD-101722,2026-04-19,Fashion,Backpack,North,Chandigarh,Loyal,2,1463.15,0.2,UPI,Delivered,833.29,2926.3,585.2600000000001,2341.04,1666.58,674.46,28.810272357584665,2341.04,674.46
ORD-101513,2026-04-20,Electronics,USB-C Hub,West,Mumbai,Returning,3,971.64,0.1,UPI,Delivered,610.56,2914.92,291.492,2623.428,1831.6799999999998,791.748,30.17990202132477,2623.428,791.748
ORD-101742,2026-04-20,Electronics,Power Bank,East,Bhubaneswar,Loyal,2,1314.28,0.0,Credit Card,Delivered,797.2,2628.56,0.0,2628.56,1594.4,1034.1599999999999,39.34321453571537,2628.56,1034.1599999999999
ORD-101845,2026-04-20,Electronics,Power Bank,West,Mumbai,New,1,1278.78,0.0,Credit Card,Delivered,826.7,1278.78,0.0,1278.78,826.7,452.0799999999999,35.35244529942601,1278.78,452.0799999999999
ORD-103494,2026-04-20,Electronics,Bluetooth Speaker,East,Patna,Loyal,4,1873.9,0.0,Credit Card,Delivered,1244.17,7495.6,0.0,7495.6,4976.68,2518.92,33.605315118202675,7495.6,2518.92
ORD-100059,2026-04-20,Fashion,Denim Jacket,East,Kolkata,Returning,2,2407.49,0.0,UPI,Returned,1478.34,4814.98,0.0,4814.98,2956.68,1858.2999999999997,38.594137462668584,0.0,0.0
ORD-102638,2026-04-20,Electronics,Smart Watch,North,Jaipur,Returning,2,4086.75,0.05,Credit Card,Delivered,2639.23,8173.5,408.675,7764.825,5278.46,2486.365,32.020876194891706,7764.825,2486.365
ORD-101139,2026-04-20,Electronics,Smart Watch,South,Kochi,New,1,4081.18,0.0,UPI,Delivered,2754.7,4081.18,0.0,4081.18,2754.7,1326.48,32.50236451222441,4081.18,1326.48
ORD-102403,2026-04-21,Fashion,Backpack,East,Bhubaneswar,Returning,2,1513.45,0.0,Debit Card,Delivered,855.4,3026.9,0.0,3026.9,1710.8,1316.1000000000001,43.480128183950576,3026.9,1316.1000000000001
ORD-100512,2026-04-21,Sports,Yoga Mat,North,Delhi,New,1,991.44,0.1,Debit Card,Delivered,490.54,991.44,99.144,892.296,490.54,401.75600000000003,45.02496929270108,892.296,401.75600000000003
ORD-102125,2026-04-21,Sports,Resistance Bands,North,Delhi,New,2,710.93,0.2,UPI,Delivered,293.15,1421.86,284.372,1137.4879999999998,586.3,551.1879999999999,48.45659910258394,1137.4879999999998,551.1879999999999
ORD-103020,2026-04-21,Home & Kitchen,Coffee Maker,North,Chandigarh,New,3,3362.7,0.1,UPI,Returned,2155.85,10088.099999999999,1008.81,9079.289999999999,6467.549999999999,2611.74,28.765905704080385,0.0,0.0
ORD-100062,2026-04-21,Fashion,Backpack,East,Bhubaneswar,Returning,1,1541.61,0.1,Debit Card,Delivered,858.08,1541.61,154.161,1387.4489999999998,858.08,529.3689999999998,38.15412314254433,1387.4489999999998,529.3689999999998
ORD-102172,2026-04-21,Sports,Running Shoes,Central,Raipur,Returning,3,3665.94,0.1,UPI,Delivered,2158.24,10997.82,1099.782,9898.038,6474.719999999999,3423.318000000001,34.58582397844907,9898.038,3423.318000000001
ORD-103362,2026-04-21,Home & Kitchen,Coffee Maker,South,Hyderabad,New,3,3420.75,0.2,UPI,Delivered,2259.06,10262.25,2052.4500000000003,8209.8,6777.18,1432.619999999999,17.45012058759043,8209.8,1432.619999999999
ORD-103472,2026-04-21,Home & Kitchen,Water Bottle,South,Kochi,New,2,693.71,0.0,Net Banking,Delivered,304.43,1387.42,0.0,1387.42,608.86,778.5600000000001,56.11566793040319,1387.42,778.5600000000001
ORD-100878,2026-04-21,Fashion,T-Shirt,East,Guwahati,New,1,836.36,0.0,Debit Card,Delivered,421.65,836.36,0.0,836.36,421.65,414.71000000000004,49.5851068917691,836.36,414.71000000000004
ORD-102325,2026-04-22,Electronics,Power Bank,West,Surat,Loyal,2,1333.17,0.15,Net Banking,Delivered,796.19,2666.34,399.951,2266.389,1592.38,674.009,29.73933424491559,2266.389,674.009
ORD-103252,2026-04-22,Home & Kitchen,Air Fryer,South,Bengaluru,New,5,4927.84,0.1,Cash on Delivery,Delivered,3419.75,24639.2,2463.92,22175.28,17098.75,5076.529999999999,22.892743631647487,22175.28,5076.529999999999
ORD-101899,2026-04-22,Electronics,Bluetooth Speaker,South,Hyderabad,New,2,1893.45,0.05,Credit Card,Delivered,1193.64,3786.9,189.34500000000003,3597.5550000000003,2387.28,1210.275,33.641598252146245,3597.5550000000003,1210.275
ORD-102987,2026-04-22,Home & Kitchen,Air Fryer,South,Kochi,New,4,5016.26,0.1,UPI,Delivered,3319.9,20065.04,2006.5040000000001,18058.536,13279.6,4778.936,26.463584866458717,18058.536,4778.936
ORD-102043,2026-04-22,Electronics,Power Bank,North,Chandigarh,New,1,1330.93,0.05,Net Banking,Delivered,831.63,1330.93,66.54650000000001,1264.3835000000001,831.63,432.75350000000014,34.22644316380276,1264.3835000000001,432.75350000000014
ORD-103028,2026-04-22,Electronics,Wireless Headphones,West,Mumbai,Loyal,2,2571.74,0.1,Net Banking,Cancelled,1613.73,5143.48,514.348,4629.132,3227.46,1401.6719999999996,30.27936986890846,0.0,0.0
ORD-100391,2026-04-22,Sports,Resistance Bands,South,Hyderabad,Returning,1,712.91,0.0,Cash on Delivery,Delivered,299.37,712.91,0.0,712.91,299.37,413.53999999999996,58.007322102369166,712.91,413.53999999999996
ORD-100378,2026-04-22,Fashion,Sneakers,South,Chennai,Returning,1,3063.87,0.05,UPI,Cancelled,1777.22,3063.87,153.1935,2910.6765,1777.22,1133.4565,38.94134233055443,0.0,0.0
ORD-103183,2026-04-22,Beauty,Hair Care Combo,Central,Nagpur,Returning,1,1284.28,0.0,Debit Card,Delivered,664.84,1284.28,0.0,1284.28,664.84,619.4399999999999,48.23247266951132,1284.28,619.4399999999999
ORD-103167,2026-04-23,Beauty,Hair Dryer,West,Pune,Returning,3,2277.74,0.15,UPI,Delivered,1312.08,6833.219999999999,1024.983,5808.236999999999,3936.24,1871.9969999999994,32.23003813377449,5808.236999999999,1871.9969999999994
ORD-100463,2026-04-23,Sports,Running Shoes,Central,Nagpur,Loyal,2,3471.25,0.05,Credit Card,Delivered,2073.27,6942.5,347.125,6595.375,4146.54,2448.835,37.12957944013798,6595.375,2448.835
ORD-102294,2026-04-23,Sports,Running Shoes,Central,Nagpur,Returning,1,3649.42,0.15,Debit Card,Returned,2082.3,3649.42,547.413,3102.007,2082.3,1019.7069999999999,32.87249190604663,0.0,0.0
ORD-103076,2026-04-23,Fashion,Hoodie,West,Ahmedabad,Loyal,1,1810.13,0.0,UPI,Cancelled,986.44,1810.13,0.0,1810.13,986.44,823.69,45.50446653002823,0.0,0.0
ORD-100360,2026-04-23,Electronics,USB-C Hub,Central,Bhopal,New,3,1028.6,0.05,Net Banking,Delivered,606.92,3085.7999999999997,154.29,2931.5099999999998,1820.7599999999998,1110.75,37.890029370529184,2931.5099999999998,1110.75
ORD-103366,2026-04-24,Sports,Resistance Bands,West,Mumbai,Returning,3,708.79,0.05,Debit Card,Delivered,304.66,2126.37,106.3185,2020.0514999999998,913.98,1106.0714999999998,54.754618879766184,2020.0514999999998,1106.0714999999998
ORD-103457,2026-04-24,Electronics,USB-C Hub,South,Bengaluru,Returning,2,991.81,0.0,Cash on Delivery,Cancelled,603.24,1983.62,0.0,1983.62,1206.48,777.1399999999999,39.177866728506466,0.0,0.0
ORD-102352,2026-04-24,Home & Kitchen,Coffee Maker,South,Hyderabad,Loyal,1,3638.47,0.0,Credit Card,Delivered,2278.3,3638.47,0.0,3638.47,2278.3,1360.1699999999996,37.38302088515227,3638.47,1360.1699999999996
ORD-100895,2026-04-24,Fashion,T-Shirt,Central,Indore,Loyal,1,814.35,0.05,Cash on Delivery,Delivered,436.84,814.35,40.7175,773.6325,436.84,336.7925000000001,43.53391306595833,773.6325,336.7925000000001
ORD-103466,2026-04-24,Fashion,Backpack,East,Kolkata,New,1,1463.94,0.0,Debit Card,Delivered,837.35,1463.94,0.0,1463.94,837.35,626.59,42.80161755263194,1463.94,626.59
ORD-101234,2026-04-24,Home & Kitchen,Coffee Maker,South,Kochi,Loyal,5,3365.38,0.05,Debit Card,Delivered,2209.91,16826.9,841.3450000000001,15985.555000000002,11049.55,4936.005000000003,30.877908211507215,15985.555000000002,4936.005000000003
ORD-102044,2026-04-24,Electronics,Bluetooth Speaker,Central,Nagpur,New,2,1828.74,0.15,Credit Card,Delivered,1246.3,3657.48,548.622,3108.858,2492.6,616.2580000000003,19.82264870251392,3108.858,616.2580000000003
ORD-101378,2026-04-25,Electronics,Wireless Headphones,South,Kochi,Returning,1,2514.27,0.0,UPI,Delivered,1638.9,2514.27,0.0,2514.27,1638.9,875.3699999999999,34.816069873163976,2514.27,875.3699999999999
ORD-102348,2026-04-25,Home & Kitchen,Mixer Grinder,West,Surat,Loyal,3,3000.46,0.0,Credit Card,Delivered,1878.77,9001.380000000001,0.0,9001.380000000001,5636.3099999999995,3365.0700000000015,37.383934463382296,9001.380000000001,3365.0700000000015
ORD-102099,2026-04-25,Electronics,Smart Watch,West,Surat,New,1,3992.27,0.15,Net Banking,Delivered,2633.59,3992.27,598.8405,3393.4295,2633.59,759.8395,22.391492146809004,3393.4295,759.8395
ORD-102049,2026-04-25,Fashion,T-Shirt,South,Hyderabad,Loyal,1,782.9,0.1,Debit Card,Delivered,446.03,782.9,78.29,704.61,446.03,258.58000000000004,36.69831538013938,704.61,258.58000000000004
ORD-103096,2026-04-25,Fashion,Sneakers,Central,Raipur,Loyal,1,3022.72,0.0,Debit Card,Delivered,1746.76,3022.72,0.0,3022.72,1746.76,1275.9599999999998,42.21231208977345,3022.72,1275.9599999999998
ORD-101984,2026-04-25,Home & Kitchen,Storage Box Set,West,Pune,Returning,2,972.91,0.05,UPI,Delivered,528.04,1945.82,97.291,1848.529,1056.08,792.4490000000001,42.86916786266269,1848.529,792.4490000000001
ORD-101667,2026-04-25,Home & Kitchen,Air Fryer,South,Hyderabad,Returning,1,5040.76,0.0,Cash on Delivery,Delivered,3215.51,5040.76,0.0,5040.76,3215.51,1825.25,36.209817567192246,5040.76,1825.25
ORD-103053,2026-04-25,Electronics,Bluetooth Speaker,East,Patna,New,5,1863.01,0.0,Credit Card,Delivered,1220.3,9315.05,0.0,9315.05,6101.5,3213.5499999999993,34.49847290138002,9315.05,3213.5499999999993
ORD-102362,2026-04-25,Beauty,Face Serum,East,Patna,Loyal,3,898.03,0.05,Debit Card,Delivered,408.36,2694.09,134.70450000000002,2559.3855000000003,1225.08,1334.3055000000004,52.13382274768691,2559.3855000000003,1334.3055000000004
ORD-101790,2026-04-26,Fashion,T-Shirt,Central,Nagpur,Returning,2,769.71,0.1,UPI,Delivered,417.93,1539.42,153.942,1385.478,835.86,549.618,39.66991897381265,1385.478,549.618
ORD-101065,2026-04-26,Electronics,USB-C Hub,East,Guwahati,Loyal,1,1039.39,0.05,UPI,Delivered,589.83,1039.39,51.96950000000001,987.4205000000001,589.83,397.5905,40.26557074721458,987.4205000000001,397.5905
ORD-102503,2026-04-26,Electronics,USB-C Hub,North,Delhi,New,1,959.22,0.05,Net Banking,Cancelled,581.89,959.22,47.961000000000006,911.259,581.89,329.369,36.14438924608701,0.0,0.0
ORD-100493,2026-04-26,Fashion,Backpack,South,Chennai,New,1,1442.79,0.05,UPI,Delivered,881.49,1442.79,72.1395,1370.6505,881.49,489.16049999999996,35.688200602560606,1370.6505,489.16049999999996
ORD-101995,2026-04-27,Electronics,Power Bank,West,Pune,New,1,1274.58,0.1,Credit Card,Delivered,801.7,1274.58,127.458,1147.1219999999998,801.7,345.4219999999998,30.11205434121217,1147.1219999999998,345.4219999999998
ORD-102429,2026-04-27,Home & Kitchen,Air Fryer,North,Lucknow,Loyal,3,5004.68,0.0,Credit Card,Delivered,3336.1,15014.04,0.0,15014.04,10008.3,5005.740000000002,33.3403933917853,15014.04,5005.740000000002
ORD-101098,2026-04-27,Electronics,Smart Watch,North,Lucknow,New,2,4141.65,0.05,Net Banking,Delivered,2653.99,8283.3,414.16499999999996,7869.134999999999,5307.98,2561.1549999999997,32.54684282325821,7869.134999999999,2561.1549999999997
ORD-103282,2026-04-27,Sports,Yoga Mat,South,Bengaluru,Returning,2,1036.33,0.15,Debit Card,Delivered,515.75,2072.66,310.89899999999994,1761.761,1031.5,730.261,41.45062809314089,1761.761,730.261
ORD-102514,2026-04-27,Beauty,Hair Care Combo,South,Kochi,Returning,4,1252.44,0.05,Credit Card,Delivered,657.84,5009.76,250.48800000000003,4759.272,2631.36,2127.912,44.71087174677135,4759.272,2127.912
ORD-102606,2026-04-28,Home & Kitchen,Water Bottle,North,Jaipur,Returning,1,677.54,0.15,Credit Card,Delivered,293.67,677.54,101.63099999999999,575.909,293.67,282.239,49.007568904115054,575.909,282.239
ORD-101073,2026-04-28,Electronics,USB-C Hub,South,Bengaluru,New,2,995.24,0.15,Debit Card,Delivered,576.05,1990.48,298.572,1691.908,1152.1,539.808,31.905280901798445,1691.908,539.808
ORD-101674,2026-04-29,Fashion,Denim Jacket,East,Kolkata,New,4,2406.31,0.0,Cash on Delivery,Delivered,1433.52,9625.24,0.0,9625.24,5734.08,3891.16,40.42662832303402,9625.24,3891.16
ORD-102422,2026-04-29,Home & Kitchen,Water Bottle,West,Ahmedabad,New,4,694.46,0.0,Credit Card,Delivered,300.78,2777.84,0.0,2777.84,1203.12,1574.7200000000003,56.6886501742361,2777.84,1574.7200000000003
ORD-100042,2026-04-29,Fashion,Denim Jacket,North,Delhi,Returning,2,2543.35,0.0,Debit Card,Delivered,1468.88,5086.7,0.0,5086.7,2937.76,2148.9399999999996,42.24625002457388,5086.7,2148.9399999999996
ORD-100234,2026-04-29,Electronics,Power Bank,Central,Indore,Returning,1,1251.35,0.0,Credit Card,Delivered,784.83,1251.35,0.0,1251.35,784.83,466.51999999999987,37.28133615695049,1251.35,466.51999999999987
ORD-102605,2026-04-29,Sports,Yoga Mat,South,Chennai,New,4,1021.64,0.0,UPI,Returned,508.64,4086.56,0.0,4086.56,2034.56,2052.0,50.21338240476098,0.0,0.0
ORD-100247,2026-04-29,Fashion,Backpack,East,Guwahati,New,1,1463.35,0.0,Net Banking,Delivered,870.99,1463.35,0.0,1463.35,870.99,592.3599999999999,40.47972118768578,1463.35,592.3599999999999
ORD-101301,2026-04-30,Sports,Running Shoes,North,Lucknow,New,3,3626.16,0.2,Credit Card,Delivered,2129.96,10878.48,2175.696,8702.784,6389.88,2312.9039999999995,26.57659893661614,8702.784,2312.9039999999995
ORD-103346,2026-04-30,Home & Kitchen,Coffee Maker,East,Bhubaneswar,Returning,1,3431.4,0.15,Credit Card,Delivered,2163.82,3431.4,514.71,2916.69,2163.82,752.8699999999999,25.812479214451994,2916.69,752.8699999999999
ORD-101868,2026-04-30,Electronics,Wireless Headphones,West,Mumbai,Returning,4,2613.14,0.0,UPI,Delivered,1694.48,10452.56,0.0,10452.56,6777.92,3674.6399999999994,35.15540690510267,10452.56,3674.6399999999994
ORD-102365,2026-04-30,Beauty,Hair Care Combo,South,Bengaluru,New,2,1281.77,0.1,Credit Card,Delivered,666.61,2563.54,256.354,2307.186,1333.22,973.9660000000001,42.21445518480088,2307.186,973.9660000000001
ORD-100051,2026-04-30,Home & Kitchen,Coffee Maker,South,Kochi,Loyal,1,3597.93,0.0,Net Banking,Delivered,2216.59,3597.93,0.0,3597.93,2216.59,1381.3399999999997,38.39263131856372,3597.93,1381.3399999999997
ORD-103048,2026-05-01,Fashion,Denim Jacket,North,Jaipur,New,1,2511.93,0.0,Debit Card,Cancelled,1418.3,2511.93,0.0,2511.93,1418.3,1093.6299999999999,43.53743933947204,0.0,0.0
ORD-100014,2026-05-01,Electronics,Smart Watch,North,Lucknow,Returning,3,3891.35,0.0,Debit Card,Delivered,2807.44,11674.05,0.0,11674.05,8422.32,3251.7299999999996,27.85434360825934,11674.05,3251.7299999999996
ORD-103133,2026-05-01,Home & Kitchen,Storage Box Set,West,Ahmedabad,Returning,4,1045.73,0.05,UPI,Delivered,526.16,4182.92,209.14600000000002,3973.774,2104.64,1869.134,47.03674642795489,3973.774,1869.134
ORD-101204,2026-05-01,Sports,Resistance Bands,West,Pune,Loyal,1,684.14,0.0,Debit Card,Delivered,305.71,684.14,0.0,684.14,305.71,378.43,55.31470166924899,684.14,378.43
ORD-102783,2026-05-02,Home & Kitchen,Coffee Maker,South,Bengaluru,Loyal,1,3519.39,0.0,UPI,Delivered,2244.0,3519.39,0.0,3519.39,2244.0,1275.3899999999999,36.238950499944586,3519.39,1275.3899999999999
ORD-102943,2026-05-02,Beauty,Face Serum,East,Kolkata,New,1,937.26,0.1,Debit Card,Delivered,407.68,937.26,93.726,843.534,407.68,435.854,51.669997889830164,843.534,435.854
ORD-102281,2026-05-02,Home & Kitchen,Water Bottle,West,Ahmedabad,Returning,3,675.81,0.0,UPI,Delivered,302.58,2027.4299999999998,0.0,2027.4299999999998,907.74,1119.6899999999998,55.227060860300966,2027.4299999999998,1119.6899999999998
ORD-102176,2026-05-02,Home & Kitchen,Mixer Grinder,South,Chennai,New,1,2920.92,0.0,Net Banking,Delivered,1915.01,2920.92,0.0,2920.92,1915.01,1005.9100000000001,34.438122235460064,2920.92,1005.9100000000001
ORD-103112,2026-05-02,Sports,Running Shoes,South,Kochi,Loyal,2,3382.99,0.05,Debit Card,Delivered,2080.55,6765.98,338.299,6427.681,4161.1,2266.580999999999,35.26281095779332,6427.681,2266.580999999999
ORD-101275,2026-05-02,Fashion,Denim Jacket,West,Ahmedabad,New,1,2482.88,0.1,UPI,Delivered,1428.9,2482.88,248.288,2234.592,1428.9,805.692,36.05544099325515,2234.592,805.692
ORD-101134,2026-05-02,Fashion,T-Shirt,Central,Indore,New,4,791.01,0.0,UPI,Cancelled,436.97,3164.04,0.0,3164.04,1747.88,1416.1599999999999,44.75796766159719,0.0,0.0
ORD-101671,2026-05-02,Sports,Yoga Mat,South,Bengaluru,Loyal,2,964.22,0.1,Net Banking,Delivered,507.17,1928.44,192.84400000000002,1735.596,1014.34,721.256,41.556675631886684,1735.596,721.256
ORD-100742,2026-05-02,Fashion,Backpack,North,Chandigarh,New,3,1537.81,0.1,Credit Card,Delivered,869.21,4613.43,461.3430000000001,4152.087,2607.63,1544.4570000000003,37.197125204746435,4152.087,1544.4570000000003
ORD-102843,2026-05-03,Beauty,Skin Care Kit,West,Mumbai,Returning,4,1553.45,0.05,Debit Card,Delivered,860.26,6213.8,310.69000000000005,5903.110000000001,3441.04,2462.0700000000006,41.70801492772455,5903.110000000001,2462.0700000000006
ORD-102174,2026-05-03,Sports,Running Shoes,Central,Bhopal,New,1,3644.52,0.0,Net Banking,Delivered,2070.84,3644.52,0.0,3644.52,2070.84,1573.6799999999998,43.1793487208192,3644.52,1573.6799999999998
ORD-103145,2026-05-03,Home & Kitchen,Coffee Maker,East,Patna,Returning,2,3658.13,0.0,UPI,Delivered,2236.33,7316.26,0.0,7316.26,4472.66,2843.6000000000004,38.866852736234094,7316.26,2843.6000000000004
ORD-100714,2026-05-03,Home & Kitchen,Storage Box Set,South,Kochi,Returning,2,998.74,0.1,UPI,Delivered,527.63,1997.48,199.74800000000002,1797.732,1055.26,742.472,41.30048305309134,1797.732,742.472
ORD-101822,2026-05-03,Electronics,Smart Watch,North,Jaipur,Returning,3,4049.83,0.0,Net Banking,Delivered,2701.79,12149.49,0.0,12149.49,8105.37,4044.12,33.2863354758101,12149.49,4044.12
ORD-100207,2026-05-03,Home & Kitchen,Storage Box Set,North,Chandigarh,Loyal,1,1010.13,0.1,Debit Card,Delivered,516.68,1010.13,101.013,909.117,516.68,392.437,43.16683111194709,909.117,392.437
ORD-102107,2026-05-04,Beauty,Hair Dryer,North,Delhi,Returning,4,2369.76,0.05,Net Banking,Delivered,1281.02,9479.04,473.95200000000006,9005.088000000002,5124.08,3881.0080000000016,43.09794640540993,9005.088000000002,3881.0080000000016
ORD-100128,2026-05-04,Fashion,Sneakers,East,Kolkata,Returning,2,3093.13,0.1,UPI,Delivered,1765.59,6186.26,618.6260000000001,5567.634,3531.18,2036.4540000000002,36.576649973759054,5567.634,2036.4540000000002
ORD-100489,2026-05-04,Fashion,Denim Jacket,East,Guwahati,New,1,2511.0,0.15,Credit Card,Delivered,1450.01,2511.0,376.65,2134.35,1450.01,684.3399999999999,32.063157401550825,2134.35,684.3399999999999
ORD-103187,2026-05-04,Fashion,Hoodie,North,Jaipur,Returning,1,1813.96,0.05,Credit Card,Delivered,996.86,1813.96,90.69800000000001,1723.262,996.86,726.4019999999999,42.15273127359623,1723.262,726.4019999999999
ORD-100657,2026-05-04,Home & Kitchen,Water Bottle,North,Delhi,New,1,726.17,0.15,Debit Card,Delivered,294.88,726.17,108.92549999999999,617.2445,294.88,322.3645,52.226386788379656,617.2445,322.3645
ORD-100423,2026-05-04,Fashion,Backpack,West,Surat,Loyal,1,1517.44,0.0,Cash on Delivery,Delivered,879.22,1517.44,0.0,1517.44,879.22,638.22,42.05899409531843,1517.44,638.22
ORD-100089,2026-05-05,Beauty,Perfume,North,Lucknow,New,5,1988.89,0.05,Credit Card,Delivered,1097.24,9944.45,497.2225000000001,9447.2275,5486.2,3961.027500000001,41.92793600027099,9447.2275,3961.027500000001
ORD-103247,2026-05-05,Electronics,Smart Watch,East,Patna,Returning,1,4180.74,0.0,UPI,Delivered,2800.37,4180.74,0.0,4180.74,2800.37,1380.37,33.01736056296254,4180.74,1380.37
ORD-102937,2026-05-05,Fashion,T-Shirt,South,Chennai,Loyal,2,818.31,0.0,UPI,Delivered,426.12,1636.62,0.0,1636.62,852.24,784.3799999999999,47.9268247974484,1636.62,784.3799999999999
ORD-101148,2026-05-06,Electronics,Power Bank,East,Guwahati,Returning,2,1362.91,0.0,UPI,Delivered,778.63,2725.82,0.0,2725.82,1557.26,1168.5600000000002,42.87003543887711,2725.82,1168.5600000000002
ORD-103203,2026-05-06,Electronics,USB-C Hub,West,Ahmedabad,Loyal,3,1004.9,0.05,Credit Card,Delivered,585.77,3014.7,150.73499999999999,2863.9649999999997,1757.31,1106.6549999999997,38.64066076226489,2863.9649999999997,1106.6549999999997
ORD-102121,2026-05-06,Fashion,T-Shirt,West,Mumbai,New,4,780.71,0.15,Credit Card,Delivered,437.06,3122.84,468.426,2654.414,1748.24,906.1740000000002,34.13838233222098,2654.414,906.1740000000002
ORD-100320,2026-05-06,Fashion,Denim Jacket,South,Hyderabad,Returning,3,2611.41,0.0,Debit Card,Delivered,1442.65,7834.23,0.0,7834.23,4327.950000000001,3506.279999999999,44.75589815463675,7834.23,3506.279999999999
ORD-101775,2026-05-06,Fashion,Hoodie,South,Bengaluru,New,3,1793.39,0.1,Cash on Delivery,Delivered,974.78,5380.17,538.017,4842.153,2924.34,1917.813,39.606617139111464,4842.153,1917.813
ORD-101061,2026-05-07,Electronics,Wireless Headphones,East,Guwahati,Returning,3,2588.83,0.15,UPI,Delivered,1648.37,7766.49,1164.9734999999998,6601.5165,4945.11,1656.4065,25.091302884723532,6601.5165,1656.4065
ORD-103432,2026-05-07,Fashion,Denim Jacket,South,Chennai,New,1,2565.08,0.1,Credit Card,Delivered,1472.96,2565.08,256.508,2308.572,1472.96,835.6120000000001,36.19605539701599,2308.572,835.6120000000001
ORD-100645,2026-05-07,Home & Kitchen,Storage Box Set,South,Kochi,Loyal,2,981.83,0.05,Credit Card,Delivered,509.26,1963.66,98.183,1865.477,1018.52,846.9570000000001,45.40163186144884,1865.477,846.9570000000001
ORD-102922,2026-05-07,Fashion,Sneakers,North,Delhi,New,2,3053.87,0.05,UPI,Delivered,1866.71,6107.74,305.387,5802.353,3733.42,2068.933,35.65679302862132,5802.353,2068.933
ORD-100911,2026-05-07,Beauty,Face Serum,South,Kochi,Loyal,1,930.6,0.05,UPI,Delivered,419.28,930.6,46.53,884.07,419.28,464.7900000000001,52.5738912077098,884.07,464.7900000000001
ORD-103157,2026-05-07,Sports,Sports Bag,South,Chennai,Loyal,1,1556.64,0.0,UPI,Delivered,865.7,1556.64,0.0,1556.64,865.7,690.94,44.386627608181726,1556.64,690.94
ORD-102995,2026-05-07,Electronics,USB-C Hub,Central,Nagpur,New,2,1002.13,0.05,UPI,Delivered,602.94,2004.26,100.21300000000001,1904.047,1205.88,698.1669999999999,36.66752974059989,1904.047,698.1669999999999
ORD-100864,2026-05-08,Beauty,Hair Dryer,East,Bhubaneswar,New,1,2391.43,0.0,UPI,Delivered,1301.33,2391.43,0.0,2391.43,1301.33,1090.1,45.58360478876655,2391.43,1090.1
ORD-100370,2026-05-08,Electronics,Power Bank,North,Lucknow,New,3,1358.2,0.05,Debit Card,Delivered,805.38,4074.6000000000004,203.73000000000002,3870.8700000000003,2416.14,1454.7300000000005,37.581473932216795,3870.8700000000003,1454.7300000000005
ORD-100173,2026-05-08,Fashion,Sneakers,South,Hyderabad,Loyal,1,3058.26,0.05,Net Banking,Delivered,1808.13,3058.26,152.913,2905.347,1808.13,1097.217,37.765437312651464,2905.347,1097.217
ORD-101825,2026-05-08,Fashion,T-Shirt,South,Hyderabad,New,3,801.85,0.0,UPI,Delivered,427.82,2405.55,0.0,2405.55,1283.46,1122.0900000000001,46.645881399264205,2405.55,1122.0900000000001
ORD-103226,2026-05-08,Fashion,T-Shirt,Central,Indore,New,2,796.54,0.05,UPI,Delivered,436.77,1593.08,79.654,1513.426,873.54,639.886,42.280626869103614,1513.426,639.886
ORD-101058,2026-05-08,Beauty,Skin Care Kit,North,Delhi,New,1,1546.01,0.1,UPI,Delivered,853.85,1546.01,154.601,1391.409,853.85,537.5590000000001,38.63414711274687,1391.409,537.5590000000001
ORD-101870,2026-05-08,Sports,Running Shoes,West,Mumbai,Returning,2,3586.2,0.1,Cash on Delivery,Delivered,2106.12,7172.4,717.24,6455.16,4212.24,2242.92,34.7461565631216,6455.16,2242.92
ORD-101691,2026-05-08,Electronics,Wireless Headphones,West,Surat,Returning,2,2492.59,0.1,UPI,Cancelled,1608.68,4985.18,498.51800000000003,4486.662,3217.36,1269.3020000000001,28.29056434382621,0.0,0.0
ORD-101278,2026-05-09,Sports,Sports Bag,East,Patna,Returning,1,1549.84,0.05,UPI,Delivered,880.98,1549.84,77.492,1472.348,880.98,591.3679999999999,40.16496100106768,1472.348,591.3679999999999
ORD-101558,2026-05-09,Electronics,Bluetooth Speaker,East,Bhubaneswar,New,1,1985.88,0.15,UPI,Delivered,1200.81,1985.88,297.882,1687.998,1200.81,487.1880000000001,28.861882537775525,1687.998,487.1880000000001
ORD-102575,2026-05-09,Electronics,USB-C Hub,North,Jaipur,New,1,1001.53,0.1,Credit Card,Delivered,608.44,1001.53,100.153,901.377,608.44,292.9369999999999,32.49883234207218,901.377,292.9369999999999
ORD-102447,2026-05-09,Electronics,Smart Watch,North,Jaipur,New,1,3846.63,0.0,UPI,Delivered,2793.89,3846.63,0.0,3846.63,2793.89,1052.7400000000002,27.367851859939744,3846.63,1052.7400000000002
ORD-100002,2026-05-09,Electronics,Bluetooth Speaker,South,Bengaluru,New,2,1849.51,0.05,UPI,Delivered,1238.4,3699.02,184.95100000000002,3514.069,2476.8,1037.2689999999998,29.51760480514184,3514.069,1037.2689999999998
ORD-102212,2026-05-10,Electronics,USB-C Hub,West,Pune,New,1,1002.3,0.0,UPI,Delivered,584.22,1002.3,0.0,1002.3,584.22,418.0799999999999,41.71206225680933,1002.3,418.0799999999999
ORD-100734,2026-05-10,Fashion,Hoodie,South,Hyderabad,Loyal,1,1747.47,0.0,UPI,Delivered,987.6,1747.47,0.0,1747.47,987.6,759.87,43.48400830915552,1747.47,759.87
ORD-103387,2026-05-10,Electronics,Power Bank,West,Mumbai,New,1,1284.59,0.1,Net Banking,Delivered,819.78,1284.59,128.459,1156.1309999999999,819.78,336.3509999999999,29.09281041681262,1156.1309999999999,336.3509999999999
ORD-102662,2026-05-10,Electronics,Wireless Headphones,West,Surat,New,2,2542.42,0.2,Cash on Delivery,Delivered,1636.09,5084.84,1016.9680000000001,4067.8720000000003,3272.18,795.6920000000005,19.56039914726915,4067.8720000000003,795.6920000000005
ORD-103223,2026-05-10,Fashion,Hoodie,North,Chandigarh,New,1,1750.04,0.05,Credit Card,Delivered,978.36,1750.04,87.50200000000001,1662.538,978.36,684.178,41.152623278385214,1662.538,684.178
ORD-103224,2026-05-10,Sports,Resistance Bands,East,Kolkata,Returning,3,727.56,0.05,UPI,Delivered,311.65,2182.68,109.134,2073.546,934.9499999999999,1138.596,54.910573481369596,2073.546,1138.596
ORD-102320,2026-05-10,Electronics,USB-C Hub,East,Bhubaneswar,New,4,1024.34,0.05,UPI,Delivered,580.36,4097.36,204.868,3892.4919999999997,2321.44,1571.0519999999997,40.361084878273346,3892.4919999999997,1571.0519999999997
ORD-101339,2026-05-10,Home & Kitchen,Mixer Grinder,South,Kochi,New,1,3133.91,0.0,UPI,Delivered,1850.07,3133.91,0.0,3133.91,1850.07,1283.84,40.96607751977562,3133.91,1283.84
ORD-100402,2026-05-11,Electronics,Smart Watch,North,Delhi,Returning,1,4146.12,0.05,UPI,Delivered,2731.64,4146.12,207.306,3938.814,2731.64,1207.174,30.648159572906973,3938.814,1207.174
ORD-101914,2026-05-11,Home & Kitchen,Water Bottle,South,Bengaluru,New,1,676.71,0.05,Debit Card,Delivered,296.93,676.71,33.8355,642.8745,296.93,345.9445,53.81213596121793,642.8745,345.9445
ORD-101242,2026-05-11,Beauty,Perfume,West,Mumbai,New,5,2028.54,0.1,UPI,Delivered,1104.07,10142.7,1014.2700000000001,9128.43,5520.349999999999,3608.080000000001,39.525745391047536,9128.43,3608.080000000001
ORD-100836,2026-05-11,Fashion,Backpack,East,Kolkata,New,1,1520.37,0.0,Debit Card,Delivered,832.52,1520.37,0.0,1520.37,832.52,687.8499999999999,45.24227655110269,1520.37,687.8499999999999
ORD-101611,2026-05-11,Fashion,T-Shirt,East,Bhubaneswar,Returning,3,781.91,0.0,Credit Card,Delivered,423.97,2345.73,0.0,2345.73,1271.91,1073.82,45.777647043777414,2345.73,1073.82
ORD-100602,2026-05-12,Sports,Yoga Mat,North,Chandigarh,Returning,1,1048.26,0.1,UPI,Delivered,512.23,1048.26,104.82600000000001,943.434,512.23,431.20399999999995,45.705793940010636,943.434,431.20399999999995
ORD-102096,2026-05-12,Fashion,Hoodie,South,Hyderabad,New,1,1835.72,0.05,Net Banking,Delivered,973.74,1835.72,91.786,1743.934,973.74,770.194,44.16417135052129,1743.934,770.194
ORD-100050,2026-05-12,Home & Kitchen,Air Fryer,North,Delhi,Loyal,2,5136.24,0.15,Net Banking,Delivered,3268.24,10272.48,1540.8719999999998,8731.608,6536.48,2195.1280000000006,25.140020028384242,8731.608,2195.1280000000006
ORD-100210,2026-05-12,Home & Kitchen,Mixer Grinder,North,Jaipur,New,1,2962.55,0.05,Debit Card,Delivered,1882.14,2962.55,148.12750000000003,2814.4225,1882.14,932.2825,33.12517932186799,2814.4225,932.2825
ORD-101469,2026-05-12,Fashion,Backpack,North,Chandigarh,Loyal,2,1504.45,0.1,Credit Card,Delivered,840.44,3008.9,300.89000000000004,2708.01,1680.88,1027.13,37.92932817825636,2708.01,1027.13
ORD-100815,2026-05-12,Home & Kitchen,Storage Box Set,North,Chandigarh,Returning,5,1001.2,0.0,Debit Card,Delivered,510.22,5006.0,0.0,5006.0,2551.1000000000004,2454.8999999999996,49.03915301638034,5006.0,2454.8999999999996
ORD-102449,2026-05-12,Electronics,Smart Watch,East,Bhubaneswar,Returning,1,4028.83,0.0,UPI,Delivered,2690.56,4028.83,0.0,4028.83,2690.56,1338.27,33.21733605041663,4028.83,1338.27
ORD-103001,2026-05-12,Electronics,Power Bank,North,Delhi,New,2,1321.03,0.0,Debit Card,Delivered,816.68,2642.06,0.0,2642.06,1633.36,1008.7,38.17854250092731,2642.06,1008.7
ORD-101731,2026-05-12,Fashion,Backpack,South,Hyderabad,Returning,1,1520.18,0.1,Net Banking,Delivered,853.38,1520.18,152.018,1368.162,853.38,514.782,37.62580747016801,1368.162,514.782
ORD-101441,2026-05-13,Electronics,Wireless Headphones,West,Mumbai,Returning,3,2450.95,0.0,UPI,Delivered,1703.17,7352.849999999999,0.0,7352.849999999999,5109.51,2243.3399999999992,30.50980232154878,7352.849999999999,2243.3399999999992
ORD-100598,2026-05-13,Beauty,Hair Dryer,West,Ahmedabad,Returning,2,2256.11,0.1,UPI,Delivered,1266.8,4512.22,451.22200000000004,4060.998,2533.6,1527.3980000000001,37.61139503146764,4060.998,1527.3980000000001
ORD-101313,2026-05-13,Electronics,Power Bank,East,Bhubaneswar,Loyal,2,1263.65,0.2,UPI,Delivered,821.28,2527.3,505.46000000000004,2021.8400000000001,1642.56,379.2800000000002,18.75915008111424,2021.8400000000001,379.2800000000002
ORD-100766,2026-05-13,Beauty,Face Serum,South,Hyderabad,Returning,2,929.89,0.1,Net Banking,Delivered,429.89,1859.78,185.978,1673.802,859.78,814.0219999999999,48.63311192124277,1673.802,814.0219999999999
ORD-102603,2026-05-13,Home & Kitchen,Storage Box Set,West,Mumbai,Returning,1,995.88,0.0,Cash on Delivery,Returned,521.4,995.88,0.0,995.88,521.4,474.48,47.64429449331245,0.0,0.0
ORD-102858,2026-05-13,Electronics,Power Bank,South,Hyderabad,New,3,1271.32,0.1,Net Banking,Delivered,779.92,3813.96,381.396,3432.564,2339.7599999999998,1092.804,31.836376539519733,3432.564,1092.804
ORD-100107,2026-05-13,Electronics,Smart Watch,West,Mumbai,New,2,3943.38,0.05,Debit Card,Delivered,2624.93,7886.76,394.338,7492.4220000000005,5249.86,2242.562000000001,29.931069018803274,7492.4220000000005,2242.562000000001
ORD-103480,2026-05-13,Electronics,USB-C Hub,East,Bhubaneswar,New,2,959.67,0.0,Credit Card,Delivered,590.71,1919.34,0.0,1919.34,1181.42,737.9199999999998,38.44654933466712,1919.34,737.9199999999998
ORD-103429,2026-05-13,Fashion,Backpack,East,Bhubaneswar,Returning,2,1496.09,0.0,Net Banking,Delivered,841.46,2992.18,0.0,2992.18,1682.92,1309.2599999999998,43.75605745643644,2992.18,1309.2599999999998
ORD-101498,2026-05-14,Beauty,Perfume,East,Guwahati,Returning,1,2045.76,0.1,Cash on Delivery,Delivered,1084.31,2045.76,204.57600000000002,1841.184,1084.31,756.874,41.108004414550635,1841.184,756.874
ORD-103350,2026-05-14,Sports,Dumbbell Set,West,Mumbai,New,3,2607.37,0.1,UPI,Delivered,1489.38,7822.11,782.211,7039.898999999999,4468.14,2571.758999999999,36.531191711699265,7039.898999999999,2571.758999999999
ORD-100806,2026-05-14,Home & Kitchen,Air Fryer,West,Surat,New,2,4903.16,0.05,UPI,Delivered,3251.37,9806.32,490.31600000000003,9316.003999999999,6502.74,2813.263999999999,30.198183684764405,9316.003999999999,2813.263999999999
ORD-101212,2026-05-14,Sports,Sports Bag,South,Bengaluru,Returning,1,1589.4,0.0,UPI,Delivered,853.43,1589.4,0.0,1589.4,853.43,735.9700000000001,46.30489492890399,1589.4,735.9700000000001
ORD-100112,2026-05-14,Sports,Running Shoes,Central,Indore,Loyal,3,3494.26,0.0,Debit Card,Delivered,2089.48,10482.78,0.0,10482.78,6268.4400000000005,4214.34,40.20250353436779,10482.78,4214.34
ORD-100025,2026-05-14,Home & Kitchen,Air Fryer,North,Lucknow,Loyal,1,4842.51,0.05,UPI,Delivered,3347.12,4842.51,242.12550000000002,4600.3845,3347.12,1253.2645000000002,27.242603308484327,4600.3845,1253.2645000000002
ORD-102988,2026-05-14,Electronics,USB-C Hub,West,Mumbai,New,1,1014.22,0.1,Credit Card,Delivered,595.41,1014.22,101.42200000000001,912.798,595.41,317.38800000000003,34.770891259621514,912.798,317.38800000000003
ORD-100690,2026-05-15,Beauty,Perfume,North,Lucknow,New,1,2053.91,0.0,Cash on Delivery,Delivered,1068.64,2053.91,0.0,2053.91,1068.64,985.2699999999998,47.97045634910974,2053.91,985.2699999999998
ORD-103074,2026-05-15,Home & Kitchen,Air Fryer,West,Ahmedabad,Loyal,1,5064.75,0.2,Net Banking,Delivered,3332.97,5064.75,1012.95,4051.8,3332.97,718.8300000000004,17.74100399822302,4051.8,718.8300000000004
ORD-101726,2026-05-15,Fashion,Sneakers,West,Surat,Returning,2,2971.94,0.1,Cash on Delivery,Delivered,1844.94,5943.88,594.388,5349.492,3689.88,1659.612,31.023730851452815,5349.492,1659.612
ORD-103326,2026-05-15,Electronics,Bluetooth Speaker,North,Jaipur,Loyal,1,1837.83,0.1,Debit Card,Delivered,1171.68,1837.83,183.78300000000002,1654.047,1171.68,482.36699999999996,29.162835155228358,1654.047,482.36699999999996
ORD-100278,2026-05-15,Fashion,T-Shirt,South,Kochi,Returning,3,805.98,0.05,Net Banking,Delivered,436.5,2417.94,120.897,2297.043,1309.5,987.5430000000001,42.99192483553856,2297.043,987.5430000000001
ORD-100476,2026-05-16,Electronics,USB-C Hub,East,Patna,Returning,2,1032.39,0.0,Cash on Delivery,Delivered,583.13,2064.78,0.0,2064.78,1166.26,898.5200000000002,43.51650054727381,2064.78,898.5200000000002
ORD-100613,2026-05-16,Fashion,T-Shirt,West,Surat,Returning,4,816.38,0.0,UPI,Delivered,423.56,3265.52,0.0,3265.52,1694.24,1571.28,48.11729831696024,3265.52,1571.28
ORD-100160,2026-05-16,Sports,Yoga Mat,Central,Raipur,Loyal,2,979.06,0.15,Credit Card,Delivered,497.35,1958.12,293.71799999999996,1664.402,994.7,669.702,40.236793755354775,1664.402,669.702
ORD-100918,2026-05-16,Electronics,USB-C Hub,South,Bengaluru,Returning,1,971.1,0.1,Credit Card,Delivered,604.6,971.1,97.11000000000001,873.99,604.6,269.39,30.823007128228006,873.99,269.39
ORD-101416,2026-05-16,Home & Kitchen,Storage Box Set,North,Chandigarh,New,1,1020.7,0.0,Debit Card,Delivered,535.82,1020.7,0.0,1020.7,535.82,484.88,47.50465366905065,1020.7,484.88
ORD-103323,2026-05-17,Fashion,Hoodie,East,Kolkata,New,2,1730.33,0.05,Debit Card,Delivered,1031.2,3460.66,173.03300000000002,3287.627,2062.4,1225.2269999999999,37.267822657497334,3287.627,1225.2269999999999
ORD-102648,2026-05-17,Beauty,Perfume,North,Delhi,Returning,3,1925.92,0.05,Debit Card,Delivered,1125.03,5777.76,288.88800000000003,5488.872,3375.09,2113.782,38.51031687384949,5488.872,2113.782
ORD-100725,2026-05-17,Fashion,Backpack,East,Patna,New,3,1469.09,0.0,Debit Card,Delivered,846.94,4407.2699999999995,0.0,4407.2699999999995,2540.82,1866.4499999999994,42.349345513208846,4407.2699999999995,1866.4499999999994
ORD-100016,2026-05-17,Electronics,Wireless Headphones,East,Guwahati,New,1,2501.49,0.0,Cash on Delivery,Delivered,1707.94,2501.49,0.0,2501.49,1707.94,793.5499999999997,31.72309303655021,2501.49,793.5499999999997
ORD-100955,2026-05-17,Home & Kitchen,Water Bottle,East,Guwahati,Returning,1,703.03,0.05,Debit Card,Delivered,293.38,703.03,35.1515,667.8785,293.38,374.49850000000004,56.072848579494625,667.8785,374.49850000000004
ORD-102009,2026-05-18,Sports,Yoga Mat,North,Delhi,New,2,994.16,0.05,Net Banking,Delivered,519.89,1988.32,99.416,1888.904,1039.78,849.124,44.95326390330054,1888.904,849.124
ORD-100249,2026-05-18,Beauty,Face Serum,North,Jaipur,New,3,926.99,0.0,UPI,Cancelled,415.17,2780.9700000000003,0.0,2780.9700000000003,1245.51,1535.4600000000003,55.213109095028,0.0,0.0
ORD-100106,2026-05-18,Sports,Yoga Mat,East,Bhubaneswar,Returning,3,1000.39,0.0,Credit Card,Delivered,519.64,3001.17,0.0,3001.17,1558.92,1442.25,48.05625805935685,3001.17,1442.25
ORD-103422,2026-05-18,Home & Kitchen,Mixer Grinder,West,Pune,Loyal,3,3131.31,0.0,Credit Card,Delivered,1816.43,9393.93,0.0,9393.93,5449.29,3944.6400000000003,41.99137102362909,9393.93,3944.6400000000003
ORD-100990,2026-05-18,Home & Kitchen,Mixer Grinder,West,Pune,Loyal,4,2988.08,0.0,Debit Card,Cancelled,1895.55,11952.32,0.0,11952.32,7582.2,4370.12,36.562943428556125,0.0,0.0
ORD-103055,2026-05-18,Beauty,Skin Care Kit,Central,Raipur,New,1,1655.95,0.15,Cash on Delivery,Delivered,829.39,1655.95,248.39249999999998,1407.5575000000001,829.39,578.1675000000001,41.07594183541348,1407.5575000000001,578.1675000000001
ORD-102284,2026-05-18,Home & Kitchen,Mixer Grinder,West,Surat,Loyal,1,3142.11,0.05,Credit Card,Delivered,1881.02,3142.11,157.1055,2985.0045,1881.02,1103.9845,36.98434960483309,2985.0045,1103.9845
ORD-101430,2026-05-18,Fashion,Hoodie,South,Kochi,New,2,1764.56,0.05,Credit Card,Delivered,973.96,3529.12,176.45600000000002,3352.6639999999998,1947.92,1404.7439999999997,41.89933736276584,3352.6639999999998,1404.7439999999997
ORD-103382,2026-05-18,Electronics,Smart Watch,East,Bhubaneswar,Returning,1,3898.44,0.0,UPI,Delivered,2665.14,3898.44,0.0,3898.44,2665.14,1233.3000000000002,31.63573121556315,3898.44,1233.3000000000002
ORD-100213,2026-05-19,Home & Kitchen,Mixer Grinder,West,Mumbai,Loyal,1,3000.31,0.05,Credit Card,Delivered,1868.41,3000.31,150.0155,2850.2945,1868.41,981.8844999999999,34.44852803806764,2850.2945,981.8844999999999
ORD-103130,2026-05-20,Fashion,Backpack,West,Pune,Returning,2,1564.94,0.0,UPI,Delivered,856.85,3129.88,0.0,3129.88,1713.7,1416.18,45.2471021253211,3129.88,1416.18
ORD-102809,2026-05-20,Electronics,Power Bank,West,Ahmedabad,Loyal,5,1306.68,0.0,UPI,Returned,816.54,6533.400000000001,0.0,6533.400000000001,4082.7,2450.7000000000007,37.510331527229326,0.0,0.0
ORD-102725,2026-05-20,Fashion,Backpack,North,Chandigarh,New,3,1479.68,0.0,Debit Card,Delivered,872.55,4439.04,0.0,4439.04,2617.6499999999996,1821.3900000000003,41.03116890138409,4439.04,1821.3900000000003
ORD-102236,2026-05-20,Electronics,Bluetooth Speaker,West,Ahmedabad,New,4,1888.4,0.1,UPI,Delivered,1245.45,7553.6,755.3600000000001,6798.24,4981.8,1816.4399999999996,26.71926851655722,6798.24,1816.4399999999996
ORD-101461,2026-05-20,Fashion,Sneakers,West,Mumbai,Returning,1,3127.26,0.0,Credit Card,Delivered,1790.24,3127.26,0.0,3127.26,1790.24,1337.0200000000002,42.75372050932766,3127.26,1337.0200000000002
ORD-100559,2026-05-21,Home & Kitchen,Water Bottle,South,Hyderabad,New,1,679.49,0.0,Cash on Delivery,Delivered,306.63,679.49,0.0,679.49,306.63,372.86,54.87350807223065,679.49,372.86
ORD-101414,2026-05-21,Beauty,Skin Care Kit,North,Jaipur,Loyal,1,1651.5,0.0,Cash on Delivery,Delivered,861.51,1651.5,0.0,1651.5,861.51,789.99,47.834695731153495,1651.5,789.99
ORD-102801,2026-05-21,Electronics,Smart Watch,North,Delhi,Loyal,1,4013.54,0.1,Credit Card,Delivered,2801.27,4013.54,401.35400000000004,3612.1859999999997,2801.27,810.9159999999997,22.44945304588412,3612.1859999999997,810.9159999999997
ORD-100639,2026-05-21,Beauty,Hair Dryer,West,Ahmedabad,Returning,1,2378.36,0.15,Cash on Delivery,Delivered,1292.82,2378.36,356.754,2021.6060000000002,1292.82,728.7860000000003,36.04985343335943,2021.6060000000002,728.7860000000003
ORD-103154,2026-05-21,Sports,Sports Bag,East,Guwahati,New,2,1655.99,0.0,Cash on Delivery,Delivered,831.93,3311.98,0.0,3311.98,1663.86,1648.1200000000001,49.762377792136434,3311.98,1648.1200000000001
ORD-102671,2026-05-21,Fashion,T-Shirt,West,Mumbai,Returning,1,815.56,0.05,Debit Card,Delivered,434.58,815.56,40.778,774.7819999999999,434.58,340.20199999999994,43.909383542725564,774.7819999999999,340.20199999999994
ORD-100261,2026-05-22,Electronics,Wireless Headphones,Central,Indore,New,4,2581.48,0.15,Debit Card,Delivered,1671.67,10325.92,1548.888,8777.032,6686.68,2090.351999999999,23.816160178064738,8777.032,2090.351999999999
ORD-101254,2026-05-22,Beauty,Hair Care Combo,West,Mumbai,Loyal,1,1314.1,0.0,UPI,Delivered,637.57,1314.1,0.0,1314.1,637.57,676.5299999999999,51.482383380260245,1314.1,676.5299999999999
ORD-101980,2026-05-22,Beauty,Face Serum,East,Patna,New,3,879.08,0.1,UPI,Delivered,425.58,2637.2400000000002,263.72400000000005,2373.516,1276.74,1096.776,46.2089153812319,2373.516,1096.776
ORD-101617,2026-05-22,Home & Kitchen,Air Fryer,North,Lucknow,Returning,1,4881.76,0.1,Debit Card,Delivered,3339.6,4881.76,488.17600000000004,4393.584,3339.6,1053.984,23.989162378595697,4393.584,1053.984
ORD-101986,2026-05-22,Sports,Dumbbell Set,Central,Raipur,New,4,2480.63,0.0,UPI,Delivered,1472.65,9922.52,0.0,9922.52,5890.6,4031.92,40.63403248368358,9922.52,4031.92
ORD-101133,2026-05-22,Home & Kitchen,Mixer Grinder,North,Lucknow,Loyal,2,3133.17,0.0,Credit Card,Delivered,1885.19,6266.34,0.0,6266.34,3770.38,2495.96,39.8312252447202,6266.34,2495.96
ORD-100745,2026-05-23,Sports,Running Shoes,South,Bengaluru,New,2,3497.04,0.05,Cash on Delivery,Delivered,2162.67,6994.08,349.704,6644.376,4325.34,2319.036,34.902239126744185,6644.376,2319.036
ORD-100135,2026-05-23,Fashion,T-Shirt,West,Pune,Returning,3,818.3,0.05,UPI,Delivered,423.87,2454.8999999999996,122.74499999999999,2332.1549999999997,1271.6100000000001,1060.5449999999996,45.47489339259182,2332.1549999999997,1060.5449999999996
ORD-100692,2026-05-23,Electronics,Smart Watch,North,Lucknow,New,1,3853.04,0.05,UPI,Delivered,2634.44,3853.04,192.65200000000002,3660.388,2634.44,1025.9479999999999,28.02839480404809,3660.388,1025.9479999999999
ORD-103296,2026-05-23,Sports,Running Shoes,South,Kochi,New,2,3494.24,0.1,Credit Card,Delivered,2059.51,6988.48,698.848,6289.632,4119.02,2170.611999999999,34.51095390000559,6289.632,2170.611999999999
ORD-103396,2026-05-23,Beauty,Perfume,North,Lucknow,Returning,1,2001.62,0.05,Credit Card,Delivered,1067.52,2001.62,100.081,1901.539,1067.52,834.019,43.86021007194699,1901.539,834.019
ORD-102832,2026-05-23,Beauty,Hair Care Combo,North,Chandigarh,Returning,2,1259.02,0.05,Credit Card,Delivered,643.7,2518.04,125.902,2392.138,1287.4,1104.7379999999998,46.182034648502714,2392.138,1104.7379999999998
ORD-102547,2026-05-23,Fashion,Sneakers,North,Jaipur,New,1,2991.8,0.05,Credit Card,Delivered,1775.11,2991.8,149.59,2842.21,1775.11,1067.1000000000001,37.544727518374785,2842.21,1067.1000000000001
ORD-102702,2026-05-23,Sports,Dumbbell Set,North,Lucknow,Loyal,1,2609.44,0.1,Credit Card,Returned,1482.76,2609.44,260.944,2348.496,1482.76,865.7360000000001,36.86342237755568,0.0,0.0
ORD-101684,2026-05-23,Electronics,Smart Watch,North,Lucknow,New,1,3927.71,0.05,UPI,Cancelled,2733.61,3927.71,196.3855,3731.3245,2733.61,997.7145,26.738883203538045,0.0,0.0
ORD-103483,2026-05-23,Fashion,Sneakers,South,Hyderabad,Loyal,2,2945.3,0.1,Debit Card,Delivered,1816.84,5890.6,589.0600000000001,5301.54,3633.68,1667.8600000000001,31.459915420802258,5301.54,1667.8600000000001
ORD-100071,2026-05-23,Sports,Running Shoes,North,Chandigarh,New,1,3661.29,0.1,UPI,Delivered,2109.4,3661.29,366.129,3295.161,2109.4,1185.761,35.98491849108435,3295.161,1185.761
ORD-102899,2026-05-24,Fashion,Sneakers,North,Lucknow,Returning,2,3003.97,0.1,Debit Card,Delivered,1773.51,6007.94,600.794,5407.146,3547.02,1860.1259999999997,34.4012534523758,5407.146,1860.1259999999997
ORD-100105,2026-05-24,Beauty,Face Serum,North,Jaipur,New,1,912.47,0.1,Credit Card,Delivered,432.09,912.47,91.24700000000001,821.223,432.09,389.133,47.38457154755773,821.223,389.133
ORD-100484,2026-05-24,Sports,Resistance Bands,West,Pune,New,3,704.34,0.05,UPI,Cancelled,295.1,2113.02,105.65100000000001,2007.369,885.3000000000001,1122.069,55.897495677177446,0.0,0.0
ORD-103393,2026-05-24,Fashion,Hoodie,South,Hyderabad,Loyal,1,1826.22,0.15,Cash on Delivery,Delivered,1025.37,1826.22,273.933,1552.287,1025.37,526.9170000000001,33.944560509751106,1552.287,526.9170000000001
ORD-102206,2026-05-24,Home & Kitchen,Mixer Grinder,East,Guwahati,Returning,2,2962.78,0.05,UPI,Delivered,1901.66,5925.56,296.278,5629.282,3803.32,1825.962,32.43685429154198,5629.282,1825.962
ORD-102257,2026-05-24,Fashion,T-Shirt,North,Chandigarh,New,2,817.78,0.1,UPI,Delivered,421.56,1635.56,163.556,1472.004,843.12,628.8839999999999,42.7229817310279,1472.004,628.8839999999999
ORD-101578,2026-05-25,Beauty,Hair Care Combo,Central,Nagpur,Loyal,1,1277.82,0.05,Net Banking,Delivered,642.06,1277.82,63.891,1213.9289999999999,642.06,571.8689999999999,47.10893305951171,1213.9289999999999,571.8689999999999
ORD-102557,2026-05-25,Home & Kitchen,Storage Box Set,North,Lucknow,New,4,974.67,0.1,Cash on Delivery,Delivered,513.69,3898.68,389.868,3508.812,2054.76,1454.0519999999997,41.44000875510001,3508.812,1454.0519999999997
ORD-103481,2026-05-25,Beauty,Face Serum,South,Kochi,Returning,1,868.11,0.1,UPI,Delivered,421.52,868.11,86.811,781.299,421.52,359.779,46.04882381777015,781.299,359.779
ORD-101736,2026-05-25,Beauty,Perfume,South,Chennai,New,1,1968.79,0.0,Credit Card,Delivered,1143.71,1968.79,0.0,1968.79,1143.71,825.0799999999999,41.90797393322802,1968.79,825.0799999999999
ORD-102005,2026-05-25,Fashion,Sneakers,West,Mumbai,Returning,1,2898.61,0.0,Credit Card,Delivered,1790.82,2898.61,0.0,2898.61,1790.82,1107.7900000000002,38.21797344244311,2898.61,1107.7900000000002
ORD-103385,2026-05-25,Sports,Resistance Bands,North,Lucknow,New,1,693.35,0.0,UPI,Delivered,309.15,693.35,0.0,693.35,309.15,384.20000000000005,55.4121295161174,693.35,384.20000000000005
ORD-100716,2026-05-25,Beauty,Skin Care Kit,North,Lucknow,Returning,1,1620.82,0.0,UPI,Delivered,863.54,1620.82,0.0,1620.82,863.54,757.28,46.72202958996064,1620.82,757.28
ORD-101012,2026-05-26,Sports,Yoga Mat,Central,Raipur,Returning,1,1010.57,0.1,UPI,Returned,488.3,1010.57,101.05700000000002,909.513,488.3,421.213,46.311927372121126,0.0,0.0
ORD-100686,2026-05-26,Sports,Running Shoes,West,Ahmedabad,New,3,3615.83,0.05,Debit Card,Delivered,2175.48,10847.49,542.3745,10305.1155,6526.4400000000005,3778.6754999999994,36.66795874340272,10305.1155,3778.6754999999994
ORD-101284,2026-05-26,Electronics,Smart Watch,North,Chandigarh,Returning,2,4001.75,0.05,UPI,Delivered,2701.98,8003.5,400.175,7603.325,5403.96,2199.365,28.926357876323845,7603.325,2199.365
ORD-102567,2026-05-26,Sports,Running Shoes,South,Bengaluru,Returning,1,3466.06,0.0,Credit Card,Delivered,2087.6,3466.06,0.0,3466.06,2087.6,1378.46,39.77022902084788,3466.06,1378.46
ORD-102902,2026-05-26,Beauty,Face Serum,West,Mumbai,Loyal,1,874.85,0.1,UPI,Delivered,427.28,874.85,87.48500000000001,787.365,427.28,360.08500000000004,45.732919294101215,787.365,360.08500000000004
ORD-100591,2026-05-26,Electronics,Bluetooth Speaker,South,Chennai,New,2,1855.86,0.1,Net Banking,Delivered,1216.83,3711.72,371.172,3340.548,2433.66,906.8879999999999,27.147881126090688,3340.548,906.8879999999999
ORD-102571,2026-05-27,Beauty,Hair Care Combo,East,Patna,New,3,1331.93,0.1,Credit Card,Delivered,643.82,3995.79,399.579,3596.211,1931.46,1664.7509999999997,46.29180545857848,3596.211,1664.7509999999997
ORD-100860,2026-05-27,Fashion,Sneakers,Central,Bhopal,New,3,2985.5,0.1,Debit Card,Delivered,1833.28,8956.5,895.6500000000001,8060.85,5499.84,2561.01,31.770967081635316,8060.85,2561.01
ORD-102535,2026-05-27,Sports,Yoga Mat,East,Kolkata,New,2,973.14,0.1,UPI,Cancelled,500.97,1946.28,194.62800000000001,1751.652,1001.94,749.712,42.80028224784375,0.0,0.0
ORD-101260,2026-05-27,Beauty,Skin Care Kit,West,Surat,Loyal,1,1676.25,0.1,Net Banking,Delivered,826.31,1676.25,167.625,1508.625,826.31,682.315,45.227607921120224,1508.625,682.315
ORD-102983,2026-05-27,Fashion,T-Shirt,South,Hyderabad,New,1,821.89,0.15,UPI,Delivered,445.74,821.89,123.28349999999999,698.6065,445.74,252.86649999999997,36.1958412926304,698.6065,252.86649999999997
ORD-101087,2026-05-27,Home & Kitchen,Water Bottle,East,Guwahati,Loyal,2,700.37,0.0,Credit Card,Delivered,304.87,1400.74,0.0,1400.74,609.74,791.0,56.47015149135457,1400.74,791.0
ORD-102497,2026-05-27,Sports,Yoga Mat,East,Bhubaneswar,Returning,2,1025.56,0.15,Debit Card,Delivered,486.05,2051.12,307.66799999999995,1743.452,972.1,771.352,44.24280106363697,1743.452,771.352
ORD-103037,2026-05-27,Fashion,Backpack,East,Kolkata,Returning,2,1443.76,0.0,Credit Card,Cancelled,833.4,2887.52,0.0,2887.52,1666.8,1220.72,42.27572449714634,0.0,0.0
ORD-100852,2026-05-27,Home & Kitchen,Mixer Grinder,North,Delhi,Loyal,2,2957.27,0.0,Credit Card,Delivered,1914.56,5914.54,0.0,5914.54,3829.12,2085.42,35.25920866204304,5914.54,2085.42
ORD-102296,2026-05-27,Electronics,Smart Watch,West,Ahmedabad,Returning,1,3904.07,0.0,Debit Card,Delivered,2798.92,3904.07,0.0,3904.07,2798.92,1105.15,28.307637926574063,3904.07,1105.15
ORD-103057,2026-05-27,Fashion,T-Shirt,West,Mumbai,New,3,798.04,0.1,Credit Card,Delivered,437.04,2394.12,239.412,2154.708,1311.1200000000001,843.588,39.15091975339582,2154.708,843.588
ORD-100596,2026-05-27,Electronics,Power Bank,North,Delhi,New,1,1358.0,0.15,Net Banking,Delivered,819.0,1358.0,203.7,1154.3,819.0,335.29999999999995,29.04790782292298,1154.3,335.29999999999995
ORD-103300,2026-05-28,Sports,Sports Bag,East,Kolkata,New,2,1670.9,0.1,UPI,Delivered,867.66,3341.8,334.18000000000006,3007.62,1735.32,1272.3,42.30255151914138,3007.62,1272.3
ORD-100551,2026-05-28,Sports,Sports Bag,East,Patna,Returning,3,1605.37,0.05,UPI,Delivered,866.25,4816.11,240.8055,4575.304499999999,2598.75,1976.5544999999993,43.20050173709749,4575.304499999999,1976.5544999999993
ORD-101199,2026-05-28,Sports,Resistance Bands,South,Bengaluru,Returning,1,724.84,0.0,UPI,Returned,295.9,724.84,0.0,724.84,295.9,428.94000000000005,59.177197726394795,0.0,0.0
ORD-101749,2026-05-29,Fashion,T-Shirt,North,Lucknow,Returning,2,813.3,0.05,UPI,Delivered,439.66,1626.6,81.33,1545.27,879.32,665.9499999999999,43.09602852575925,1545.27,665.9499999999999
ORD-102093,2026-05-29,Home & Kitchen,Water Bottle,North,Chandigarh,New,2,727.73,0.1,Debit Card,Delivered,302.47,1455.46,145.54600000000002,1309.914,604.94,704.9739999999999,53.818342272851496,1309.914,704.9739999999999
ORD-102545,2026-05-29,Beauty,Face Serum,South,Hyderabad,Loyal,2,906.07,0.0,UPI,Delivered,423.42,1812.14,0.0,1812.14,846.84,965.3000000000001,53.26851126292671,1812.14,965.3000000000001
ORD-100654,2026-05-29,Sports,Yoga Mat,North,Delhi,Loyal,1,980.66,0.1,Net Banking,Cancelled,494.89,980.66,98.066,882.5939999999999,494.89,387.70399999999995,43.927785595641936,0.0,0.0
ORD-100092,2026-05-29,Home & Kitchen,Mixer Grinder,West,Mumbai,Returning,4,2882.51,0.0,Debit Card,Delivered,1818.2,11530.04,0.0,11530.04,7272.8,4257.240000000001,36.92302888801774,11530.04,4257.240000000001
ORD-100472,2026-05-29,Fashion,T-Shirt,North,Lucknow,New,1,830.67,0.15,UPI,Delivered,434.87,830.67,124.60049999999998,706.0695,434.87,271.19949999999994,38.40974578281599,706.0695,271.19949999999994
ORD-100428,2026-05-29,Beauty,Hair Care Combo,East,Kolkata,Loyal,1,1301.01,0.1,UPI,Delivered,648.14,1301.01,130.101,1170.909,648.14,522.7690000000001,44.64642427379071,1170.909,522.7690000000001
ORD-100103,2026-05-29,Fashion,Denim Jacket,South,Chennai,New,2,2494.57,0.2,Cash on Delivery,Delivered,1446.31,4989.14,997.8280000000001,3991.3120000000004,2892.62,1098.6920000000005,27.527088836953872,3991.3120000000004,1098.6920000000005
ORD-102532,2026-05-30,Fashion,Backpack,North,Lucknow,New,2,1517.02,0.0,Credit Card,Delivered,879.8,3034.04,0.0,3034.04,1759.6,1274.44,42.00471977956784,3034.04,1274.44
ORD-101334,2026-05-31,Beauty,Face Serum,Central,Bhopal,New,1,914.36,0.1,Debit Card,Delivered,432.92,914.36,91.436,822.924,432.92,390.00399999999996,47.392468806353925,822.924,390.00399999999996
ORD-100291,2026-05-31,Fashion,T-Shirt,South,Hyderabad,New,1,802.99,0.0,UPI,Delivered,439.56,802.99,0.0,802.99,439.56,363.43,45.259592273876386,802.99,363.43
ORD-100336,2026-05-31,Electronics,Bluetooth Speaker,East,Guwahati,New,4,1948.01,0.0,Cash on Delivery,Delivered,1193.34,7792.04,0.0,7792.04,4773.36,3018.6800000000003,38.74056088007762,7792.04,3018.6800000000003
ORD-101001,2026-05-31,Electronics,Wireless Headphones,Central,Nagpur,New,1,2402.45,0.1,Credit Card,Delivered,1705.37,2402.45,240.245,2162.205,1705.37,456.83500000000004,21.128200147534578,2162.205,456.83500000000004
ORD-100837,2026-05-31,Fashion,Hoodie,West,Pune,New,1,1729.56,0.0,Debit Card,Delivered,1002.84,1729.56,0.0,1729.56,1002.84,726.7199999999999,42.01762297925484,1729.56,726.7199999999999
ORD-100227,2026-05-31,Fashion,Sneakers,North,Lucknow,New,4,2910.54,0.1,UPI,Delivered,1818.36,11642.16,1164.2160000000001,10477.944,7273.44,3204.504,30.58332817965051,10477.944,3204.504
ORD-102935,2026-05-31,Sports,Resistance Bands,Central,Bhopal,New,3,676.6,0.0,Credit Card,Delivered,291.36,2029.8000000000002,0.0,2029.8000000000002,874.08,1155.7200000000003,56.93762932308603,2029.8000000000002,1155.7200000000003
ORD-101219,2026-06-01,Home & Kitchen,Mixer Grinder,South,Bengaluru,Returning,1,3057.91,0.1,Credit Card,Delivered,1880.67,3057.91,305.791,2752.1189999999997,1880.67,871.4489999999996,31.664655489097665,2752.1189999999997,871.4489999999996
ORD-102748,2026-06-01,Fashion,Backpack,North,Lucknow,New,1,1472.73,0.0,Credit Card,Delivered,863.43,1472.73,0.0,1472.73,863.43,609.3000000000001,41.37214560713777,1472.73,609.3000000000001
ORD-103246,2026-06-01,Electronics,Wireless Headphones,West,Mumbai,Loyal,1,2433.74,0.0,Cash on Delivery,Delivered,1677.74,2433.74,0.0,2433.74,1677.74,755.9999999999998,31.063301749570616,2433.74,755.9999999999998
ORD-102161,2026-06-01,Home & Kitchen,Coffee Maker,North,Jaipur,Loyal,1,3381.98,0.0,Cash on Delivery,Delivered,2233.64,3381.98,0.0,3381.98,2233.64,1148.3400000000001,33.9546656100864,3381.98,1148.3400000000001
ORD-102684,2026-06-02,Fashion,Backpack,West,Surat,Loyal,4,1460.36,0.0,Cash on Delivery,Delivered,827.12,5841.44,0.0,5841.44,3308.48,2532.9599999999996,43.36191076172998,5841.44,2532.9599999999996
ORD-100885,2026-06-03,Home & Kitchen,Water Bottle,South,Chennai,Returning,4,727.89,0.05,Credit Card,Delivered,306.26,2911.56,145.578,2765.982,1225.04,1540.942,55.71048546230597,2765.982,1540.942
ORD-102159,2026-06-03,Home & Kitchen,Storage Box Set,West,Ahmedabad,New,4,973.49,0.0,Cash on Delivery,Delivered,506.85,3893.96,0.0,3893.96,2027.4,1866.56,47.934750228559096,3893.96,1866.56
ORD-101574,2026-06-03,Beauty,Hair Care Combo,South,Bengaluru,Returning,2,1340.95,0.15,UPI,Delivered,636.17,2681.9,402.285,2279.6150000000002,1272.34,1007.2750000000003,44.18618933460256,2279.6150000000002,1007.2750000000003
ORD-103010,2026-06-03,Sports,Dumbbell Set,East,Patna,Returning,2,2574.76,0.05,Net Banking,Delivered,1540.6,5149.52,257.47600000000006,4892.044000000001,3081.2,1810.844000000001,37.01610206285963,4892.044000000001,1810.844000000001
ORD-103198,2026-06-03,Beauty,Skin Care Kit,Central,Nagpur,New,1,1574.83,0.0,UPI,Delivered,850.35,1574.83,0.0,1574.83,850.35,724.4799999999999,46.003695636989384,1574.83,724.4799999999999
ORD-103401,2026-06-04,Home & Kitchen,Water Bottle,North,Jaipur,Returning,2,724.13,0.15,Debit Card,Delivered,300.49,1448.26,217.239,1231.021,600.98,630.0409999999999,51.18036166726644,1231.021,630.0409999999999
ORD-101426,2026-06-04,Electronics,Wireless Headphones,Central,Raipur,Returning,2,2449.04,0.05,Cash on Delivery,Delivered,1714.65,4898.08,244.904,4653.1759999999995,3429.3,1223.8759999999993,26.301949464193907,4653.1759999999995,1223.8759999999993
ORD-100166,2026-06-04,Electronics,Power Bank,East,Guwahati,New,1,1339.69,0.1,UPI,Delivered,794.59,1339.69,133.96900000000002,1205.721,794.59,411.131,34.098352769836474,1205.721,411.131
ORD-103208,2026-06-04,Electronics,Smart Watch,North,Jaipur,New,4,3915.44,0.0,Credit Card,Delivered,2621.15,15661.76,0.0,15661.76,10484.6,5177.16,33.05605500275831,15661.76,5177.16
ORD-101535,2026-06-05,Electronics,Power Bank,West,Ahmedabad,Returning,1,1284.18,0.0,Cash on Delivery,Delivered,800.94,1284.18,0.0,1284.18,800.94,483.24,37.63023875157688,1284.18,483.24
ORD-103078,2026-06-05,Fashion,Hoodie,West,Pune,Loyal,3,1882.37,0.0,UPI,Delivered,1022.29,5647.11,0.0,5647.11,3066.87,2580.24,45.69133592226821,5647.11,2580.24
ORD-102196,2026-06-05,Sports,Running Shoes,North,Jaipur,New,1,3571.85,0.15,Net Banking,Delivered,2130.78,3571.85,535.7774999999999,3036.0725,2130.78,905.2925,29.81788148998418,3036.0725,905.2925
ORD-101843,2026-06-05,Beauty,Perfume,North,Jaipur,New,2,2087.97,0.0,Credit Card,Delivered,1118.25,4175.94,0.0,4175.94,2236.5,1939.4399999999996,46.44319602293136,4175.94,1939.4399999999996
ORD-100514,2026-06-05,Electronics,Smart Watch,West,Surat,New,1,3854.87,0.15,UPI,Delivered,2774.13,3854.87,578.2305,3276.6394999999998,2774.13,502.50949999999966,15.336124099096033,3276.6394999999998,502.50949999999966
ORD-101965,2026-06-06,Sports,Dumbbell Set,West,Mumbai,Returning,3,2519.36,0.05,Credit Card,Delivered,1460.43,7558.08,377.904,7180.1759999999995,4381.29,2798.8859999999995,38.98074364750948,7180.1759999999995,2798.8859999999995
ORD-100741,2026-06-06,Sports,Running Shoes,West,Surat,Returning,3,3443.74,0.15,Debit Card,Returned,2181.86,10331.22,1549.6829999999998,8781.537,6545.58,2235.9570000000003,25.462023333728485,0.0,0.0
ORD-101964,2026-06-07,Beauty,Skin Care Kit,West,Mumbai,Returning,1,1669.31,0.0,Credit Card,Delivered,837.67,1669.31,0.0,1669.31,837.67,831.64,49.81938645308541,1669.31,831.64
ORD-102338,2026-06-07,Home & Kitchen,Mixer Grinder,West,Ahmedabad,New,1,3001.14,0.0,Credit Card,Delivered,1833.33,3001.14,0.0,3001.14,1833.33,1167.81,38.91221335892361,3001.14,1167.81
ORD-103455,2026-06-07,Electronics,Wireless Headphones,West,Mumbai,Returning,4,2535.17,0.0,Credit Card,Delivered,1629.84,10140.68,0.0,10140.68,6519.36,3621.3200000000006,35.71082018168407,10140.68,3621.3200000000006
ORD-102873,2026-06-07,Home & Kitchen,Storage Box Set,North,Chandigarh,Loyal,2,985.53,0.2,Credit Card,Delivered,514.24,1971.06,394.212,1576.848,1028.48,548.3679999999999,34.77621178452203,1576.848,548.3679999999999
ORD-102516,2026-06-08,Home & Kitchen,Storage Box Set,South,Hyderabad,New,2,973.79,0.0,Credit Card,Delivered,518.82,1947.58,0.0,1947.58,1037.64,909.9399999999998,46.72157241294323,1947.58,909.9399999999998
ORD-102288,2026-06-08,Beauty,Hair Dryer,South,Chennai,New,2,2315.42,0.1,Debit Card,Delivered,1308.95,4630.84,463.08400000000006,4167.756,2617.9,1549.8560000000002,37.18682187728841,4167.756,1549.8560000000002
ORD-103082,2026-06-08,Fashion,Hoodie,North,Delhi,New,1,1792.5,0.0,Cash on Delivery,Delivered,1024.58,1792.5,0.0,1792.5,1024.58,767.9200000000001,42.84072524407253,1792.5,767.9200000000001
ORD-100849,2026-06-08,Sports,Running Shoes,North,Chandigarh,Loyal,3,3626.41,0.15,Credit Card,Delivered,2084.39,10879.23,1631.8845,9247.3455,6253.17,2994.1754999999994,32.3787566929342,9247.3455,2994.1754999999994
ORD-103364,2026-06-08,Sports,Resistance Bands,Central,Bhopal,New,5,685.99,0.0,Net Banking,Delivered,305.36,3429.95,0.0,3429.95,1526.8000000000002,1903.1499999999996,55.48623157771978,3429.95,1903.1499999999996
ORD-100867,2026-06-08,Electronics,Bluetooth Speaker,North,Lucknow,New,3,1927.44,0.1,Net Banking,Delivered,1246.15,5782.32,578.232,5204.088,3738.4500000000003,1465.6379999999995,28.163205541489685,5204.088,1465.6379999999995
ORD-102984,2026-06-09,Electronics,USB-C Hub,East,Kolkata,Returning,1,973.15,0.1,Net Banking,Delivered,577.81,973.15,97.315,875.835,577.81,298.0250000000001,34.027528016121764,875.835,298.0250000000001
ORD-100149,2026-06-09,Electronics,Power Bank,Central,Nagpur,Loyal,1,1277.12,0.05,Credit Card,Delivered,776.2,1277.12,63.855999999999995,1213.264,776.2,437.06399999999985,36.02381674557227,1213.264,437.06399999999985
ORD-100028,2026-06-09,Fashion,Denim Jacket,North,Chandigarh,New,3,2615.93,0.0,UPI,Delivered,1437.59,7847.789999999999,0.0,7847.789999999999,4312.7699999999995,3535.0199999999995,45.04478330842186,7847.789999999999,3535.0199999999995
ORD-101264,2026-06-09,Home & Kitchen,Storage Box Set,West,Surat,Returning,2,1021.67,0.1,UPI,Delivered,521.24,2043.34,204.334,1839.0059999999999,1042.48,796.5259999999998,43.31285487921191,1839.0059999999999,796.5259999999998
ORD-101231,2026-06-09,Home & Kitchen,Storage Box Set,East,Guwahati,Returning,2,1013.88,0.0,Debit Card,Delivered,509.54,2027.76,0.0,2027.76,1019.08,1008.68,49.74355939558922,2027.76,1008.68
ORD-102945,2026-06-09,Fashion,T-Shirt,North,Chandigarh,New,2,798.42,0.1,Debit Card,Delivered,444.67,1596.84,159.684,1437.156,889.34,547.8159999999999,38.11806094815037,1437.156,547.8159999999999
ORD-103169,2026-06-09,Sports,Dumbbell Set,East,Bhubaneswar,New,2,2578.65,0.1,UPI,Delivered,1471.92,5157.3,515.73,4641.57,2943.84,1697.7299999999996,36.5766324756494,4641.57,1697.7299999999996
ORD-101025,2026-06-09,Beauty,Hair Dryer,North,Delhi,New,1,2400.72,0.0,UPI,Delivered,1290.7,2400.72,0.0,2400.72,1290.7,1110.0199999999998,46.23696224465993,2400.72,1110.0199999999998
ORD-102372,2026-06-10,Beauty,Perfume,South,Kochi,Returning,2,2080.37,0.0,Debit Card,Delivered,1122.5,4160.74,0.0,4160.74,2245.0,1915.7399999999998,46.043251921533184,4160.74,1915.7399999999998
ORD-102334,2026-06-10,Fashion,T-Shirt,North,Jaipur,Returning,1,793.82,0.0,Net Banking,Delivered,421.03,793.82,0.0,793.82,421.03,372.7900000000001,46.96152780227256,793.82,372.7900000000001
ORD-101587,2026-06-10,Home & Kitchen,Water Bottle,West,Surat,New,3,715.57,0.0,Net Banking,Delivered,304.07,2146.71,0.0,2146.71,912.21,1234.5,57.50660312757662,2146.71,1234.5
ORD-102326,2026-06-10,Fashion,Sneakers,East,Kolkata,New,3,3047.48,0.05,Debit Card,Delivered,1831.39,9142.44,457.12200000000007,8685.318000000001,5494.17,3191.148000000001,36.741867137161826,8685.318000000001,3191.148000000001
ORD-100433,2026-06-11,Beauty,Perfume,West,Pune,New,1,2088.87,0.05,Debit Card,Delivered,1084.54,2088.87,104.4435,1984.4264999999998,1084.54,899.8864999999998,45.347434132733056,1984.4264999999998,899.8864999999998
ORD-101923,2026-06-11,Fashion,Denim Jacket,West,Surat,New,2,2534.71,0.1,UPI,Delivered,1458.92,5069.42,506.942,4562.478,2917.84,1644.638,36.047034089808214,4562.478,1644.638
ORD-101603,2026-06-11,Electronics,Power Bank,North,Jaipur,Returning,1,1283.45,0.0,UPI,Delivered,826.48,1283.45,0.0,1283.45,826.48,456.97,35.60481514667498,1283.45,456.97
ORD-100524,2026-06-11,Beauty,Skin Care Kit,North,Delhi,Loyal,2,1601.19,0.0,UPI,Delivered,851.3,3202.38,0.0,3202.38,1702.6,1499.7800000000002,46.83329273852573,3202.38,1499.7800000000002
ORD-100794,2026-06-11,Electronics,Smart Watch,West,Ahmedabad,New,3,3967.27,0.1,UPI,Delivered,2717.04,11901.81,1190.181,10711.628999999999,8151.12,2560.508999999999,23.904011238626723,10711.628999999999,2560.508999999999
ORD-102610,2026-06-12,Beauty,Perfume,South,Chennai,Returning,1,2057.38,0.05,Net Banking,Delivered,1086.89,2057.38,102.86900000000001,1954.5110000000002,1086.89,867.6210000000001,44.39069414293396,1954.5110000000002,867.6210000000001
ORD-100605,2026-06-12,Fashion,Hoodie,East,Guwahati,New,4,1886.63,0.05,UPI,Delivered,1031.24,7546.52,377.326,7169.194,4124.96,3044.2340000000004,42.46270919715662,7169.194,3044.2340000000004
ORD-100302,2026-06-12,Electronics,Smart Watch,North,Lucknow,Returning,1,4087.78,0.0,Credit Card,Delivered,2753.22,4087.78,0.0,4087.78,2753.22,1334.5600000000004,32.647549525659414,4087.78,1334.5600000000004
ORD-102081,2026-06-12,Fashion,Backpack,North,Lucknow,Loyal,1,1514.72,0.1,UPI,Delivered,875.27,1514.72,151.472,1363.248,875.27,487.97800000000007,35.79524781991245,1363.248,487.97800000000007
ORD-102424,2026-06-12,Fashion,T-Shirt,South,Bengaluru,Loyal,3,824.1,0.1,Net Banking,Delivered,439.76,2472.3,247.23000000000002,2225.07,1319.28,905.7900000000002,40.70838220820019,2225.07,905.7900000000002
ORD-101040,2026-06-12,Fashion,Denim Jacket,North,Lucknow,Returning,2,2598.74,0.15,Debit Card,Returned,1492.68,5197.48,779.622,4417.857999999999,2985.36,1432.4979999999991,32.42517075016896,0.0,0.0
ORD-101987,2026-06-12,Electronics,Wireless Headphones,South,Hyderabad,Returning,1,2492.38,0.0,Debit Card,Delivered,1631.42,2492.38,0.0,2492.38,1631.42,860.96,34.54368916457362,2492.38,860.96
ORD-100553,2026-06-13,Fashion,Hoodie,West,Mumbai,Returning,2,1843.24,0.1,Debit Card,Delivered,1016.41,3686.48,368.648,3317.832,2032.82,1285.012,38.73047218786244,3317.832,1285.012
ORD-101971,2026-06-13,Home & Kitchen,Coffee Maker,Central,Raipur,New,2,3554.97,0.1,UPI,Delivered,2273.64,7109.94,710.994,6398.946,4547.28,1851.6660000000002,28.937046819898153,6398.946,1851.6660000000002
ORD-102406,2026-06-13,Electronics,Wireless Headphones,South,Hyderabad,Returning,3,2569.99,0.0,UPI,Delivered,1697.0,7709.969999999999,0.0,7709.969999999999,5091.0,2618.9699999999993,33.968614663870284,7709.969999999999,2618.9699999999993
ORD-100038,2026-06-13,Home & Kitchen,Water Bottle,East,Patna,Returning,3,706.81,0.2,Credit Card,Delivered,297.19,2120.43,424.086,1696.3439999999998,891.5699999999999,804.7739999999999,47.44167456600783,1696.3439999999998,804.7739999999999
ORD-102822,2026-06-14,Sports,Dumbbell Set,North,Lucknow,Loyal,4,2619.36,0.0,Cash on Delivery,Delivered,1538.16,10477.44,0.0,10477.44,6152.64,4324.8,41.27725856697819,10477.44,4324.8
ORD-103440,2026-06-14,Home & Kitchen,Water Bottle,West,Mumbai,New,2,721.37,0.0,Credit Card,Delivered,293.13,1442.74,0.0,1442.74,586.26,856.48,59.36481971803651,1442.74,856.48
ORD-102455,2026-06-14,Beauty,Skin Care Kit,West,Ahmedabad,Returning,2,1543.4,0.05,Cash on Delivery,Returned,866.9,3086.8,154.34000000000003,2932.46,1733.8,1198.66,40.875578865525874,0.0,0.0
ORD-100334,2026-06-14,Electronics,Power Bank,West,Mumbai,Loyal,1,1293.18,0.0,Debit Card,Delivered,783.75,1293.18,0.0,1293.18,783.75,509.43000000000006,39.39358789959635,1293.18,509.43000000000006
ORD-100482,2026-06-14,Home & Kitchen,Storage Box Set,West,Mumbai,Loyal,3,979.23,0.0,UPI,Delivered,534.42,2937.69,0.0,2937.69,1603.2599999999998,1334.4300000000003,45.424466162188665,2937.69,1334.4300000000003
ORD-103067,2026-06-14,Electronics,USB-C Hub,East,Kolkata,New,4,968.96,0.0,Debit Card,Delivered,577.62,3875.84,0.0,3875.84,2310.48,1565.3600000000001,40.3876321003963,3875.84,1565.3600000000001
ORD-100388,2026-06-15,Beauty,Perfume,West,Pune,Returning,3,2015.74,0.0,UPI,Delivered,1092.81,6047.22,0.0,6047.22,3278.43,2768.7900000000004,45.786162897992796,6047.22,2768.7900000000004
ORD-103381,2026-06-15,Fashion,Hoodie,South,Chennai,Returning,2,1743.15,0.05,Debit Card,Delivered,1032.9,3486.3,174.31500000000003,3311.985,2065.8,1246.185,37.626529105657184,3311.985,1246.185
ORD-100090,2026-06-15,Beauty,Face Serum,North,Jaipur,Returning,3,865.28,0.0,Net Banking,Delivered,408.52,2595.84,0.0,2595.84,1225.56,1370.2800000000002,52.787536982248525,2595.84,1370.2800000000002
ORD-100545,2026-06-15,Fashion,T-Shirt,Central,Bhopal,New,1,815.65,0.05,Credit Card,Delivered,431.43,815.65,40.7825,774.8675,431.43,343.43749999999994,44.32209377732321,774.8675,343.43749999999994
ORD-102286,2026-06-15,Fashion,Backpack,West,Mumbai,New,1,1453.69,0.1,Debit Card,Delivered,857.83,1453.69,145.369,1308.3210000000001,857.83,450.4910000000001,34.432757710072686,1308.3210000000001,450.4910000000001
ORD-100084,2026-06-16,Electronics,USB-C Hub,East,Guwahati,New,3,999.99,0.1,UPI,Delivered,577.21,2999.9700000000003,299.997,2699.9730000000004,1731.63,968.3430000000003,35.864914204697605,2699.9730000000004,968.3430000000003
ORD-102246,2026-06-16,Electronics,Power Bank,North,Jaipur,Returning,3,1312.97,0.0,UPI,Cancelled,831.1,3938.91,0.0,3938.91,2493.3,1445.6099999999997,36.70076239365712,0.0,0.0
ORD-100101,2026-06-16,Electronics,Power Bank,North,Lucknow,Returning,3,1280.13,0.05,UPI,Delivered,799.66,3840.3900000000003,192.01950000000002,3648.3705000000004,2398.98,1249.3905000000004,34.2451650675281,3648.3705000000004,1249.3905000000004
ORD-103127,2026-06-16,Electronics,USB-C Hub,Central,Nagpur,New,2,1045.56,0.0,Credit Card,Delivered,598.55,2091.12,0.0,2091.12,1197.1,894.02,42.753165767626925,2091.12,894.02
ORD-100611,2026-06-16,Beauty,Perfume,East,Guwahati,Returning,3,2066.31,0.0,Net Banking,Delivered,1126.51,6198.93,0.0,6198.93,3379.5299999999997,2819.4000000000005,45.48204286868863,6198.93,2819.4000000000005
ORD-100582,2026-06-16,Fashion,Denim Jacket,North,Lucknow,Returning,5,2578.01,0.0,UPI,Delivered,1472.04,12890.050000000001,0.0,12890.050000000001,7360.2,5529.850000000001,42.90014390944955,12890.050000000001,5529.850000000001
ORD-102790,2026-06-17,Fashion,Denim Jacket,South,Chennai,New,2,2508.27,0.0,UPI,Delivered,1461.01,5016.54,0.0,5016.54,2922.02,2094.52,41.75228344635944,5016.54,2094.52
ORD-101865,2026-06-17,Home & Kitchen,Air Fryer,South,Chennai,Loyal,1,5040.68,0.1,Credit Card,Delivered,3381.1,5040.68,504.06800000000004,4536.612,3381.1,1155.5120000000002,25.470813902533436,4536.612,1155.5120000000002
ORD-101933,2026-06-17,Fashion,Sneakers,Central,Indore,Returning,3,2987.78,0.15,Cash on Delivery,Delivered,1802.42,8963.34,1344.501,7618.839,5407.26,2211.5789999999997,29.027769191605174,7618.839,2211.5789999999997
ORD-102863,2026-06-17,Home & Kitchen,Coffee Maker,North,Lucknow,Returning,2,3485.09,0.2,UPI,Delivered,2144.81,6970.18,1394.036,5576.144,4289.62,1286.5240000000003,23.071929275858018,5576.144,1286.5240000000003
ORD-103230,2026-06-17,Sports,Running Shoes,Central,Bhopal,New,2,3426.98,0.0,Credit Card,Delivered,2043.88,6853.96,0.0,6853.96,4087.76,2766.2,40.35915003880967,6853.96,2766.2
ORD-103190,2026-06-17,Electronics,Smart Watch,South,Hyderabad,Loyal,4,3880.67,0.1,Credit Card,Delivered,2758.95,15522.68,1552.268,13970.412,11035.8,2934.612000000001,21.005908773484997,13970.412,2934.612000000001
ORD-103148,2026-06-18,Fashion,Denim Jacket,South,Hyderabad,New,2,2417.17,0.2,Debit Card,Delivered,1449.27,4834.34,966.868,3867.472,2898.54,968.9320000000002,25.053368195038004,3867.472,968.9320000000002
ORD-100816,2026-06-18,Fashion,Sneakers,East,Bhubaneswar,Loyal,1,3015.15,0.05,Net Banking,Delivered,1843.1,3015.15,150.75750000000002,2864.3925,1843.1,1021.2925,35.65476798308891,2864.3925,1021.2925
ORD-101097,2026-06-18,Electronics,Bluetooth Speaker,South,Bengaluru,New,2,1980.94,0.0,Credit Card,Delivered,1201.09,3961.88,0.0,3961.88,2402.18,1559.7000000000003,39.36767393257747,3961.88,1559.7000000000003
ORD-101650,2026-06-18,Home & Kitchen,Mixer Grinder,West,Ahmedabad,New,2,2926.33,0.0,UPI,Delivered,1801.01,5852.66,0.0,5852.66,3602.02,2250.64,38.45499311424207,5852.66,2250.64
ORD-103051,2026-06-18,Fashion,Backpack,West,Pune,New,2,1532.35,0.05,Credit Card,Cancelled,857.56,3064.7,153.23499999999999,2911.4649999999997,1715.12,1196.3449999999998,41.09082540920121,0.0,0.0
ORD-101080,2026-06-18,Beauty,Hair Dryer,West,Mumbai,New,1,2318.1,0.2,Net Banking,Returned,1327.4,2318.1,463.62,1854.48,1327.4,527.0799999999999,28.42198352098701,0.0,0.0
ORD-101016,2026-06-19,Sports,Running Shoes,West,Ahmedabad,New,2,3464.22,0.05,Credit Card,Delivered,2044.62,6928.44,346.422,6582.018,4089.24,2492.7780000000002,37.87254911791491,6582.018,2492.7780000000002
ORD-100868,2026-06-19,Sports,Yoga Mat,South,Chennai,Returning,1,961.35,0.0,UPI,Cancelled,504.82,961.35,0.0,961.35,504.82,456.53000000000003,47.48842773183544,0.0,0.0
ORD-102704,2026-06-19,Home & Kitchen,Air Fryer,Central,Raipur,Loyal,1,4889.08,0.05,Net Banking,Delivered,3343.13,4889.08,244.454,4644.626,3343.13,1301.496,28.021545760627443,4644.626,1301.496
ORD-100589,2026-06-19,Home & Kitchen,Water Bottle,South,Bengaluru,Returning,3,724.06,0.0,Credit Card,Cancelled,303.33,2172.18,0.0,2172.18,909.99,1262.1899999999998,58.1070629505842,0.0,0.0
ORD-102784,2026-06-19,Fashion,Sneakers,East,Bhubaneswar,Returning,3,3138.59,0.0,Credit Card,Delivered,1836.29,9415.77,0.0,9415.77,5508.87,3906.9000000000005,41.49315456940856,9415.77,3906.9000000000005
ORD-102451,2026-06-20,Electronics,Smart Watch,East,Bhubaneswar,Returning,2,4006.3,0.1,UPI,Delivered,2633.92,8012.6,801.2600000000001,7211.34,5267.84,1943.5,26.95060834740839,7211.34,1943.5
ORD-101659,2026-06-20,Fashion,Sneakers,West,Ahmedabad,New,1,3125.42,0.05,Debit Card,Delivered,1830.8,3125.42,156.27100000000002,2969.149,1830.8,1138.349,38.339234575294135,2969.149,1138.349
ORD-101086,2026-06-20,Home & Kitchen,Water Bottle,West,Surat,Loyal,1,673.03,0.15,Debit Card,Delivered,298.29,673.03,100.9545,572.0754999999999,298.29,273.7854999999999,47.858280943686616,572.0754999999999,273.7854999999999
ORD-100963,2026-06-20,Electronics,USB-C Hub,North,Chandigarh,Loyal,1,960.29,0.1,Debit Card,Delivered,608.38,960.29,96.029,864.261,608.38,255.88099999999997,29.60691272659532,864.261,255.88099999999997
ORD-101969,2026-06-20,Sports,Running Shoes,East,Bhubaneswar,New,1,3530.66,0.05,Credit Card,Delivered,2111.26,3530.66,176.53300000000002,3354.127,2111.26,1242.8669999999997,37.05485808975032,3354.127,1242.8669999999997
ORD-100019,2026-06-20,Electronics,Power Bank,Central,Indore,New,1,1301.82,0.1,Credit Card,Delivered,777.75,1301.82,130.182,1171.638,777.75,393.8879999999999,33.61857502061216,1171.638,393.8879999999999
ORD-101961,2026-06-20,Sports,Dumbbell Set,South,Hyderabad,New,1,2541.15,0.05,UPI,Delivered,1502.24,2541.15,127.0575,2414.0925,1502.24,911.8525000000002,37.77206134396259,2414.0925,911.8525000000002
ORD-102208,2026-06-20,Sports,Sports Bag,South,Hyderabad,New,1,1586.3,0.0,UPI,Delivered,858.87,1586.3,0.0,1586.3,858.87,727.43,45.857025783269236,1586.3,727.43
ORD-100459,2026-06-21,Electronics,Wireless Headphones,North,Jaipur,New,5,2447.92,0.05,UPI,Delivered,1715.86,12239.6,611.98,11627.62,8579.3,3048.3200000000015,26.21619901579172,11627.62,3048.3200000000015
ORD-100513,2026-06-21,Fashion,Hoodie,Central,Nagpur,New,2,1808.09,0.0,Credit Card,Delivered,974.2,3616.18,0.0,3616.18,1948.4,1667.7799999999997,46.11993871986461,3616.18,1667.7799999999997
ORD-103231,2026-06-21,Sports,Yoga Mat,West,Pune,Returning,3,1015.27,0.0,UPI,Delivered,504.01,3045.81,0.0,3045.81,1512.03,1533.78,50.35704787888936,3045.81,1533.78
ORD-100093,2026-06-21,Electronics,USB-C Hub,North,Delhi,New,3,962.01,0.0,Net Banking,Delivered,595.95,2886.0299999999997,0.0,2886.0299999999997,1787.8500000000001,1098.1799999999996,38.05157950541054,2886.0299999999997,1098.1799999999996
ORD-102457,2026-06-21,Electronics,Power Bank,North,Jaipur,Returning,2,1337.04,0.1,UPI,Cancelled,787.4,2674.08,267.408,2406.672,1574.8,831.8720000000001,34.565241960682634,0.0,0.0
ORD-103459,2026-06-21,Electronics,USB-C Hub,Central,Nagpur,Returning,1,1012.29,0.1,Net Banking,Delivered,598.39,1012.29,101.229,911.0609999999999,598.39,312.67099999999994,34.31943634948702,911.0609999999999,312.67099999999994
ORD-101125,2026-06-21,Electronics,Power Bank,North,Lucknow,Loyal,2,1281.9,0.0,UPI,Delivered,825.02,2563.8,0.0,2563.8,1650.04,913.7600000000002,35.64084561978314,2563.8,913.7600000000002
ORD-101500,2026-06-21,Fashion,Backpack,South,Bengaluru,New,2,1498.43,0.15,UPI,Delivered,878.76,2996.86,449.529,2547.331,1757.52,789.8110000000001,31.005432745096734,2547.331,789.8110000000001
ORD-102826,2026-06-22,Electronics,Bluetooth Speaker,North,Jaipur,New,3,1931.15,0.15,Cash on Delivery,Delivered,1202.86,5793.450000000001,869.0175,4924.432500000001,3608.58,1315.8525000000009,26.720896265711847,4924.432500000001,1315.8525000000009
ORD-101093,2026-06-22,Fashion,T-Shirt,West,Ahmedabad,New,1,806.35,0.05,Net Banking,Delivered,426.89,806.35,40.3175,766.0325,426.89,339.14250000000004,44.272599400156004,766.0325,339.14250000000004
ORD-101024,2026-06-22,Electronics,Wireless Headphones,West,Pune,New,2,2548.85,0.05,Net Banking,Delivered,1670.98,5097.7,254.885,4842.815,3341.96,1500.8549999999996,30.991375883654438,4842.815,1500.8549999999996
ORD-100590,2026-06-23,Electronics,Wireless Headphones,South,Bengaluru,New,4,2572.04,0.0,Net Banking,Delivered,1706.72,10288.16,0.0,10288.16,6826.88,3461.2799999999997,33.64333369621001,10288.16,3461.2799999999997
ORD-101144,2026-06-23,Home & Kitchen,Storage Box Set,North,Delhi,Returning,2,992.15,0.15,Net Banking,Delivered,522.91,1984.3,297.645,1686.655,1045.82,640.835,37.99443276781559,1686.655,640.835
ORD-101126,2026-06-23,Electronics,Smart Watch,South,Chennai,New,4,3966.2,0.0,Cash on Delivery,Delivered,2782.95,15864.8,0.0,15864.8,11131.8,4733.0,29.833341737683426,15864.8,4733.0
ORD-102439,2026-06-23,Electronics,Power Bank,East,Patna,Loyal,1,1352.39,0.0,UPI,Delivered,802.41,1352.39,0.0,1352.39,802.41,549.9800000000001,40.66726314154941,1352.39,549.9800000000001
ORD-102168,2026-06-23,Home & Kitchen,Mixer Grinder,South,Hyderabad,Returning,1,3116.64,0.0,UPI,Cancelled,1820.51,3116.64,0.0,3116.64,1820.51,1296.1299999999999,41.58741465167616,0.0,0.0
ORD-101599,2026-06-24,Beauty,Face Serum,West,Pune,New,1,929.29,0.1,Debit Card,Delivered,428.19,929.29,92.929,836.361,428.19,408.171,48.8032081840258,836.361,408.171
ORD-100361,2026-06-24,Home & Kitchen,Coffee Maker,East,Kolkata,New,4,3638.56,0.05,Cash on Delivery,Delivered,2227.19,14554.24,727.712,13826.528,8908.76,4917.768,35.56762767919756,13826.528,4917.768
ORD-101844,2026-06-24,Electronics,Bluetooth Speaker,East,Guwahati,Returning,2,1947.26,0.2,Debit Card,Delivered,1247.04,3894.52,778.904,3115.616,2494.08,621.5360000000001,19.949056623152533,3115.616,621.5360000000001
ORD-100775,2026-06-24,Sports,Sports Bag,East,Bhubaneswar,Returning,1,1634.52,0.2,Debit Card,Delivered,867.42,1634.52,326.904,1307.616,867.42,440.196,33.66401145290361,1307.616,440.196
ORD-100723,2026-06-24,Beauty,Hair Dryer,East,Bhubaneswar,Returning,3,2230.72,0.15,Debit Card,Returned,1317.58,6692.16,1003.824,5688.336,3952.74,1735.5960000000005,30.511488772815117,0.0,0.0
ORD-102036,2026-06-24,Sports,Running Shoes,Central,Bhopal,Loyal,1,3380.84,0.05,Net Banking,Delivered,2063.03,3380.84,169.04200000000003,3211.7980000000002,2063.03,1148.768,35.76713105867804,3211.7980000000002,1148.768
ORD-100865,2026-06-24,Electronics,Bluetooth Speaker,South,Chennai,New,2,1882.8,0.0,UPI,Delivered,1164.53,3765.6,0.0,3765.6,2329.06,1436.54,38.149033354578286,3765.6,1436.54
ORD-101863,2026-06-25,Home & Kitchen,Air Fryer,North,Chandigarh,New,4,5013.92,0.05,Credit Card,Delivered,3347.21,20055.68,1002.7840000000001,19052.896,13388.84,5664.0560000000005,29.728058138773232,19052.896,5664.0560000000005
ORD-101657,2026-06-25,Home & Kitchen,Storage Box Set,West,Ahmedabad,New,3,1027.45,0.0,UPI,Delivered,516.34,3082.3500000000004,0.0,3082.3500000000004,1549.02,1533.3300000000004,49.74548639836489,3082.3500000000004,1533.3300000000004
ORD-102621,2026-06-25,Fashion,T-Shirt,South,Kochi,Returning,3,775.13,0.0,UPI,Delivered,443.65,2325.39,0.0,2325.39,1330.9499999999998,994.44,42.764439513371954,2325.39,994.44
ORD-100477,2026-06-25,Home & Kitchen,Air Fryer,North,Lucknow,Loyal,1,4905.14,0.15,Cash on Delivery,Delivered,3364.43,4905.14,735.7710000000001,4169.369000000001,3364.43,804.9390000000008,19.306014890982322,4169.369000000001,804.9390000000008
ORD-103156,2026-06-25,Home & Kitchen,Air Fryer,East,Guwahati,Loyal,2,5149.34,0.05,UPI,Delivered,3365.68,10298.68,514.9340000000001,9783.746000000001,6731.36,3052.3860000000013,31.198540926961932,9783.746000000001,3052.3860000000013
ORD-101884,2026-06-25,Fashion,Hoodie,North,Delhi,Returning,1,1858.36,0.1,UPI,Delivered,1034.92,1858.36,185.836,1672.524,1034.92,637.6039999999998,38.12226311849635,1672.524,637.6039999999998
ORD-103316,2026-06-25,Home & Kitchen,Mixer Grinder,North,Jaipur,Returning,2,3062.3,0.15,Credit Card,Delivered,1900.33,6124.6,918.69,5205.91,3800.66,1405.25,26.993359470294337,5205.91,1405.25
ORD-102149,2026-06-25,Electronics,Bluetooth Speaker,North,Jaipur,New,3,1993.23,0.05,UPI,Delivered,1187.81,5979.6900000000005,298.9845,5680.7055,3563.43,2117.2755,37.271347722567214,5680.7055,2117.2755
ORD-102919,2026-06-26,Sports,Resistance Bands,South,Hyderabad,Returning,1,685.81,0.0,Debit Card,Delivered,300.37,685.81,0.0,685.81,300.37,385.43999999999994,56.202155115848406,685.81,385.43999999999994
ORD-101163,2026-06-26,Home & Kitchen,Mixer Grinder,West,Pune,Returning,1,2990.78,0.2,UPI,Delivered,1850.31,2990.78,598.1560000000001,2392.6240000000003,1850.31,542.3140000000003,22.666077076882964,2392.6240000000003,542.3140000000003
ORD-101548,2026-06-26,Fashion,T-Shirt,West,Pune,New,4,817.2,0.0,Debit Card,Delivered,421.47,3268.8,0.0,3268.8,1685.88,1582.92,48.425110132158586,3268.8,1582.92
ORD-100650,2026-06-26,Home & Kitchen,Water Bottle,North,Delhi,Returning,2,673.75,0.05,UPI,Delivered,308.14,1347.5,67.375,1280.125,616.28,663.845,51.85782638414218,1280.125,663.845
ORD-103334,2026-06-26,Electronics,USB-C Hub,West,Surat,New,1,965.16,0.1,UPI,Delivered,594.07,965.16,96.516,868.644,594.07,274.57399999999996,31.60949710122904,868.644,274.57399999999996
ORD-100856,2026-06-26,Electronics,Bluetooth Speaker,South,Chennai,New,1,1867.89,0.05,UPI,Delivered,1234.86,1867.89,93.39450000000001,1774.4955,1234.86,539.6355000000001,30.410643475849902,1774.4955,539.6355000000001
ORD-103332,2026-06-27,Home & Kitchen,Mixer Grinder,North,Jaipur,New,1,2950.64,0.2,Credit Card,Delivered,1797.28,2950.64,590.128,2360.5119999999997,1797.28,563.2319999999997,23.860586177913937,2360.5119999999997,563.2319999999997
ORD-100780,2026-06-27,Home & Kitchen,Storage Box Set,East,Bhubaneswar,New,2,1023.9,0.0,UPI,Delivered,508.15,2047.8,0.0,2047.8,1016.3,1031.5,50.3711299931634,2047.8,1031.5
ORD-101007,2026-06-27,Sports,Running Shoes,South,Kochi,New,2,3670.08,0.0,UPI,Delivered,2099.2,7340.16,0.0,7340.16,4198.4,3141.76,42.80233673380417,7340.16,3141.76
ORD-100297,2026-06-27,Fashion,Denim Jacket,South,Kochi,Returning,5,2410.5,0.15,Credit Card,Delivered,1500.87,12052.5,1807.875,10244.625,7504.349999999999,2740.2750000000005,26.748416852739858,10244.625,2740.2750000000005
ORD-101158,2026-06-27,Electronics,Smart Watch,North,Jaipur,New,1,4088.71,0.1,Net Banking,Delivered,2803.83,4088.71,408.87100000000004,3679.839,2803.83,876.009,23.80563388778694,3679.839,876.009
ORD-102655,2026-06-27,Fashion,Backpack,West,Pune,Returning,4,1498.95,0.0,UPI,Delivered,882.39,5995.8,0.0,5995.8,3529.56,2466.2400000000002,41.13279295506855,5995.8,2466.2400000000002
ORD-102319,2026-06-27,Sports,Sports Bag,South,Kochi,Returning,3,1580.02,0.0,Credit Card,Delivered,871.88,4740.0599999999995,0.0,4740.0599999999995,2615.64,2124.4199999999996,44.81842001999974,4740.0599999999995,2124.4199999999996
ORD-101856,2026-06-28,Electronics,Power Bank,North,Lucknow,New,5,1290.81,0.05,Cash on Delivery,Delivered,820.34,6454.049999999999,322.7025,6131.347499999999,4101.7,2029.6474999999991,33.10279673432308,6131.347499999999,2029.6474999999991
ORD-101150,2026-06-28,Fashion,T-Shirt,North,Delhi,New,2,813.28,0.05,Debit Card,Delivered,418.15,1626.56,81.328,1545.232,836.3,708.932,45.87867711774025,1545.232,708.932
ORD-102512,2026-06-28,Sports,Running Shoes,West,Surat,Returning,1,3529.0,0.15,Credit Card,Delivered,2043.59,3529.0,529.35,2999.65,2043.59,956.0600000000002,31.87238511159636,2999.65,956.0600000000002
ORD-102640,2026-06-28,Home & Kitchen,Coffee Maker,Central,Raipur,Loyal,1,3639.82,0.0,Debit Card,Delivered,2270.23,3639.82,0.0,3639.82,2270.23,1369.5900000000001,37.627959624377034,3639.82,1369.5900000000001
ORD-102673,2026-06-28,Home & Kitchen,Storage Box Set,North,Lucknow,New,3,961.01,0.0,Cash on Delivery,Delivered,526.36,2883.0299999999997,0.0,2883.0299999999997,1579.08,1303.9499999999998,45.228457560275125,2883.0299999999997,1303.9499999999998
ORD-101896,2026-06-28,Beauty,Hair Care Combo,West,Pune,Loyal,1,1356.81,0.2,Debit Card,Delivered,660.16,1356.81,271.362,1085.4479999999999,660.16,425.2879999999999,39.18087278248243,1085.4479999999999,425.2879999999999
ORD-100560,2026-06-28,Sports,Running Shoes,Central,Raipur,Loyal,2,3421.87,0.2,Credit Card,Delivered,2064.22,6843.74,1368.748,5474.992,4128.44,1346.5520000000006,24.594593014930442,5474.992,1346.5520000000006
ORD-100882,2026-06-28,Fashion,Denim Jacket,East,Guwahati,New,2,2435.93,0.15,UPI,Delivered,1425.12,4871.86,730.7789999999999,4141.081,2850.24,1290.8410000000003,31.171595049698382,4141.081,1290.8410000000003
ORD-101465,2026-06-28,Electronics,Power Bank,East,Guwahati,Returning,4,1306.62,0.05,Debit Card,Delivered,811.55,5226.48,261.324,4965.156,3246.2,1718.9560000000001,34.620382521717346,4965.156,1718.9560000000001
ORD-102150,2026-06-29,Electronics,Smart Watch,West,Mumbai,Returning,2,4125.84,0.15,Credit Card,Delivered,2746.1,8251.68,1237.752,7013.928,5492.2,1521.728,21.695802979443187,7013.928,1521.728
ORD-101552,2026-06-29,Fashion,Backpack,East,Guwahati,Loyal,3,1571.09,0.0,Cash on Delivery,Delivered,854.23,4713.2699999999995,0.0,4713.2699999999995,2562.69,2150.5799999999995,45.62819443825624,4713.2699999999995,2150.5799999999995
ORD-101314,2026-06-29,Sports,Running Shoes,North,Chandigarh,New,1,3672.25,0.0,Credit Card,Delivered,2073.6,3672.25,0.0,3672.25,2073.6,1598.65,43.53325617809245,3672.25,1598.65
ORD-100643,2026-06-29,Fashion,Hoodie,East,Bhubaneswar,Loyal,4,1769.65,0.05,Cash on Delivery,Delivered,1039.65,7078.6,353.93000000000006,6724.67,4158.6,2566.0699999999997,38.15904720975155,6724.67,2566.0699999999997
ORD-101310,2026-06-29,Electronics,Bluetooth Speaker,Central,Bhopal,New,2,1882.87,0.05,UPI,Delivered,1227.3,3765.74,188.287,3577.453,2454.6,1122.853,31.386939255386448,3577.453,1122.853
ORD-100146,2026-06-29,Electronics,Wireless Headphones,South,Chennai,New,3,2595.93,0.0,UPI,Cancelled,1627.03,7787.789999999999,0.0,7787.789999999999,4881.09,2906.699999999999,37.32381073449591,0.0,0.0
ORD-101127,2026-06-29,Electronics,Power Bank,North,Delhi,Returning,2,1272.19,0.0,UPI,Delivered,810.46,2544.38,0.0,2544.38,1620.92,923.46,36.29410701231735,2544.38,923.46
ORD-102377,2026-06-29,Home & Kitchen,Storage Box Set,South,Bengaluru,Returning,1,1046.28,0.1,Net Banking,Delivered,528.05,1046.28,104.628,941.6519999999999,528.05,413.602,43.92302039394596,941.6519999999999,413.602
ORD-100835,2026-06-30,Electronics,Wireless Headphones,East,Kolkata,New,1,2490.22,0.05,Debit Card,Delivered,1694.9,2490.22,124.511,2365.709,1694.9,670.8089999999997,28.355516253266984,2365.709,670.8089999999997
ORD-100125,2026-06-30,Sports,Sports Bag,North,Chandigarh,Loyal,1,1636.07,0.05,Debit Card,Delivered,876.93,1636.07,81.8035,1554.2665,876.93,677.3365,43.57917384180898,1554.2665,677.3365
ORD-100151,2026-06-30,Home & Kitchen,Mixer Grinder,North,Delhi,Loyal,1,2922.19,0.0,UPI,Delivered,1889.31,2922.19,0.0,2922.19,1889.31,1032.88,35.34609316984864,2922.19,1032.88
ORD-101401,2026-06-30,Electronics,Power Bank,South,Chennai,Returning,2,1273.46,0.0,Debit Card,Delivered,817.95,2546.92,0.0,2546.92,1635.9,911.02,35.76947842884739,2546.92,911.02
ORD-101560,2026-06-30,Electronics,Smart Watch,West,Pune,Returning,3,3924.6,0.0,UPI,Delivered,2780.47,11773.8,0.0,11773.8,8341.41,3432.3899999999994,29.152779901136416,11773.8,3432.3899999999994
ORD-101347,2026-06-30,Electronics,Bluetooth Speaker,South,Kochi,Returning,1,1826.55,0.15,Credit Card,Delivered,1214.61,1826.55,273.98249999999996,1552.5675,1214.61,337.9575000000002,21.76765261413756,1552.5675,337.9575000000002
ORD-102672,2026-06-30,Electronics,Bluetooth Speaker,Central,Nagpur,New,2,1975.92,0.0,Debit Card,Delivered,1171.68,3951.84,0.0,3951.84,2343.36,1608.48,40.702052714684804,3951.84,1608.48
ORD-102153,2026-07-01,Home & Kitchen,Air Fryer,East,Kolkata,New,1,4902.83,0.05,UPI,Delivered,3255.05,4902.83,245.1415,4657.6885,3255.05,1402.6385,30.114476311586746,4657.6885,1402.6385
ORD-101042,2026-07-01,Electronics,Bluetooth Speaker,Central,Bhopal,New,2,1990.85,0.05,Net Banking,Delivered,1226.88,3981.7,199.085,3782.615,2453.76,1328.8549999999996,35.130590874302555,3782.615,1328.8549999999996
ORD-100232,2026-07-01,Fashion,T-Shirt,South,Chennai,Loyal,1,793.01,0.15,Debit Card,Delivered,436.9,793.01,118.9515,674.0585,436.9,237.1585,35.183667292972345,674.0585,237.1585
ORD-102994,2026-07-01,Fashion,Hoodie,West,Ahmedabad,New,1,1871.39,0.0,Net Banking,Delivered,1034.23,1871.39,0.0,1871.39,1034.23,837.1600000000001,44.73466247014252,1871.39,837.1600000000001
ORD-100610,2026-07-02,Electronics,Bluetooth Speaker,South,Bengaluru,New,2,1867.14,0.2,Debit Card,Delivered,1202.93,3734.28,746.8560000000001,2987.424,2405.86,581.5639999999999,19.467072635153222,2987.424,581.5639999999999
ORD-101292,2026-07-02,Sports,Sports Bag,West,Ahmedabad,New,4,1601.89,0.1,Debit Card,Delivered,881.67,6407.56,640.7560000000001,5766.804,3526.68,2240.1240000000003,38.8451558263468,5766.804,2240.1240000000003
ORD-100037,2026-07-02,Fashion,Denim Jacket,West,Pune,Returning,1,2551.25,0.2,Credit Card,Delivered,1492.85,2551.25,510.25,2041.0,1492.85,548.1500000000001,26.856932876041164,2041.0,548.1500000000001
ORD-100006,2026-07-02,Home & Kitchen,Water Bottle,East,Patna,Returning,5,687.54,0.0,Debit Card,Delivered,292.94,3437.7,0.0,3437.7,1464.7,1972.9999999999998,57.39302440585274,3437.7,1972.9999999999998
ORD-103379,2026-07-02,Sports,Running Shoes,North,Chandigarh,Loyal,2,3640.85,0.1,Credit Card,Delivered,2061.55,7281.7,728.1700000000001,6553.53,4123.1,2430.4299999999994,37.08581482040976,6553.53,2430.4299999999994
ORD-103339,2026-07-02,Sports,Sports Bag,South,Kochi,Loyal,1,1549.99,0.2,Net Banking,Delivered,873.68,1549.99,309.99800000000005,1239.992,873.68,366.312,29.54148091278008,1239.992,366.312
ORD-101247,2026-07-03,Home & Kitchen,Storage Box Set,South,Chennai,New,3,1047.79,0.1,Net Banking,Delivered,517.49,3143.37,314.337,2829.033,1552.47,1276.5629999999999,45.12365179197273,2829.033,1276.5629999999999
ORD-101706,2026-07-03,Beauty,Perfume,East,Patna,Loyal,4,2059.57,0.05,UPI,Delivered,1109.25,8238.28,411.91400000000004,7826.366000000001,4437.0,3389.366000000001,43.30702141964739,7826.366000000001,3389.366000000001
ORD-103107,2026-07-03,Fashion,Denim Jacket,East,Kolkata,New,1,2415.05,0.05,Debit Card,Delivered,1506.72,2415.05,120.75250000000001,2294.2975,1506.72,787.5775000000001,34.3276100854401,2294.2975,787.5775000000001
ORD-102482,2026-07-03,Electronics,Bluetooth Speaker,Central,Nagpur,Returning,5,1906.91,0.1,UPI,Delivered,1175.18,9534.550000000001,953.4550000000002,8581.095000000001,5875.900000000001,2705.1950000000006,31.52505595148405,8581.095000000001,2705.1950000000006
ORD-102869,2026-07-03,Fashion,Hoodie,Central,Nagpur,New,1,1773.25,0.0,Credit Card,Returned,1032.24,1773.25,0.0,1773.25,1032.24,741.01,41.78824192866206,0.0,0.0
ORD-101589,2026-07-04,Fashion,Hoodie,East,Patna,Returning,2,1868.83,0.0,UPI,Delivered,1011.71,3737.66,0.0,3737.66,2023.42,1714.2399999999998,45.86398976899985,3737.66,1714.2399999999998
ORD-103264,2026-07-04,Beauty,Skin Care Kit,South,Chennai,Returning,1,1614.54,0.0,Credit Card,Delivered,857.23,1614.54,0.0,1614.54,857.23,757.31,46.90562017664474,1614.54,757.31
ORD-100668,2026-07-04,Home & Kitchen,Storage Box Set,East,Kolkata,New,2,979.66,0.0,Credit Card,Delivered,517.27,1959.32,0.0,1959.32,1034.54,924.78,47.199028234285365,1959.32,924.78
ORD-102098,2026-07-04,Home & Kitchen,Water Bottle,North,Lucknow,New,3,684.01,0.0,Cash on Delivery,Delivered,294.29,2052.0299999999997,0.0,2052.0299999999997,882.8700000000001,1169.1599999999996,56.97577520796479,2052.0299999999997,1169.1599999999996
ORD-101419,2026-07-04,Electronics,Wireless Headphones,South,Chennai,Returning,1,2533.67,0.0,Credit Card,Delivered,1706.6,2533.67,0.0,2533.67,1706.6,827.0700000000002,32.6431618955902,2533.67,827.0700000000002
ORD-102198,2026-07-04,Electronics,Power Bank,South,Chennai,New,2,1345.62,0.05,Net Banking,Delivered,819.45,2691.24,134.56199999999998,2556.678,1638.9,917.7779999999998,35.89728546183758,2556.678,917.7779999999998
ORD-102332,2026-07-04,Electronics,Wireless Headphones,North,Lucknow,New,1,2522.31,0.0,UPI,Delivered,1712.45,2522.31,0.0,2522.31,1712.45,809.8599999999999,32.10786937370902,2522.31,809.8599999999999
ORD-101735,2026-07-04,Home & Kitchen,Water Bottle,West,Mumbai,New,1,675.07,0.0,UPI,Delivered,297.71,675.07,0.0,675.07,297.71,377.36000000000007,55.89938821159288,675.07,377.36000000000007
ORD-100829,2026-07-05,Electronics,Smart Watch,North,Jaipur,New,2,4137.24,0.05,UPI,Delivered,2663.64,8274.48,413.724,7860.755999999999,5327.28,2533.4759999999997,32.22941915510416,7860.755999999999,2533.4759999999997
ORD-101486,2026-07-05,Electronics,Power Bank,North,Chandigarh,Returning,1,1308.47,0.05,UPI,Delivered,821.47,1308.47,65.4235,1243.0465,821.47,421.5764999999999,33.9147811445509,1243.0465,421.5764999999999
ORD-102903,2026-07-05,Electronics,Bluetooth Speaker,North,Chandigarh,New,1,1920.26,0.05,Net Banking,Cancelled,1218.13,1920.26,96.013,1824.247,1218.13,606.117,33.2255993842939,0.0,0.0
ORD-101509,2026-07-05,Home & Kitchen,Air Fryer,South,Kochi,Returning,2,5046.35,0.0,Credit Card,Delivered,3336.83,10092.7,0.0,10092.7,6673.66,3419.040000000001,33.87636608637927,10092.7,3419.040000000001
ORD-102601,2026-07-05,Electronics,Power Bank,North,Lucknow,Loyal,2,1247.56,0.0,Credit Card,Cancelled,818.71,2495.12,0.0,2495.12,1637.42,857.6999999999998,34.37510019558177,0.0,0.0
ORD-102847,2026-07-05,Fashion,T-Shirt,West,Pune,New,1,801.6,0.0,Credit Card,Delivered,423.42,801.6,0.0,801.6,423.42,378.18,47.17814371257485,801.6,378.18
ORD-103456,2026-07-06,Electronics,Power Bank,West,Mumbai,Returning,1,1351.01,0.1,Debit Card,Delivered,819.56,1351.01,135.101,1215.909,819.56,396.34900000000016,32.59692953995736,1215.909,396.34900000000016
ORD-102906,2026-07-06,Sports,Resistance Bands,West,Mumbai,New,2,716.64,0.0,Credit Card,Delivered,299.17,1433.28,0.0,1433.28,598.34,834.9399999999999,58.25379549006474,1433.28,834.9399999999999
ORD-101521,2026-07-06,Sports,Running Shoes,West,Surat,New,2,3595.95,0.1,Net Banking,Delivered,2150.73,7191.9,719.19,6472.709999999999,4301.46,2171.249999999999,33.54468221193286,6472.709999999999,2171.249999999999
ORD-100427,2026-07-06,Fashion,Denim Jacket,South,Bengaluru,Returning,1,2583.46,0.0,Credit Card,Delivered,1459.95,2583.46,0.0,2583.46,1459.95,1123.51,43.48857733427264,2583.46,1123.51
ORD-102558,2026-07-07,Fashion,Hoodie,North,Jaipur,Loyal,1,1738.51,0.05,Debit Card,Delivered,974.32,1738.51,86.9255,1651.5845,974.32,677.2644999999999,41.00695423092188,1651.5845,677.2644999999999
ORD-101325,2026-07-07,Sports,Dumbbell Set,West,Mumbai,New,1,2432.71,0.1,UPI,Delivered,1527.55,2432.71,243.27100000000002,2189.439,1527.55,661.8889999999999,30.230986111054015,2189.439,661.8889999999999
ORD-103470,2026-07-07,Electronics,Bluetooth Speaker,West,Mumbai,New,1,1973.23,0.15,UPI,Delivered,1166.78,1973.23,295.98449999999997,1677.2455,1166.78,510.4655,30.43475150179267,1677.2455,510.4655
ORD-101734,2026-07-07,Home & Kitchen,Storage Box Set,West,Ahmedabad,Returning,1,993.01,0.0,Debit Card,Delivered,534.41,993.01,0.0,993.01,534.41,458.6,46.18281789710073,993.01,458.6
ORD-101280,2026-07-07,Fashion,Backpack,North,Lucknow,Returning,1,1563.88,0.0,Credit Card,Delivered,883.52,1563.88,0.0,1563.88,883.52,680.3600000000001,43.50461672251068,1563.88,680.3600000000001
ORD-103463,2026-07-08,Sports,Yoga Mat,North,Lucknow,New,2,1042.23,0.0,Debit Card,Delivered,499.02,2084.46,0.0,2084.46,998.04,1086.42,52.119973518321295,2084.46,1086.42
ORD-100504,2026-07-08,Home & Kitchen,Coffee Maker,West,Ahmedabad,New,2,3416.05,0.1,Credit Card,Delivered,2213.58,6832.1,683.21,6148.89,4427.16,1721.7300000000005,28.000663534394022,6148.89,1721.7300000000005
ORD-101214,2026-07-08,Home & Kitchen,Storage Box Set,South,Kochi,New,1,1030.24,0.15,Cash on Delivery,Delivered,507.22,1030.24,154.536,875.704,507.22,368.4839999999999,42.078601902012544,875.704,368.4839999999999
ORD-102818,2026-07-08,Electronics,Power Bank,South,Bengaluru,New,4,1309.58,0.1,Credit Card,Delivered,813.6,5238.32,523.832,4714.487999999999,3254.4,1460.0879999999993,30.970234731746043,4714.487999999999,1460.0879999999993
ORD-103120,2026-07-08,Home & Kitchen,Storage Box Set,North,Delhi,Loyal,2,993.32,0.05,Net Banking,Delivered,508.5,1986.64,99.33200000000001,1887.308,1017.0,870.308,46.11372388608537,1887.308,870.308
ORD-103340,2026-07-08,Fashion,Hoodie,North,Jaipur,New,1,1732.67,0.05,UPI,Delivered,1019.66,1732.67,86.63350000000001,1646.0365000000002,1019.66,626.3765000000002,38.053621532693846,1646.0365000000002,626.3765000000002
ORD-100492,2026-07-08,Electronics,USB-C Hub,South,Kochi,New,1,1042.47,0.2,Debit Card,Delivered,594.37,1042.47,208.49400000000003,833.976,594.37,239.606,28.73056298982225,833.976,239.606
ORD-101023,2026-07-09,Sports,Running Shoes,East,Patna,Returning,3,3646.06,0.1,UPI,Delivered,2048.84,10938.18,1093.818,9844.362000000001,6146.52,3697.8420000000006,37.56304369953076,9844.362000000001,3697.8420000000006
ORD-102105,2026-07-10,Home & Kitchen,Air Fryer,North,Lucknow,New,2,4858.83,0.15,Cash on Delivery,Delivered,3378.47,9717.66,1457.649,8260.011,6756.94,1503.0710000000008,18.196961238913616,8260.011,1503.0710000000008
ORD-102797,2026-07-10,Sports,Resistance Bands,North,Lucknow,Returning,1,679.63,0.05,Net Banking,Delivered,292.95,679.63,33.981500000000004,645.6485,292.95,352.6985,54.62701454429152,645.6485,352.6985
ORD-102879,2026-07-10,Electronics,USB-C Hub,South,Bengaluru,New,1,963.92,0.05,UPI,Delivered,588.6,963.92,48.196,915.7239999999999,588.6,327.1239999999999,35.722990770144705,915.7239999999999,327.1239999999999
ORD-102756,2026-07-10,Fashion,Sneakers,East,Guwahati,Loyal,1,2909.46,0.2,Debit Card,Delivered,1854.64,2909.46,581.892,2327.568,1854.64,472.9280000000001,20.31854708433868,2327.568,472.9280000000001
ORD-100921,2026-07-11,Home & Kitchen,Air Fryer,South,Kochi,Returning,1,5208.26,0.0,Cash on Delivery,Delivered,3333.19,5208.26,0.0,5208.26,3333.19,1875.0700000000002,36.00185090606076,5208.26,1875.0700000000002
ORD-103160,2026-07-11,Electronics,Power Bank,West,Mumbai,Returning,2,1249.15,0.0,Debit Card,Delivered,814.58,2498.3,0.0,2498.3,1629.16,869.1400000000001,34.78925669455229,2498.3,869.1400000000001
ORD-102390,2026-07-11,Beauty,Hair Care Combo,North,Lucknow,Loyal,2,1259.39,0.05,Net Banking,Delivered,667.42,2518.78,125.93900000000002,2392.8410000000003,1334.84,1058.0010000000004,44.21526545223858,2392.8410000000003,1058.0010000000004
ORD-101943,2026-07-12,Electronics,Power Bank,South,Bengaluru,Loyal,3,1346.66,0.0,Credit Card,Delivered,786.11,4039.9800000000005,0.0,4039.9800000000005,2358.33,1681.6500000000005,41.62520606537657,4039.9800000000005,1681.6500000000005
ORD-101408,2026-07-12,Electronics,Wireless Headphones,East,Guwahati,New,2,2511.92,0.05,UPI,Cancelled,1646.01,5023.84,251.192,4772.648,3292.02,1480.6280000000002,31.023197185294205,0.0,0.0
ORD-101898,2026-07-12,Fashion,Denim Jacket,West,Mumbai,Returning,2,2593.9,0.2,Debit Card,Delivered,1495.38,5187.8,1037.5600000000002,4150.24,2990.76,1159.4799999999996,27.93766143644704,4150.24,1159.4799999999996
ORD-101658,2026-07-12,Electronics,Wireless Headphones,East,Guwahati,New,2,2406.97,0.1,Debit Card,Returned,1620.96,4813.94,481.394,4332.545999999999,3241.92,1090.6259999999993,25.17286602381139,0.0,0.0
ORD-100396,2026-07-12,Sports,Running Shoes,West,Ahmedabad,Loyal,1,3645.44,0.1,Debit Card,Returned,2166.42,3645.44,364.54400000000004,3280.896,2166.42,1114.476,33.96864758895131,0.0,0.0
ORD-102710,2026-07-12,Beauty,Hair Dryer,South,Chennai,Returning,2,2302.78,0.1,Credit Card,Delivered,1300.47,4605.56,460.55600000000004,4145.004000000001,2600.94,1544.0640000000008,37.25120651270784,4145.004000000001,1544.0640000000008
ORD-101245,2026-07-13,Home & Kitchen,Water Bottle,West,Pune,New,1,688.75,0.0,Credit Card,Delivered,307.1,688.75,0.0,688.75,307.1,381.65,55.4119782214156,688.75,381.65
ORD-103418,2026-07-13,Beauty,Skin Care Kit,South,Bengaluru,Returning,1,1663.52,0.15,Debit Card,Delivered,855.38,1663.52,249.528,1413.992,855.38,558.612,39.506022664909,1413.992,558.612
ORD-102142,2026-07-13,Home & Kitchen,Mixer Grinder,West,Surat,Returning,1,3104.67,0.0,UPI,Delivered,1913.9,3104.67,0.0,3104.67,1913.9,1190.77,38.3541568024943,3104.67,1190.77
ORD-102386,2026-07-13,Electronics,Smart Watch,Central,Bhopal,New,3,4158.65,0.0,Credit Card,Delivered,2773.72,12475.949999999999,0.0,12475.949999999999,8321.16,4154.789999999999,33.30239380568213,12475.949999999999,4154.789999999999
ORD-100558,2026-07-13,Fashion,Sneakers,West,Mumbai,New,1,3006.74,0.05,Debit Card,Delivered,1782.73,3006.74,150.337,2856.403,1782.73,1073.6729999999998,37.588288487303785,2856.403,1073.6729999999998
ORD-103358,2026-07-14,Fashion,Sneakers,North,Jaipur,New,1,3081.34,0.0,Credit Card,Delivered,1786.65,3081.34,0.0,3081.34,1786.65,1294.69,42.01710943939974,3081.34,1294.69
ORD-101824,2026-07-14,Fashion,Sneakers,East,Bhubaneswar,Returning,2,3003.56,0.15,UPI,Delivered,1868.31,6007.12,901.068,5106.052,3736.62,1369.4319999999998,26.81978170218399,5106.052,1369.4319999999998
ORD-102227,2026-07-14,Electronics,Wireless Headphones,West,Pune,Returning,2,2582.44,0.1,Cash on Delivery,Delivered,1603.59,5164.88,516.488,4648.392,3207.18,1441.212,31.004528017430545,4648.392,1441.212
ORD-101893,2026-07-15,Beauty,Face Serum,East,Kolkata,New,5,936.4,0.1,Credit Card,Delivered,422.86,4682.0,468.20000000000005,4213.8,2114.3,2099.5,49.824386539465564,4213.8,2099.5
ORD-101716,2026-07-15,Beauty,Hair Care Combo,Central,Indore,New,4,1319.74,0.0,UPI,Delivered,654.15,5278.96,0.0,5278.96,2616.6,2662.36,50.43341870368406,5278.96,2662.36
ORD-101201,2026-07-15,Electronics,Smart Watch,Central,Nagpur,Loyal,2,4094.6,0.2,Debit Card,Delivered,2699.07,8189.2,1637.8400000000001,6551.36,5398.14,1153.2199999999993,17.60275729008938,6551.36,1153.2199999999993
ORD-102304,2026-07-15,Fashion,Denim Jacket,Central,Nagpur,Returning,5,2577.24,0.15,UPI,Cancelled,1468.22,12886.199999999999,1932.9299999999998,10953.269999999999,7341.1,3612.1699999999983,32.97800565493226,0.0,0.0
ORD-102001,2026-07-15,Electronics,Bluetooth Speaker,West,Pune,New,5,1928.87,0.0,Net Banking,Delivered,1173.43,9644.349999999999,0.0,9644.349999999999,5867.150000000001,3777.199999999998,39.16489965627542,9644.349999999999,3777.199999999998
ORD-102678,2026-07-15,Electronics,Bluetooth Speaker,South,Chennai,New,2,1905.3,0.1,Credit Card,Delivered,1188.24,3810.6,381.06,3429.54,2376.48,1053.06,30.70557567487185,3429.54,1053.06
ORD-100781,2026-07-15,Home & Kitchen,Storage Box Set,South,Kochi,Loyal,1,971.46,0.0,Debit Card,Delivered,531.17,971.46,0.0,971.46,531.17,440.2900000000001,45.32250427192062,971.46,440.2900000000001
ORD-100812,2026-07-15,Home & Kitchen,Storage Box Set,Central,Indore,New,2,1015.55,0.05,UPI,Delivered,522.81,2031.1,101.555,1929.5449999999998,1045.62,883.925,45.81002257008777,1929.5449999999998,883.925
ORD-102652,2026-07-15,Beauty,Face Serum,Central,Bhopal,Loyal,5,933.24,0.05,Debit Card,Delivered,408.1,4666.2,233.31,4432.889999999999,2040.5,2392.3899999999994,53.96908111863817,4432.889999999999,2392.3899999999994
ORD-101634,2026-07-16,Home & Kitchen,Storage Box Set,East,Kolkata,Loyal,1,1033.38,0.15,Debit Card,Cancelled,525.3,1033.38,155.007,878.373,525.3,353.0730000000001,40.19624920164897,0.0,0.0
ORD-102651,2026-07-16,Beauty,Hair Dryer,West,Ahmedabad,New,1,2327.29,0.1,Credit Card,Delivered,1343.28,2327.29,232.729,2094.561,1343.28,751.2810000000002,35.868184311652904,2094.561,751.2810000000002
ORD-101371,2026-07-16,Electronics,Wireless Headphones,Central,Bhopal,Loyal,5,2474.44,0.05,UPI,Delivered,1620.02,12372.2,618.6100000000001,11753.59,8100.1,3653.49,31.08403475023376,11753.59,3653.49
ORD-101713,2026-07-16,Electronics,USB-C Hub,North,Delhi,Loyal,2,988.31,0.0,Net Banking,Returned,591.08,1976.62,0.0,1976.62,1182.16,794.4599999999998,40.19285446873956,0.0,0.0
ORD-102701,2026-07-17,Beauty,Face Serum,South,Kochi,Loyal,1,911.63,0.0,UPI,Delivered,432.3,911.63,0.0,911.63,432.3,479.33,52.579445608415696,911.63,479.33
ORD-101792,2026-07-17,Home & Kitchen,Mixer Grinder,South,Kochi,Returning,2,3097.56,0.05,Cash on Delivery,Delivered,1817.56,6195.12,309.75600000000003,5885.364,3635.12,2250.2439999999997,38.234576484988864,5885.364,2250.2439999999997
ORD-101141,2026-07-17,Electronics,USB-C Hub,North,Delhi,Returning,2,992.73,0.2,Credit Card,Delivered,579.03,1985.46,397.09200000000004,1588.368,1158.06,430.308,27.09120304614548,1588.368,430.308
ORD-100517,2026-07-17,Beauty,Skin Care Kit,Central,Nagpur,New,3,1649.69,0.1,UPI,Delivered,865.73,4949.07,494.907,4454.163,2597.19,1856.9729999999995,41.690728426418154,4454.163,1856.9729999999995
ORD-101815,2026-07-18,Sports,Yoga Mat,West,Pune,Loyal,3,966.74,0.1,Credit Card,Delivered,500.63,2900.2200000000003,290.02200000000005,2610.1980000000003,1501.8899999999999,1108.3080000000004,42.46068689041982,2610.1980000000003,1108.3080000000004
ORD-103046,2026-07-18,Electronics,Smart Watch,East,Kolkata,New,3,4086.18,0.05,Cash on Delivery,Delivered,2727.71,12258.539999999999,612.927,11645.613,8183.13,3462.4829999999993,29.73208022626202,11645.613,3462.4829999999993
ORD-103428,2026-07-18,Electronics,Smart Watch,South,Kochi,Loyal,1,3930.1,0.0,Debit Card,Delivered,2716.37,3930.1,0.0,3930.1,2716.37,1213.73,30.88292918755248,3930.1,1213.73
ORD-103239,2026-07-18,Sports,Dumbbell Set,North,Lucknow,Returning,2,2615.8,0.15,Credit Card,Delivered,1531.88,5231.6,784.74,4446.860000000001,3063.76,1383.1000000000004,31.102845603414547,4446.860000000001,1383.1000000000004
ORD-100904,2026-07-19,Beauty,Hair Care Combo,North,Jaipur,New,3,1277.39,0.15,Debit Card,Delivered,651.01,3832.17,574.8255,3257.3445,1953.03,1304.3145000000002,40.04226448875764,3257.3445,1304.3145000000002
ORD-102240,2026-07-19,Sports,Yoga Mat,West,Surat,Loyal,1,1014.22,0.1,Net Banking,Cancelled,498.49,1014.22,101.42200000000001,912.798,498.49,414.308,45.38879357754947,0.0,0.0
ORD-102757,2026-07-19,Fashion,Backpack,South,Hyderabad,Returning,1,1525.87,0.15,Cash on Delivery,Delivered,836.52,1525.87,228.88049999999998,1296.9895,836.52,460.4694999999999,35.502947402426926,1296.9895,460.4694999999999
ORD-103474,2026-07-20,Electronics,Smart Watch,East,Bhubaneswar,New,2,4005.04,0.15,Credit Card,Delivered,2674.0,8010.08,1201.512,6808.568,5348.0,1460.5680000000002,21.45191176764336,6808.568,1460.5680000000002
ORD-101004,2026-07-20,Electronics,Power Bank,West,Mumbai,Returning,2,1299.72,0.05,Credit Card,Delivered,786.09,2599.44,129.972,2469.468,1572.18,897.2879999999998,36.335275452040676,2469.468,897.2879999999998
ORD-100375,2026-07-20,Fashion,T-Shirt,East,Patna,New,2,819.29,0.0,Debit Card,Delivered,445.28,1638.58,0.0,1638.58,890.56,748.02,45.65050226415555,1638.58,748.02
ORD-101324,2026-07-20,Beauty,Face Serum,South,Kochi,New,5,927.46,0.05,Debit Card,Delivered,426.06,4637.3,231.865,4405.435,2130.3,2275.135,51.64382177923406,4405.435,2275.135
ORD-102091,2026-07-21,Home & Kitchen,Coffee Maker,West,Mumbai,Returning,3,3428.02,0.0,UPI,Delivered,2242.38,10284.06,0.0,10284.06,6727.14,3556.919999999999,34.586729365639634,10284.06,3556.919999999999
ORD-100035,2026-07-21,Electronics,USB-C Hub,South,Chennai,New,1,972.46,0.1,UPI,Cancelled,610.69,972.46,97.24600000000001,875.214,610.69,264.524,30.223922377841305,0.0,0.0
ORD-101912,2026-07-21,Sports,Sports Bag,North,Jaipur,Loyal,1,1535.48,0.05,UPI,Delivered,853.01,1535.48,76.774,1458.7060000000001,853.01,605.6960000000001,41.52282913760553,1458.7060000000001,605.6960000000001
ORD-101752,2026-07-21,Home & Kitchen,Water Bottle,Central,Raipur,New,2,725.7,0.15,Credit Card,Delivered,296.49,1451.4,217.71,1233.69,592.98,640.71,51.934440580696936,1233.69,640.71
ORD-101375,2026-07-21,Electronics,Wireless Headphones,North,Lucknow,Returning,1,2444.99,0.15,Debit Card,Returned,1608.67,2444.99,366.7485,2078.2414999999996,1608.67,469.57149999999956,22.594655144746152,0.0,0.0
ORD-102498,2026-07-21,Electronics,Smart Watch,West,Mumbai,New,3,4183.83,0.05,Net Banking,Delivered,2697.43,12551.49,627.5745000000001,11923.9155,8092.289999999999,3831.6255,32.13395381743523,11923.9155,3831.6255
ORD-103162,2026-07-22,Fashion,Sneakers,West,Ahmedabad,New,3,2995.95,0.2,Credit Card,Delivered,1855.93,8987.849999999999,1797.5699999999997,7190.279999999999,5567.79,1622.4899999999989,22.56504614562992,7190.279999999999,1622.4899999999989
ORD-103126,2026-07-22,Home & Kitchen,Storage Box Set,North,Jaipur,Returning,2,972.71,0.05,UPI,Delivered,518.06,1945.42,97.27100000000002,1848.1490000000001,1036.12,812.0290000000002,43.93742063004662,1848.1490000000001,812.0290000000002
ORD-102452,2026-07-22,Beauty,Hair Care Combo,Central,Bhopal,New,2,1345.53,0.0,Credit Card,Delivered,673.61,2691.06,0.0,2691.06,1347.22,1343.84,49.93719946786768,2691.06,1343.84
ORD-101692,2026-07-22,Electronics,USB-C Hub,West,Mumbai,Returning,3,986.84,0.2,Cash on Delivery,Delivered,609.98,2960.52,592.104,2368.416,1829.94,538.4760000000001,22.735701836163923,2368.416,538.4760000000001
ORD-100565,2026-07-22,Fashion,T-Shirt,West,Mumbai,Returning,1,830.94,0.05,UPI,Delivered,428.77,830.94,41.547000000000004,789.393,428.77,360.62300000000005,45.68358219543371,789.393,360.62300000000005
ORD-101606,2026-07-22,Fashion,Hoodie,North,Chandigarh,Returning,2,1738.79,0.0,Debit Card,Delivered,1013.7,3477.58,0.0,3477.58,2027.4,1450.1799999999998,41.700837939026556,3477.58,1450.1799999999998
ORD-100358,2026-07-23,Sports,Running Shoes,East,Guwahati,New,2,3481.77,0.05,Credit Card,Delivered,2110.96,6963.54,348.177,6615.363,4221.92,2393.443,36.1800705418584,6615.363,2393.443
ORD-101389,2026-07-23,Beauty,Perfume,West,Mumbai,Returning,4,2033.26,0.05,Credit Card,Delivered,1137.98,8133.04,406.65200000000004,7726.388,4551.92,3174.468,41.08605469981575,7726.388,3174.468
ORD-100362,2026-07-23,Home & Kitchen,Coffee Maker,West,Mumbai,New,1,3410.04,0.1,Credit Card,Delivered,2226.21,3410.04,341.004,3069.036,2226.21,842.826,27.462238957118785,3069.036,842.826
ORD-102042,2026-07-24,Fashion,Sneakers,South,Hyderabad,Loyal,1,2953.77,0.0,UPI,Delivered,1810.43,2953.77,0.0,2953.77,1810.43,1143.34,38.70782085267302,2953.77,1143.34
ORD-100048,2026-07-24,Fashion,T-Shirt,West,Ahmedabad,New,2,778.9,0.15,Net Banking,Delivered,434.5,1557.8,233.67,1324.1299999999999,869.0,455.1299999999999,34.37200274897479,1324.1299999999999,455.1299999999999
ORD-100389,2026-07-24,Beauty,Perfume,West,Mumbai,Returning,3,1991.27,0.05,Credit Card,Delivered,1120.44,5973.8099999999995,298.6905,5675.1195,3361.32,2313.7994999999996,40.77093883221313,5675.1195,2313.7994999999996
ORD-102471,2026-07-24,Electronics,Power Bank,Central,Raipur,Returning,2,1262.76,0.0,Debit Card,Delivered,792.45,2525.52,0.0,2525.52,1584.9,940.6199999999999,37.24460705122113,2525.52,940.6199999999999
ORD-102300,2026-07-24,Beauty,Perfume,South,Hyderabad,Returning,1,2041.83,0.0,UPI,Delivered,1087.64,2041.83,0.0,2041.83,1087.64,954.1899999999998,46.73209816684052,2041.83,954.1899999999998
ORD-100364,2026-07-25,Home & Kitchen,Coffee Maker,Central,Bhopal,New,2,3553.5,0.0,UPI,Delivered,2190.32,7107.0,0.0,7107.0,4380.64,2726.3599999999997,38.361615308850425,7107.0,2726.3599999999997
ORD-103030,2026-07-25,Home & Kitchen,Mixer Grinder,Central,Raipur,Loyal,1,2951.45,0.2,Credit Card,Cancelled,1847.96,2951.45,590.29,2361.16,1847.96,513.1999999999998,21.73507936776838,0.0,0.0
ORD-102446,2026-07-25,Home & Kitchen,Mixer Grinder,West,Ahmedabad,New,2,3076.49,0.05,Credit Card,Delivered,1918.24,6152.98,307.649,5845.330999999999,3836.48,2008.8509999999992,34.36676212176863,5845.330999999999,2008.8509999999992
ORD-100579,2026-07-25,Home & Kitchen,Coffee Maker,North,Lucknow,New,1,3604.75,0.05,Debit Card,Returned,2215.17,3604.75,180.2375,3424.5125,2215.17,1209.3424999999997,35.31429656045933,0.0,0.0
ORD-102061,2026-07-25,Home & Kitchen,Coffee Maker,West,Surat,Returning,1,3359.48,0.05,Credit Card,Delivered,2187.63,3359.48,167.97400000000002,3191.506,2187.63,1003.8759999999997,31.45461734992821,3191.506,1003.8759999999997
ORD-100304,2026-07-26,Beauty,Hair Dryer,Central,Raipur,Loyal,4,2289.46,0.05,Net Banking,Delivered,1342.55,9157.84,457.89200000000005,8699.948,5370.2,3329.7480000000005,38.2731942765635,8699.948,3329.7480000000005
ORD-101304,2026-07-26,Beauty,Skin Care Kit,North,Jaipur,New,4,1653.76,0.15,Debit Card,Delivered,836.69,6615.04,992.256,5622.784,3346.76,2276.0239999999994,40.47859565652886,5622.784,2276.0239999999994
ORD-101878,2026-07-26,Home & Kitchen,Air Fryer,East,Kolkata,Returning,4,5161.13,0.0,Net Banking,Delivered,3204.52,20644.52,0.0,20644.52,12818.08,7826.4400000000005,37.91049634479271,20644.52,7826.4400000000005
ORD-101632,2026-07-27,Sports,Resistance Bands,West,Surat,Loyal,5,676.82,0.05,Credit Card,Delivered,293.81,3384.1000000000004,169.20500000000004,3214.8950000000004,1469.05,1745.8450000000005,54.30488398532457,3214.8950000000004,1745.8450000000005
ORD-100828,2026-07-27,Sports,Yoga Mat,West,Pune,Returning,2,1021.23,0.1,Credit Card,Delivered,511.3,2042.46,204.246,1838.214,1022.6,815.6139999999999,44.369915581102084,1838.214,815.6139999999999
ORD-101471,2026-07-27,Electronics,Bluetooth Speaker,South,Hyderabad,Loyal,1,1939.63,0.05,UPI,Delivered,1230.89,1939.63,96.98150000000001,1842.6485,1230.89,611.7584999999999,33.19995647569245,1842.6485,611.7584999999999
ORD-101384,2026-07-27,Electronics,Wireless Headphones,North,Lucknow,New,3,2573.26,0.05,Net Banking,Delivered,1712.05,7719.780000000001,385.98900000000003,7333.791000000001,5136.15,2197.6410000000014,29.96596166975581,7333.791000000001,2197.6410000000014
ORD-101557,2026-07-27,Electronics,Bluetooth Speaker,North,Delhi,Returning,1,1911.26,0.0,Credit Card,Delivered,1242.05,1911.26,0.0,1911.26,1242.05,669.21,35.014074484894785,1911.26,669.21
ORD-102978,2026-07-27,Electronics,Power Bank,North,Lucknow,New,3,1255.25,0.05,Cash on Delivery,Delivered,780.17,3765.75,188.28750000000002,3577.4625,2340.5099999999998,1236.9525000000003,34.57625341984718,3577.4625,1236.9525000000003
ORD-100095,2026-07-27,Electronics,Bluetooth Speaker,North,Delhi,Loyal,2,1846.9,0.1,Net Banking,Delivered,1210.44,3693.8,369.38000000000005,3324.42,2420.88,903.54,27.17887631526702,3324.42,903.54
ORD-103243,2026-07-27,Home & Kitchen,Water Bottle,Central,Nagpur,Returning,1,713.6,0.1,Credit Card,Delivered,297.57,713.6,71.36,642.24,297.57,344.67,53.666853512705536,642.24,344.67
ORD-100740,2026-07-28,Home & Kitchen,Storage Box Set,East,Bhubaneswar,Returning,2,984.08,0.0,Credit Card,Delivered,530.42,1968.16,0.0,1968.16,1060.84,907.3200000000002,46.09991057637591,1968.16,907.3200000000002
ORD-102838,2026-07-28,Sports,Yoga Mat,Central,Raipur,Returning,1,976.47,0.15,Cash on Delivery,Delivered,515.02,976.47,146.4705,829.9995,515.02,314.97950000000003,37.94936021045796,829.9995,314.97950000000003
ORD-100179,2026-07-29,Electronics,Bluetooth Speaker,South,Hyderabad,New,1,1880.62,0.0,UPI,Delivered,1183.6,1880.62,0.0,1880.62,1183.6,697.02,37.06330890876413,1880.62,697.02
ORD-103109,2026-07-29,Electronics,Wireless Headphones,West,Mumbai,Returning,3,2482.42,0.1,UPI,Delivered,1707.08,7447.26,744.7260000000001,6702.534,5121.24,1581.2939999999999,23.59248009782569,6702.534,1581.2939999999999
ORD-102939,2026-07-30,Sports,Yoga Mat,West,Ahmedabad,New,1,1004.58,0.2,UPI,Delivered,490.44,1004.58,200.91600000000003,803.664,490.44,313.224,38.974496804634775,803.664,313.224
ORD-101428,2026-07-30,Fashion,Denim Jacket,West,Pune,New,1,2450.67,0.0,Credit Card,Delivered,1461.06,2450.67,0.0,2450.67,1461.06,989.6100000000001,40.3812018754055,2450.67,989.6100000000001
ORD-101037,2026-07-30,Home & Kitchen,Air Fryer,South,Chennai,Returning,1,4832.7,0.1,UPI,Delivered,3224.95,4832.7,483.27,4349.43,3224.95,1124.4800000000005,25.853502642875053,4349.43,1124.4800000000005
ORD-101826,2026-07-30,Fashion,Sneakers,South,Kochi,Returning,3,2902.74,0.0,Credit Card,Delivered,1808.11,8708.22,0.0,8708.22,5424.33,3283.8899999999994,37.71023240111067,8708.22,3283.8899999999994
ORD-100220,2026-07-30,Fashion,Backpack,North,Delhi,New,2,1527.98,0.0,UPI,Returned,830.75,3055.96,0.0,3055.96,1661.5,1394.46,45.6308328643045,0.0,0.0
ORD-101315,2026-07-30,Fashion,Denim Jacket,South,Bengaluru,New,3,2446.98,0.15,Cash on Delivery,Delivered,1487.54,7340.9400000000005,1101.141,6239.799000000001,4462.62,1777.179000000001,28.481350120412547,6239.799000000001,1777.179000000001
ORD-100592,2026-07-30,Electronics,Smart Watch,West,Surat,Returning,2,3991.39,0.05,Net Banking,Delivered,2694.73,7982.78,399.139,7583.641,5389.46,2194.1809999999996,28.933081088622203,7583.641,2194.1809999999996
ORD-101732,2026-07-31,Home & Kitchen,Storage Box Set,North,Lucknow,Returning,1,974.01,0.0,Net Banking,Delivered,522.4,974.01,0.0,974.01,522.4,451.61,46.36605373661462,974.01,451.61
ORD-102989,2026-07-31,Electronics,USB-C Hub,North,Delhi,Returning,2,982.74,0.1,Net Banking,Delivered,607.6,1965.48,196.548,1768.932,1215.2,553.732,31.303181806875557,1768.932,553.732
ORD-101206,2026-07-31,Fashion,Backpack,West,Pune,Returning,1,1493.55,0.0,UPI,Delivered,882.35,1493.55,0.0,1493.55,882.35,611.1999999999999,40.922633992835856,1493.55,611.1999999999999
ORD-102778,2026-07-31,Home & Kitchen,Coffee Maker,South,Kochi,Returning,4,3512.64,0.0,Cash on Delivery,Delivered,2211.27,14050.56,0.0,14050.56,8845.08,5205.48,37.04820306094561,14050.56,5205.48
ORD-100345,2026-08-01,Sports,Running Shoes,Central,Nagpur,Returning,1,3375.02,0.0,UPI,Delivered,2169.88,3375.02,0.0,3375.02,2169.88,1205.1399999999999,35.707640251020734,3375.02,1205.1399999999999
ORD-100067,2026-08-01,Beauty,Face Serum,West,Pune,Loyal,4,880.8,0.15,Net Banking,Delivered,410.34,3523.2,528.4799999999999,2994.72,1641.36,1353.36,45.191537105305336,2994.72,1353.36
ORD-102068,2026-08-02,Electronics,Smart Watch,West,Pune,Loyal,1,4008.34,0.05,UPI,Delivered,2707.08,4008.34,200.41700000000003,3807.9230000000002,2707.08,1100.8430000000003,28.909276789472905,3807.9230000000002,1100.8430000000003
ORD-102287,2026-08-02,Fashion,Hoodie,West,Mumbai,Loyal,1,1844.62,0.0,Debit Card,Delivered,1033.04,1844.62,0.0,1844.62,1033.04,811.5799999999999,43.99713762184081,1844.62,811.5799999999999
ORD-101108,2026-08-02,Fashion,Sneakers,North,Jaipur,Returning,1,2996.66,0.05,UPI,Delivered,1843.46,2996.66,149.833,2846.8269999999998,1843.46,1003.3669999999997,35.24509919289088,2846.8269999999998,1003.3669999999997
ORD-101287,2026-08-03,Home & Kitchen,Water Bottle,West,Mumbai,New,2,671.9,0.1,Debit Card,Delivered,307.01,1343.8,134.38,1209.42,614.02,595.4000000000001,49.230209521919605,1209.42,595.4000000000001
ORD-101390,2026-08-03,Fashion,Denim Jacket,South,Chennai,Loyal,4,2491.11,0.0,UPI,Delivered,1485.49,9964.44,0.0,9964.44,5941.96,4022.4800000000005,40.368349852073976,9964.44,4022.4800000000005
ORD-100202,2026-08-03,Electronics,Smart Watch,South,Chennai,Returning,1,3937.42,0.0,Debit Card,Cancelled,2630.69,3937.42,0.0,3937.42,2630.69,1306.73,33.187467935856475,0.0,0.0
ORD-103128,2026-08-03,Home & Kitchen,Water Bottle,North,Chandigarh,New,1,725.73,0.0,UPI,Delivered,308.85,725.73,0.0,725.73,308.85,416.88,57.44285064693481,725.73,416.88
ORD-103298,2026-08-03,Beauty,Hair Dryer,South,Chennai,Returning,2,2384.92,0.0,Credit Card,Delivered,1331.56,4769.84,0.0,4769.84,2663.12,2106.7200000000003,44.16751924592859,4769.84,2106.7200000000003
ORD-101154,2026-08-04,Sports,Sports Bag,North,Jaipur,Loyal,3,1626.63,0.0,Debit Card,Cancelled,855.7,4879.89,0.0,4879.89,2567.1000000000004,2312.79,47.39430601919305,0.0,0.0
ORD-103095,2026-08-04,Fashion,Hoodie,West,Pune,New,2,1737.59,0.1,UPI,Delivered,985.23,3475.18,347.51800000000003,3127.662,1970.46,1157.2019999999998,36.99894681714328,3127.662,1157.2019999999998
ORD-100840,2026-08-04,Fashion,Sneakers,Central,Nagpur,Loyal,1,3050.64,0.0,Cash on Delivery,Delivered,1773.17,3050.64,0.0,3050.64,1773.17,1277.4699999999998,41.87547531009886,3050.64,1277.4699999999998
ORD-102114,2026-08-04,Fashion,T-Shirt,North,Jaipur,New,2,836.55,0.05,Credit Card,Delivered,424.25,1673.1,83.655,1589.445,848.5,740.9449999999999,46.61658629269965,1589.445,740.9449999999999
ORD-100843,2026-08-04,Home & Kitchen,Coffee Maker,North,Jaipur,New,1,3521.39,0.05,UPI,Cancelled,2141.62,3521.39,176.0695,3345.3205,2141.62,1203.7005,35.98161969832188,0.0,0.0
ORD-102693,2026-08-04,Sports,Dumbbell Set,West,Mumbai,Loyal,3,2622.3,0.0,Debit Card,Delivered,1537.55,7866.900000000001,0.0,7866.900000000001,4612.65,3254.250000000001,41.366357777523554,7866.900000000001,3254.250000000001
ORD-101569,2026-08-04,Electronics,Wireless Headphones,Central,Nagpur,Loyal,1,2593.87,0.0,Debit Card,Delivered,1628.81,2593.87,0.0,2593.87,1628.81,965.06,37.205411219529125,2593.87,965.06
ORD-102785,2026-08-05,Fashion,Backpack,West,Surat,Returning,3,1455.51,0.0,Debit Card,Delivered,842.83,4366.53,0.0,4366.53,2528.4900000000002,1838.0399999999995,42.093836524654584,4366.53,1838.0399999999995
ORD-102894,2026-08-06,Electronics,USB-C Hub,South,Chennai,New,3,1003.14,0.15,Debit Card,Delivered,608.61,3009.42,451.413,2558.007,1825.83,732.1770000000001,28.622947474342336,2558.007,732.1770000000001
ORD-102164,2026-08-06,Fashion,Backpack,North,Chandigarh,Returning,2,1535.12,0.0,Credit Card,Delivered,833.96,3070.24,0.0,3070.24,1667.92,1402.3199999999997,45.67460524258689,3070.24,1402.3199999999997
ORD-100943,2026-08-06,Sports,Sports Bag,West,Mumbai,Loyal,4,1595.68,0.1,Net Banking,Delivered,850.34,6382.72,638.272,5744.448,3401.36,2343.088,40.7887407110309,5744.448,2343.088
ORD-102633,2026-08-06,Electronics,Bluetooth Speaker,South,Bengaluru,Returning,2,1827.86,0.05,UPI,Delivered,1168.66,3655.72,182.786,3472.9339999999997,2337.32,1135.6139999999996,32.69898017065685,3472.9339999999997,1135.6139999999996
ORD-102101,2026-08-06,Fashion,Backpack,North,Chandigarh,Returning,1,1552.89,0.2,UPI,Delivered,842.57,1552.89,310.57800000000003,1242.3120000000001,842.57,399.7420000000001,32.177263038592564,1242.3120000000001,399.7420000000001
ORD-101708,2026-08-06,Sports,Yoga Mat,West,Pune,Returning,1,1003.81,0.0,Credit Card,Delivered,517.77,1003.81,0.0,1003.81,517.77,486.03999999999996,48.41952162261782,1003.81,486.03999999999996
ORD-103384,2026-08-06,Fashion,Backpack,South,Chennai,New,3,1515.29,0.05,Cash on Delivery,Delivered,878.72,4545.87,227.2935,4318.5765,2636.16,1682.4165000000003,38.95766348008424,4318.5765,1682.4165000000003
ORD-103202,2026-08-06,Beauty,Hair Care Combo,North,Delhi,New,4,1357.12,0.0,Credit Card,Delivered,634.66,5428.48,0.0,5428.48,2538.64,2889.8399999999997,53.23479132280122,5428.48,2889.8399999999997
ORD-101507,2026-08-07,Electronics,Smart Watch,East,Bhubaneswar,Returning,2,3843.87,0.1,Debit Card,Delivered,2777.97,7687.74,768.774,6918.965999999999,5555.94,1363.0259999999998,19.699851104919432,6918.965999999999,1363.0259999999998
ORD-100529,2026-08-07,Sports,Dumbbell Set,Central,Bhopal,New,1,2434.38,0.0,UPI,Delivered,1496.56,2434.38,0.0,2434.38,1496.56,937.8200000000002,38.52397735768451,2434.38,937.8200000000002
ORD-101354,2026-08-07,Beauty,Face Serum,North,Delhi,New,2,877.8,0.0,UPI,Delivered,412.37,1755.6,0.0,1755.6,824.74,930.8599999999999,53.02232854864434,1755.6,930.8599999999999
ORD-102113,2026-08-07,Home & Kitchen,Mixer Grinder,South,Bengaluru,Loyal,1,3106.39,0.1,Credit Card,Delivered,1877.73,3106.39,310.639,2795.7509999999997,1877.73,918.0209999999997,32.83629336088943,2795.7509999999997,918.0209999999997
ORD-101951,2026-08-08,Sports,Yoga Mat,South,Bengaluru,Loyal,2,1041.74,0.05,Cash on Delivery,Delivered,492.26,2083.48,104.174,1979.306,984.52,994.7860000000001,50.259333321881506,1979.306,994.7860000000001
ORD-102305,2026-08-08,Beauty,Face Serum,East,Patna,New,4,890.2,0.05,Net Banking,Delivered,429.92,3560.8,178.04000000000002,3382.76,1719.68,1663.0800000000002,49.16340503021202,3382.76,1663.0800000000002
ORD-100642,2026-08-08,Beauty,Hair Care Combo,North,Jaipur,Returning,2,1359.87,0.15,UPI,Delivered,665.43,2719.74,407.96099999999996,2311.779,1330.86,980.9190000000001,42.431348325250816,2311.779,980.9190000000001
ORD-100324,2026-08-08,Sports,Sports Bag,North,Delhi,New,1,1591.38,0.05,Credit Card,Delivered,857.4,1591.38,79.56900000000002,1511.8110000000001,857.4,654.4110000000002,43.286561613852534,1511.8110000000001,654.4110000000002
ORD-102796,2026-08-08,Electronics,Power Bank,West,Mumbai,New,1,1328.98,0.15,UPI,Delivered,785.8,1328.98,199.347,1129.633,785.8,343.8330000000001,30.437584596059082,1129.633,343.8330000000001
ORD-101948,2026-08-08,Electronics,Bluetooth Speaker,North,Delhi,Returning,2,1938.96,0.05,UPI,Delivered,1215.69,3877.92,193.89600000000002,3684.024,2431.38,1252.6439999999998,34.002058618510624,3684.024,1252.6439999999998
ORD-102531,2026-08-08,Electronics,Bluetooth Speaker,East,Guwahati,Returning,2,1847.79,0.0,UPI,Delivered,1181.74,3695.58,0.0,3695.58,2363.48,1332.1,36.04576277607304,3695.58,1332.1
ORD-103402,2026-08-09,Electronics,Smart Watch,North,Lucknow,New,1,4023.96,0.05,Credit Card,Returned,2791.37,4023.96,201.198,3822.762,2791.37,1031.3920000000003,26.98028284261485,0.0,0.0
ORD-103445,2026-08-09,Sports,Running Shoes,South,Kochi,New,1,3612.36,0.15,UPI,Delivered,2183.12,3612.36,541.854,3070.5060000000003,2183.12,887.3860000000004,28.90031805832655,3070.5060000000003,887.3860000000004
ORD-100153,2026-08-09,Beauty,Hair Care Combo,South,Bengaluru,New,1,1279.0,0.1,Cash on Delivery,Delivered,630.63,1279.0,127.9,1151.1,630.63,520.4699999999999,45.21501172791243,1151.1,520.4699999999999
ORD-103330,2026-08-09,Beauty,Skin Care Kit,Central,Nagpur,New,2,1578.98,0.0,UPI,Delivered,826.11,3157.96,0.0,3157.96,1652.22,1505.74,47.68078126385388,3157.96,1505.74
ORD-102383,2026-08-09,Fashion,Backpack,West,Pune,Returning,2,1472.96,0.0,Cash on Delivery,Delivered,862.09,2945.92,0.0,2945.92,1724.18,1221.74,41.47227351727135,2945.92,1221.74
ORD-101170,2026-08-09,Home & Kitchen,Mixer Grinder,North,Delhi,Loyal,2,3002.65,0.0,Debit Card,Delivered,1904.16,6005.3,0.0,6005.3,3808.32,2196.98,36.58401745125139,6005.3,2196.98
ORD-100804,2026-08-09,Sports,Running Shoes,North,Jaipur,Returning,5,3629.91,0.05,Debit Card,Delivered,2131.96,18149.55,907.4775,17242.0725,10659.8,6582.272499999999,38.175645648166714,17242.0725,6582.272499999999
ORD-101103,2026-08-10,Beauty,Hair Dryer,West,Mumbai,New,2,2345.93,0.05,Cash on Delivery,Delivered,1295.74,4691.86,234.593,4457.267,2591.48,1865.7869999999998,41.859439876498314,4457.267,1865.7869999999998
ORD-101564,2026-08-10,Home & Kitchen,Water Bottle,East,Kolkata,New,2,686.6,0.0,Cash on Delivery,Delivered,300.26,1373.2,0.0,1373.2,600.52,772.6800000000001,56.26856976405477,1373.2,772.6800000000001
ORD-101530,2026-08-10,Electronics,Wireless Headphones,East,Patna,New,2,2441.61,0.1,UPI,Delivered,1657.51,4883.22,488.32200000000006,4394.898,3315.02,1079.8780000000002,24.57117321039078,4394.898,1079.8780000000002
ORD-100669,2026-08-10,Electronics,Bluetooth Speaker,West,Ahmedabad,New,1,1846.4,0.0,UPI,Delivered,1211.14,1846.4,0.0,1846.4,1211.14,635.26,34.405329289428074,1846.4,635.26
ORD-101705,2026-08-10,Sports,Running Shoes,South,Bengaluru,Returning,2,3369.43,0.0,Cash on Delivery,Delivered,2100.42,6738.86,0.0,6738.86,4200.84,2538.0199999999995,37.66245329328699,6738.86,2538.0199999999995
ORD-102625,2026-08-11,Home & Kitchen,Air Fryer,South,Kochi,Loyal,1,4820.48,0.0,Credit Card,Delivered,3393.53,4820.48,0.0,4820.48,3393.53,1426.9499999999994,29.601823884758353,4820.48,1426.9499999999994
ORD-101006,2026-08-11,Beauty,Face Serum,Central,Raipur,Returning,1,870.7,0.05,Debit Card,Delivered,423.89,870.7,43.535000000000004,827.1650000000001,423.89,403.2750000000001,48.75387619157001,827.1650000000001,403.2750000000001
ORD-100715,2026-08-11,Electronics,Smart Watch,South,Chennai,Loyal,4,3970.17,0.05,Cash on Delivery,Delivered,2695.41,15880.68,794.0340000000001,15086.646,10781.64,4305.006000000001,28.535209217476176,15086.646,4305.006000000001
ORD-100969,2026-08-11,Electronics,Power Bank,West,Surat,New,2,1359.07,0.15,Net Banking,Delivered,799.64,2718.14,407.72099999999995,2310.419,1599.28,711.1389999999999,30.77965511883342,2310.419,711.1389999999999
ORD-100530,2026-08-11,Home & Kitchen,Air Fryer,East,Patna,Returning,1,5219.82,0.0,UPI,Delivered,3224.83,5219.82,0.0,5219.82,3224.83,1994.9899999999998,38.21951714810089,5219.82,1994.9899999999998
ORD-101081,2026-08-11,Electronics,Smart Watch,West,Ahmedabad,New,3,4141.84,0.05,Credit Card,Delivered,2635.79,12425.52,621.2760000000001,11804.244,7907.37,3896.8740000000007,33.01248262912899,11804.244,3896.8740000000007
ORD-100733,2026-08-11,Electronics,Wireless Headphones,East,Patna,Returning,1,2591.89,0.15,Credit Card,Delivered,1673.87,2591.89,388.78349999999995,2203.1065,1673.87,529.2365,24.022283988540728,2203.1065,529.2365
ORD-101972,2026-08-11,Home & Kitchen,Air Fryer,West,Pune,New,2,5157.82,0.0,UPI,Delivered,3202.73,10315.64,0.0,10315.64,6405.46,3910.1799999999994,37.9053553633124,10315.64,3910.1799999999994
ORD-103201,2026-08-11,Electronics,Smart Watch,West,Surat,New,3,4161.65,0.0,Credit Card,Delivered,2631.77,12484.949999999999,0.0,12484.949999999999,7895.3099999999995,4589.639999999999,36.76138070236565,12484.949999999999,4589.639999999999
ORD-100061,2026-08-12,Electronics,Power Bank,East,Guwahati,Returning,2,1260.39,0.0,Cash on Delivery,Delivered,819.23,2520.78,0.0,2520.78,1638.46,882.3200000000002,35.00186450225724,2520.78,882.3200000000002
ORD-102831,2026-08-12,Home & Kitchen,Coffee Maker,East,Bhubaneswar,New,1,3589.07,0.0,Credit Card,Delivered,2234.99,3589.07,0.0,3589.07,2234.99,1354.0800000000004,37.72787936707839,3589.07,1354.0800000000004
ORD-102014,2026-08-12,Electronics,Power Bank,South,Chennai,New,4,1259.65,0.0,Credit Card,Delivered,803.46,5038.6,0.0,5038.6,3213.84,1824.7600000000002,36.21561544873576,5038.6,1824.7600000000002
ORD-102961,2026-08-12,Beauty,Hair Dryer,North,Chandigarh,New,2,2284.96,0.0,Credit Card,Delivered,1281.72,4569.92,0.0,4569.92,2563.44,2006.48,43.90623905888943,4569.92,2006.48
ORD-101679,2026-08-13,Sports,Running Shoes,Central,Indore,New,1,3387.61,0.0,Net Banking,Delivered,2064.0,3387.61,0.0,3387.61,2064.0,1323.6100000000001,39.072089172012134,3387.61,1323.6100000000001
ORD-101623,2026-08-13,Sports,Running Shoes,West,Ahmedabad,New,3,3627.45,0.1,UPI,Delivered,2094.63,10882.349999999999,1088.235,9794.114999999998,6283.89,3510.2249999999976,35.84014482166074,9794.114999999998,3510.2249999999976
ORD-102624,2026-08-13,Electronics,USB-C Hub,South,Chennai,Loyal,2,982.14,0.05,Cash on Delivery,Delivered,594.09,1964.28,98.214,1866.066,1188.18,677.886,36.327010941735175,1866.066,677.886
ORD-100527,2026-08-13,Home & Kitchen,Water Bottle,South,Hyderabad,New,4,722.26,0.15,Credit Card,Delivered,298.13,2889.04,433.356,2455.684,1192.52,1263.1640000000002,51.43837725049315,2455.684,1263.1640000000002
ORD-102166,2026-08-13,Fashion,Hoodie,East,Patna,New,3,1810.19,0.0,Net Banking,Delivered,990.42,5430.57,0.0,5430.57,2971.2599999999998,2459.31,45.28640639932825,5430.57,2459.31
ORD-103276,2026-08-13,Home & Kitchen,Mixer Grinder,North,Delhi,Returning,1,2886.35,0.0,Credit Card,Delivered,1822.55,2886.35,0.0,2886.35,1822.55,1063.8,36.85623711608086,2886.35,1063.8
ORD-101990,2026-08-13,Fashion,T-Shirt,North,Lucknow,Returning,1,822.97,0.15,UPI,Delivered,443.03,822.97,123.4455,699.5245,443.03,256.4945,36.66697878344504,699.5245,256.4945
ORD-101262,2026-08-13,Sports,Dumbbell Set,East,Patna,New,1,2427.86,0.0,Cash on Delivery,Delivered,1466.81,2427.86,0.0,2427.86,1466.81,961.0500000000002,39.58424291351232,2427.86,961.0500000000002
ORD-100577,2026-08-14,Electronics,Power Bank,South,Chennai,New,5,1353.76,0.0,Credit Card,Returned,827.41,6768.8,0.0,6768.8,4137.05,2631.75,38.880599219950355,0.0,0.0
ORD-100452,2026-08-14,Sports,Resistance Bands,North,Jaipur,Loyal,1,687.02,0.05,Cash on Delivery,Delivered,303.0,687.02,34.351,652.669,303.0,349.669,53.575242580848794,652.669,349.669
ORD-100586,2026-08-14,Home & Kitchen,Mixer Grinder,Central,Bhopal,Returning,1,3039.51,0.1,UPI,Delivered,1917.79,3039.51,303.951,2735.559,1917.79,817.7690000000002,29.89403628289502,2735.559,817.7690000000002
ORD-102533,2026-08-14,Home & Kitchen,Water Bottle,East,Guwahati,New,3,725.82,0.0,Debit Card,Delivered,304.49,2177.46,0.0,2177.46,913.47,1263.99,58.04882753299716,2177.46,1263.99
ORD-101067,2026-08-14,Fashion,T-Shirt,North,Delhi,Returning,1,798.72,0.0,Debit Card,Delivered,424.53,798.72,0.0,798.72,424.53,374.19000000000005,46.848707932692314,798.72,374.19000000000005
ORD-100264,2026-08-14,Fashion,Backpack,North,Jaipur,New,3,1482.2,0.15,Credit Card,Delivered,868.64,4446.6,666.99,3779.6100000000006,2605.92,1173.6900000000005,31.053203901989896,3779.6100000000006,1173.6900000000005
ORD-101182,2026-08-15,Electronics,USB-C Hub,West,Surat,Returning,1,984.96,0.05,Cash on Delivery,Delivered,606.34,984.96,49.248000000000005,935.712,606.34,329.37199999999996,35.200147053794325,935.712,329.37199999999996
ORD-100024,2026-08-15,Sports,Yoga Mat,North,Jaipur,Returning,1,1020.66,0.0,UPI,Delivered,488.87,1020.66,0.0,1020.66,488.87,531.79,52.10256108792349,1020.66,531.79
ORD-102612,2026-08-15,Home & Kitchen,Coffee Maker,West,Mumbai,Returning,1,3478.45,0.1,Net Banking,Delivered,2212.15,3478.45,347.845,3130.6049999999996,2212.15,918.4549999999995,29.33793947176343,3130.6049999999996,918.4549999999995
ORD-102570,2026-08-15,Fashion,T-Shirt,West,Ahmedabad,New,1,801.88,0.1,UPI,Delivered,427.12,801.88,80.188,721.692,427.12,294.572,40.8168581610992,721.692,294.572
ORD-100862,2026-08-15,Beauty,Perfume,South,Hyderabad,Returning,1,2060.57,0.1,Debit Card,Delivered,1104.17,2060.57,206.05700000000002,1854.5130000000001,1104.17,750.3430000000001,40.46037962527089,1854.5130000000001,750.3430000000001
ORD-100421,2026-08-15,Fashion,Hoodie,South,Chennai,Loyal,4,1870.74,0.05,Credit Card,Delivered,1002.37,7482.96,374.148,7108.812,4009.48,3099.332,43.59845217456869,7108.812,3099.332
ORD-100499,2026-08-15,Fashion,T-Shirt,North,Lucknow,Returning,1,809.45,0.0,Debit Card,Delivered,417.83,809.45,0.0,809.45,417.83,391.62000000000006,48.380999444066966,809.45,391.62000000000006
ORD-100438,2026-08-15,Home & Kitchen,Storage Box Set,West,Surat,Returning,3,1026.12,0.2,Credit Card,Delivered,526.54,3078.3599999999997,615.672,2462.6879999999996,1579.62,883.0679999999998,35.85789186449927,2462.6879999999996,883.0679999999998
ORD-102493,2026-08-16,Fashion,Sneakers,South,Chennai,New,1,2913.42,0.0,Net Banking,Delivered,1851.29,2913.42,0.0,2913.42,1851.29,1062.13,36.45646697009014,2913.42,1062.13
ORD-103495,2026-08-16,Fashion,Denim Jacket,South,Chennai,Loyal,2,2555.27,0.15,Debit Card,Delivered,1502.49,5110.54,766.581,4343.959,3004.98,1338.9789999999998,30.823932730488472,4343.959,1338.9789999999998
ORD-103003,2026-08-17,Fashion,Hoodie,Central,Bhopal,Returning,1,1838.58,0.15,Credit Card,Delivered,1028.57,1838.58,275.787,1562.793,1028.57,534.223,34.183861842227344,1562.793,534.223
ORD-103114,2026-08-17,Beauty,Hair Dryer,North,Delhi,New,3,2413.15,0.05,Credit Card,Delivered,1329.79,7239.450000000001,361.9725000000001,6877.477500000001,3989.37,2888.107500000001,41.99370335998919,6877.477500000001,2888.107500000001
ORD-102500,2026-08-17,Beauty,Perfume,South,Chennai,New,1,2070.47,0.1,UPI,Cancelled,1094.38,2070.47,207.047,1863.4229999999998,1094.38,769.0429999999997,41.27044691409303,0.0,0.0
ORD-102862,2026-08-17,Fashion,Hoodie,West,Surat,Returning,3,1871.71,0.1,Net Banking,Delivered,1009.05,5615.13,561.513,5053.617,3027.1499999999996,2026.4670000000006,40.09933875083926,5053.617,2026.4670000000006
ORD-103313,2026-08-17,Fashion,Backpack,Central,Indore,Returning,1,1481.9,0.1,Debit Card,Delivered,832.55,1481.9,148.19000000000003,1333.71,832.55,501.1600000000001,37.57638467133035,1333.71,501.1600000000001
ORD-102413,2026-08-17,Sports,Dumbbell Set,East,Guwahati,Returning,3,2477.34,0.1,Credit Card,Delivered,1493.19,7432.02,743.2020000000001,6688.818,4479.57,2209.2480000000005,33.02897462601016,6688.818,2209.2480000000005
ORD-101516,2026-08-17,Electronics,USB-C Hub,North,Jaipur,Returning,2,1020.74,0.0,Net Banking,Delivered,604.68,2041.48,0.0,2041.48,1209.36,832.1200000000001,40.760624644865494,2041.48,832.1200000000001
ORD-101143,2026-08-18,Home & Kitchen,Coffee Maker,Central,Nagpur,Returning,1,3656.33,0.2,UPI,Delivered,2148.73,3656.33,731.2660000000001,2925.064,2148.73,776.3339999999998,26.540752612592406,2925.064,776.3339999999998
ORD-100722,2026-08-18,Sports,Yoga Mat,South,Hyderabad,Loyal,2,1048.33,0.05,UPI,Delivered,495.17,2096.66,104.833,1991.8269999999998,990.34,1001.4869999999997,50.279818478211205,1991.8269999999998,1001.4869999999997
ORD-101751,2026-08-18,Fashion,Hoodie,North,Chandigarh,New,3,1854.96,0.1,Cash on Delivery,Delivered,1021.81,5564.88,556.488,5008.392,3065.43,1942.962,38.79412793567277,5008.392,1942.962
ORD-101273,2026-08-18,Fashion,T-Shirt,West,Surat,New,4,772.71,0.05,Credit Card,Delivered,420.13,3090.84,154.54200000000003,2936.2980000000002,1680.52,1255.7780000000002,42.767389413472344,2936.2980000000002,1255.7780000000002
ORD-100693,2026-08-18,Electronics,Power Bank,West,Surat,New,3,1320.0,0.1,Credit Card,Cancelled,782.94,3960.0,396.0,3564.0,2348.82,1215.1799999999998,34.09595959595959,0.0,0.0
ORD-102675,2026-08-18,Home & Kitchen,Water Bottle,Central,Nagpur,New,2,684.52,0.1,UPI,Returned,308.96,1369.04,136.904,1232.136,617.92,614.216,49.84969191712603,0.0,0.0
ORD-101977,2026-08-18,Sports,Yoga Mat,South,Hyderabad,New,1,1016.4,0.2,Credit Card,Delivered,487.32,1016.4,203.28,813.12,487.32,325.8,40.06788665879575,813.12,325.8
ORD-102733,2026-08-18,Beauty,Face Serum,Central,Raipur,New,1,914.2,0.0,Debit Card,Delivered,432.23,914.2,0.0,914.2,432.23,481.97,52.7204112885583,914.2,481.97
ORD-102887,2026-08-19,Fashion,T-Shirt,West,Pune,Loyal,2,769.2,0.0,Net Banking,Delivered,420.28,1538.4,0.0,1538.4,840.56,697.8400000000001,45.36141445657827,1538.4,697.8400000000001
ORD-100491,2026-08-19,Fashion,T-Shirt,West,Pune,Loyal,3,827.07,0.0,Cash on Delivery,Cancelled,419.39,2481.21,0.0,2481.21,1258.17,1223.04,49.29207926777661,0.0,0.0
ORD-101533,2026-08-19,Electronics,Smart Watch,South,Hyderabad,New,3,3948.29,0.05,Net Banking,Delivered,2755.03,11844.869999999999,592.2434999999999,11252.626499999998,8265.09,2987.5364999999983,26.549681534351105,11252.626499999998,2987.5364999999983
ORD-102228,2026-08-19,Electronics,Power Bank,North,Jaipur,Returning,3,1265.27,0.05,Debit Card,Delivered,778.79,3795.81,189.7905,3606.0195,2336.37,1269.6495,35.20916900199791,3606.0195,1269.6495
ORD-102572,2026-08-19,Home & Kitchen,Storage Box Set,West,Mumbai,Returning,4,1019.38,0.05,UPI,Cancelled,521.5,4077.52,203.876,3873.644,2086.0,1787.6439999999998,46.14889752388191,0.0,0.0
ORD-100470,2026-08-19,Fashion,Denim Jacket,East,Kolkata,Returning,1,2481.1,0.0,UPI,Delivered,1505.46,2481.1,0.0,2481.1,1505.46,975.6399999999999,39.32288098021039,2481.1,975.6399999999999
ORD-102458,2026-08-20,Electronics,Wireless Headphones,East,Guwahati,Loyal,2,2589.56,0.05,Credit Card,Delivered,1701.14,5179.12,258.956,4920.164,3402.28,1517.8839999999996,30.850272470592436,4920.164,1517.8839999999996
ORD-102695,2026-08-20,Electronics,Bluetooth Speaker,West,Mumbai,Returning,1,1920.41,0.0,Credit Card,Delivered,1229.78,1920.41,0.0,1920.41,1229.78,690.6300000000001,35.96263297941586,1920.41,690.6300000000001
ORD-101766,2026-08-20,Beauty,Hair Care Combo,South,Hyderabad,Loyal,1,1260.23,0.15,Cash on Delivery,Delivered,674.62,1260.23,189.0345,1071.1955,674.62,396.57550000000003,37.02176680167159,1071.1955,396.57550000000003
ORD-101443,2026-08-20,Home & Kitchen,Water Bottle,West,Mumbai,Returning,3,692.32,0.0,Debit Card,Delivered,307.42,2076.96,0.0,2076.96,922.26,1154.7,55.595678299052466,2076.96,1154.7
ORD-102631,2026-08-20,Home & Kitchen,Coffee Maker,South,Bengaluru,Returning,1,3413.33,0.05,Debit Card,Delivered,2191.44,3413.33,170.6665,3242.6635,2191.44,1051.2235,32.418519528776265,3242.6635,1051.2235
ORD-100409,2026-08-20,Fashion,Hoodie,Central,Bhopal,New,1,1803.11,0.05,Credit Card,Delivered,1022.41,1803.11,90.1555,1712.9544999999998,1022.41,690.5444999999999,40.3130672764513,1712.9544999999998,690.5444999999999
ORD-103439,2026-08-20,Sports,Running Shoes,Central,Indore,Returning,2,3441.81,0.0,Net Banking,Returned,2175.97,6883.62,0.0,6883.62,4351.94,2531.6800000000003,36.77832303352016,0.0,0.0
ORD-102953,2026-08-21,Fashion,Denim Jacket,South,Kochi,Returning,1,2404.75,0.05,Credit Card,Delivered,1456.38,2404.75,120.23750000000001,2284.5125,1456.38,828.1324999999997,36.24985636979442,2284.5125,828.1324999999997
ORD-100382,2026-08-21,Beauty,Perfume,North,Jaipur,New,1,2058.81,0.1,Net Banking,Delivered,1133.64,2058.81,205.881,1852.9289999999999,1133.64,719.2889999999998,38.81902652503144,1852.9289999999999,719.2889999999998
ORD-102782,2026-08-21,Fashion,T-Shirt,North,Chandigarh,New,2,830.18,0.05,UPI,Delivered,418.59,1660.36,83.018,1577.3419999999999,837.18,740.1619999999999,46.92463650875967,1577.3419999999999,740.1619999999999
ORD-100764,2026-08-21,Electronics,Smart Watch,North,Jaipur,Loyal,1,3979.88,0.05,Cash on Delivery,Delivered,2754.28,3979.88,198.99400000000003,3780.886,2754.28,1026.6059999999998,27.15252456699302,3780.886,1026.6059999999998
ORD-102169,2026-08-21,Home & Kitchen,Water Bottle,Central,Bhopal,Returning,3,680.48,0.05,UPI,Cancelled,298.93,2041.44,102.072,1939.368,896.79,1042.578,53.75864714690559,0.0,0.0
ORD-102942,2026-08-21,Electronics,Power Bank,East,Patna,Returning,1,1360.21,0.05,UPI,Delivered,791.41,1360.21,68.01050000000001,1292.1995,791.41,500.7895,38.75481301455387,1292.1995,500.7895
ORD-102148,2026-08-21,Fashion,Hoodie,South,Chennai,Returning,1,1787.66,0.0,Debit Card,Delivered,991.54,1787.66,0.0,1787.66,991.54,796.1200000000001,44.53419554053903,1787.66,796.1200000000001
ORD-102878,2026-08-21,Fashion,Sneakers,South,Bengaluru,New,2,3095.31,0.05,UPI,Delivered,1760.64,6190.62,309.531,5881.089,3521.28,2359.8089999999997,40.12537473927023,5881.089,2359.8089999999997
ORD-102791,2026-08-21,Electronics,Wireless Headphones,South,Chennai,Returning,1,2552.53,0.05,Debit Card,Delivered,1687.4,2552.53,127.62650000000002,2424.9035000000003,1687.4,737.5035000000003,30.413725742075925,2424.9035000000003,737.5035000000003
ORD-102649,2026-08-21,Electronics,Wireless Headphones,North,Delhi,Returning,4,2585.65,0.0,Cash on Delivery,Cancelled,1679.98,10342.6,0.0,10342.6,6719.92,3622.6800000000003,35.02678243381742,0.0,0.0
ORD-100754,2026-08-21,Beauty,Skin Care Kit,West,Pune,New,1,1563.06,0.05,UPI,Delivered,861.72,1563.06,78.153,1484.907,861.72,623.1869999999999,41.96808284963301,1484.907,623.1869999999999
ORD-100348,2026-08-21,Fashion,Denim Jacket,South,Chennai,New,2,2561.69,0.05,Credit Card,Delivered,1491.4,5123.38,256.16900000000004,4867.211,2982.8,1884.411,38.71644356490812,4867.211,1884.411
ORD-100680,2026-08-21,Beauty,Hair Care Combo,North,Chandigarh,Returning,4,1320.4,0.0,Debit Card,Delivered,672.51,5281.6,0.0,5281.6,2690.04,2591.5600000000004,49.06770675552863,5281.6,2591.5600000000004
ORD-102289,2026-08-21,Fashion,Hoodie,West,Surat,Loyal,1,1776.06,0.15,Cash on Delivery,Delivered,991.34,1776.06,266.409,1509.6509999999998,991.34,518.3109999999998,34.33316706973995,1509.6509999999998,518.3109999999998
ORD-100319,2026-08-22,Electronics,USB-C Hub,South,Kochi,New,3,1043.35,0.0,Debit Card,Delivered,596.35,3130.0499999999997,0.0,3130.0499999999997,1789.0500000000002,1340.9999999999995,42.84276608999855,3130.0499999999997,1340.9999999999995
ORD-102233,2026-08-22,Home & Kitchen,Storage Box Set,North,Lucknow,Returning,1,979.24,0.1,UPI,Delivered,505.51,979.24,97.924,881.316,505.51,375.80600000000004,42.641458909176734,881.316,375.80600000000004
ORD-101447,2026-08-22,Home & Kitchen,Coffee Maker,West,Pune,New,3,3496.74,0.05,Cash on Delivery,Delivered,2159.21,10490.22,524.511,9965.708999999999,6477.63,3488.078999999999,35.00081128196699,9965.708999999999,3488.078999999999
ORD-103352,2026-08-22,Fashion,Sneakers,North,Lucknow,New,2,3060.22,0.0,UPI,Delivered,1828.73,6120.44,0.0,6120.44,3657.46,2462.9799999999996,40.24187803491252,6120.44,2462.9799999999996
ORD-100181,2026-08-22,Home & Kitchen,Mixer Grinder,East,Patna,New,2,2973.55,0.05,UPI,Delivered,1823.82,5947.1,297.355,5649.745000000001,3647.64,2002.105000000001,35.437086098576145,5649.745000000001,2002.105000000001
ORD-100286,2026-08-22,Beauty,Hair Dryer,East,Bhubaneswar,Returning,2,2408.32,0.1,UPI,Delivered,1302.47,4816.64,481.66400000000004,4334.976000000001,2604.94,1730.0360000000005,39.908779195086666,4334.976000000001,1730.0360000000005
ORD-103172,2026-08-22,Electronics,Smart Watch,North,Jaipur,Returning,1,4190.73,0.05,Debit Card,Returned,2641.33,4190.73,209.5365,3981.1934999999994,2641.33,1339.8634999999995,33.65481984234124,0.0,0.0
ORD-102097,2026-08-23,Beauty,Face Serum,West,Mumbai,New,3,918.4,0.0,UPI,Delivered,418.57,2755.2,0.0,2755.2,1255.71,1499.4899999999998,54.42399825783971,2755.2,1499.4899999999998
ORD-102713,2026-08-23,Fashion,T-Shirt,North,Chandigarh,Returning,3,805.91,0.0,Debit Card,Delivered,419.32,2417.73,0.0,2417.73,1257.96,1159.77,47.96937623307813,2417.73,1159.77
ORD-100081,2026-08-23,Fashion,Hoodie,North,Chandigarh,Returning,1,1888.21,0.05,Credit Card,Delivered,1037.83,1888.21,94.41050000000001,1793.7995,1037.83,755.9695000000002,42.14347813119583,1793.7995,755.9695000000002
ORD-101910,2026-08-23,Electronics,Smart Watch,South,Kochi,New,4,3994.18,0.1,UPI,Delivered,2672.24,15976.72,1597.672,14379.047999999999,10688.96,3690.0879999999997,25.662950704385995,14379.047999999999,3690.0879999999997
ORD-101689,2026-08-23,Electronics,Bluetooth Speaker,North,Chandigarh,Loyal,2,1893.47,0.0,Credit Card,Delivered,1177.71,3786.94,0.0,3786.94,2355.42,1431.52,37.80149672294782,3786.94,1431.52
ORD-100936,2026-08-24,Beauty,Hair Dryer,West,Pune,Loyal,2,2336.37,0.15,UPI,Delivered,1325.72,4672.74,700.911,3971.8289999999997,2651.44,1320.3889999999997,33.24385314674927,3971.8289999999997,1320.3889999999997
ORD-101874,2026-08-24,Beauty,Skin Care Kit,North,Delhi,New,3,1604.41,0.1,Debit Card,Delivered,868.0,4813.2300000000005,481.3230000000001,4331.907,2604.0,1727.9070000000002,39.88790618081136,4331.907,1727.9070000000002
ORD-101837,2026-08-24,Fashion,Sneakers,South,Chennai,Returning,1,3001.33,0.0,Credit Card,Delivered,1840.0,3001.33,0.0,3001.33,1840.0,1161.33,38.69384572839375,3001.33,1161.33
ORD-101109,2026-08-24,Beauty,Perfume,West,Ahmedabad,New,2,1975.72,0.05,Net Banking,Delivered,1091.13,3951.44,197.572,3753.868,2182.26,1571.6079999999997,41.866362908871594,3753.868,1571.6079999999997
ORD-102828,2026-08-25,Electronics,USB-C Hub,South,Bengaluru,Returning,1,1046.86,0.0,Credit Card,Delivered,605.68,1046.86,0.0,1046.86,605.68,441.17999999999995,42.14317100662935,1046.86,441.17999999999995
ORD-101681,2026-08-25,Home & Kitchen,Storage Box Set,South,Hyderabad,Loyal,1,1000.4,0.0,Net Banking,Delivered,528.98,1000.4,0.0,1000.4,528.98,471.41999999999996,47.123150739704116,1000.4,471.41999999999996
ORD-103310,2026-08-26,Electronics,Power Bank,South,Kochi,Returning,2,1352.87,0.1,UPI,Delivered,788.67,2705.74,270.574,2435.1659999999997,1577.34,857.8259999999998,35.226592355510874,2435.1659999999997,857.8259999999998
ORD-100926,2026-08-27,Fashion,Denim Jacket,South,Kochi,New,1,2591.92,0.2,Debit Card,Delivered,1434.98,2591.92,518.384,2073.536,1434.98,638.556,30.795510663909383,2073.536,638.556
ORD-102397,2026-08-27,Electronics,Wireless Headphones,East,Guwahati,New,1,2422.32,0.05,Debit Card,Delivered,1626.98,2422.32,121.11600000000001,2301.204,1626.98,674.2240000000002,29.29874969798419,2301.204,674.2240000000002
ORD-102221,2026-08-27,Sports,Running Shoes,West,Surat,Returning,2,3529.05,0.05,UPI,Delivered,2072.71,7058.1,352.90500000000003,6705.195000000001,4145.42,2559.7750000000005,38.17599637296157,6705.195000000001,2559.7750000000005
ORD-102620,2026-08-27,Fashion,Hoodie,East,Bhubaneswar,Loyal,5,1877.12,0.15,Credit Card,Delivered,1012.62,9385.599999999999,1407.8399999999997,7977.759999999998,5063.1,2914.659999999998,36.534816790678065,7977.759999999998,2914.659999999998
ORD-102918,2026-08-27,Fashion,T-Shirt,West,Ahmedabad,Returning,1,795.96,0.1,UPI,Delivered,434.55,795.96,79.596,716.364,434.55,281.814,39.33949779720924,716.364,281.814
ORD-100694,2026-08-27,Home & Kitchen,Water Bottle,North,Lucknow,New,1,677.59,0.1,Debit Card,Delivered,291.56,677.59,67.759,609.831,291.56,318.271,52.19003297634919,609.831,318.271
ORD-103462,2026-08-27,Electronics,Smart Watch,East,Kolkata,New,2,3855.97,0.1,Debit Card,Delivered,2713.48,7711.94,771.194,6940.745999999999,5426.96,1513.7859999999991,21.810133953900625,6940.745999999999,1513.7859999999991
ORD-102054,2026-08-28,Electronics,USB-C Hub,West,Mumbai,Returning,1,988.72,0.0,Credit Card,Delivered,580.83,988.72,0.0,988.72,580.83,407.89,41.254349057367094,988.72,407.89
ORD-100949,2026-08-28,Fashion,Backpack,North,Jaipur,New,1,1533.91,0.15,Debit Card,Delivered,857.88,1533.91,230.0865,1303.8235,857.88,445.9435,34.202750602362975,1303.8235,445.9435
ORD-102744,2026-08-28,Electronics,USB-C Hub,Central,Nagpur,New,4,960.22,0.0,Debit Card,Delivered,580.91,3840.88,0.0,3840.88,2323.64,1517.2400000000002,39.502405698694055,3840.88,1517.2400000000002
ORD-100383,2026-08-28,Sports,Yoga Mat,North,Delhi,Returning,3,988.41,0.05,Credit Card,Delivered,485.4,2965.23,148.2615,2816.9685,1456.1999999999998,1360.7685000000001,48.306131218719706,2816.9685,1360.7685000000001
ORD-103441,2026-08-28,Home & Kitchen,Air Fryer,North,Delhi,Returning,4,5024.32,0.0,Credit Card,Delivered,3370.69,20097.28,0.0,20097.28,13482.76,6614.519999999999,32.91251353416979,20097.28,6614.519999999999
ORD-103186,2026-08-29,Electronics,Smart Watch,North,Jaipur,Loyal,2,4123.0,0.1,Debit Card,Delivered,2719.27,8246.0,824.6,7421.4,5438.54,1982.8599999999997,26.718139434608023,7421.4,1982.8599999999997
ORD-101727,2026-08-29,Beauty,Hair Dryer,South,Hyderabad,Returning,2,2275.4,0.0,Credit Card,Delivered,1350.07,4550.8,0.0,4550.8,2700.14,1850.6600000000003,40.66669596554453,4550.8,1850.6600000000003
ORD-102908,2026-08-29,Electronics,USB-C Hub,East,Kolkata,New,2,1048.33,0.0,UPI,Delivered,589.49,2096.66,0.0,2096.66,1178.98,917.6799999999998,43.76866063167132,2096.66,917.6799999999998
ORD-100571,2026-08-29,Electronics,Bluetooth Speaker,South,Hyderabad,Returning,2,1962.68,0.0,Debit Card,Delivered,1228.13,3925.36,0.0,3925.36,2456.26,1469.1,37.42586667210141,3925.36,1469.1
ORD-100965,2026-08-29,Sports,Resistance Bands,East,Bhubaneswar,Returning,1,708.02,0.1,Credit Card,Delivered,308.81,708.02,70.802,637.218,308.81,328.40799999999996,51.5377782799607,637.218,328.40799999999996
ORD-100640,2026-08-29,Electronics,Bluetooth Speaker,West,Mumbai,Returning,4,1949.88,0.2,UPI,Delivered,1174.07,7799.52,1559.9040000000002,6239.616,4696.28,1543.3360000000002,24.734470839231136,6239.616,1543.3360000000002
ORD-102528,2026-08-29,Sports,Yoga Mat,North,Lucknow,New,3,965.22,0.1,Debit Card,Delivered,495.32,2895.66,289.566,2606.094,1485.96,1120.134,42.98133528568041,2606.094,1120.134
ORD-100763,2026-08-29,Electronics,Smart Watch,North,Chandigarh,Returning,1,3993.6,0.05,UPI,Delivered,2757.79,3993.6,199.68,3793.92,2757.79,1036.13,27.310275387989208,3793.92,1036.13
ORD-101421,2026-08-30,Sports,Sports Bag,North,Chandigarh,Returning,5,1666.19,0.0,Debit Card,Delivered,849.8,8330.95,0.0,8330.95,4249.0,4081.9500000000007,48.99741326019242,8330.95,4081.9500000000007
ORD-100776,2026-08-30,Electronics,Bluetooth Speaker,East,Kolkata,Loyal,1,1972.72,0.05,UPI,Delivered,1215.2,1972.72,98.63600000000001,1874.084,1215.2,658.884,35.15765568672482,1874.084,658.884
ORD-102028,2026-08-30,Electronics,Bluetooth Speaker,South,Kochi,Returning,1,1863.64,0.0,Credit Card,Delivered,1190.82,1863.64,0.0,1863.64,1190.82,672.8200000000002,36.10246614152949,1863.64,672.8200000000002
ORD-100340,2026-08-31,Fashion,Sneakers,West,Pune,Returning,1,3082.11,0.05,Credit Card,Returned,1761.05,3082.11,154.1055,2928.0045,1761.05,1166.9545,39.85494216282796,0.0,0.0
ORD-102387,2026-08-31,Fashion,Hoodie,South,Chennai,New,1,1797.86,0.1,Debit Card,Delivered,1037.59,1797.86,179.786,1618.0739999999998,1037.59,580.4839999999999,35.87499706441115,1618.0739999999998,580.4839999999999
ORD-101295,2026-08-31,Beauty,Skin Care Kit,North,Lucknow,Returning,5,1597.59,0.15,Net Banking,Delivered,832.44,7987.95,1198.1924999999999,6789.7575,4162.200000000001,2627.557499999999,38.698841600749354,6789.7575,2627.557499999999
ORD-101930,2026-08-31,Electronics,Wireless Headphones,South,Bengaluru,New,2,2571.74,0.15,UPI,Delivered,1681.75,5143.48,771.5219999999999,4371.958,3363.5,1008.4579999999996,23.0665070432973,4371.958,1008.4579999999996
ORD-100671,2026-08-31,Electronics,Power Bank,South,Bengaluru,Loyal,2,1256.05,0.05,Cash on Delivery,Delivered,824.31,2512.1,125.605,2386.495,1648.62,737.875,30.918774185573405,2386.495,737.875
ORD-102122,2026-08-31,Electronics,USB-C Hub,North,Jaipur,New,4,1041.69,0.0,Debit Card,Delivered,612.66,4166.76,0.0,4166.76,2450.64,1716.1200000000003,41.18595743455347,4166.76,1716.1200000000003
ORD-102165,2026-09-01,Fashion,Denim Jacket,West,Mumbai,New,3,2483.92,0.1,Credit Card,Delivered,1492.35,7451.76,745.176,6706.584,4477.049999999999,2229.5340000000006,33.243958474239655,6706.584,2229.5340000000006
ORD-101269,2026-09-01,Fashion,Hoodie,East,Kolkata,Returning,2,1745.67,0.1,Credit Card,Cancelled,1021.76,3491.34,349.134,3142.206,2043.52,1098.6860000000001,34.965435111510835,0.0,0.0
ORD-101832,2026-09-01,Beauty,Hair Care Combo,West,Pune,Returning,2,1350.55,0.15,UPI,Delivered,635.16,2701.1,405.16499999999996,2295.935,1270.32,1025.615,44.67090749520348,2295.935,1025.615
ORD-100293,2026-09-01,Home & Kitchen,Air Fryer,West,Surat,New,4,4812.27,0.0,Credit Card,Delivered,3277.09,19249.08,0.0,19249.08,13108.36,6140.720000000001,31.901368792690356,19249.08,6140.720000000001
ORD-101934,2026-09-01,Fashion,Sneakers,West,Pune,Returning,1,3096.63,0.0,Net Banking,Delivered,1784.66,3096.63,0.0,3096.63,1784.66,1311.97,42.367670661331836,3096.63,1311.97
ORD-103036,2026-09-02,Sports,Running Shoes,South,Bengaluru,New,2,3408.17,0.1,Net Banking,Cancelled,2134.79,6816.34,681.634,6134.706,4269.58,1865.1260000000002,30.402858751503338,0.0,0.0
ORD-101784,2026-09-02,Electronics,USB-C Hub,East,Kolkata,Loyal,3,965.69,0.0,Debit Card,Delivered,589.22,2897.07,0.0,2897.07,1767.66,1129.41,38.98456026261016,2897.07,1129.41
ORD-100448,2026-09-02,Home & Kitchen,Air Fryer,South,Hyderabad,Loyal,2,5184.18,0.0,Cash on Delivery,Returned,3211.72,10368.36,0.0,10368.36,6423.44,3944.920000000001,38.04767581372561,0.0,0.0
ORD-102389,2026-09-02,Home & Kitchen,Storage Box Set,West,Mumbai,New,2,976.28,0.1,UPI,Delivered,518.99,1952.56,195.256,1757.3039999999999,1037.98,719.3239999999998,40.93338432052735,1757.3039999999999,719.3239999999998
ORD-101440,2026-09-02,Fashion,Backpack,West,Pune,Loyal,1,1440.83,0.0,UPI,Delivered,845.64,1440.83,0.0,1440.83,845.64,595.1899999999999,41.30882893887551,1440.83,595.1899999999999
ORD-102543,2026-09-03,Electronics,Smart Watch,South,Chennai,Loyal,2,3891.26,0.05,Net Banking,Delivered,2762.49,7782.52,389.12600000000003,7393.394,5524.98,1868.4140000000007,25.2713976828504,7393.394,1868.4140000000007
ORD-100274,2026-09-04,Electronics,Power Bank,South,Chennai,New,1,1297.88,0.1,UPI,Delivered,819.64,1297.88,129.788,1168.092,819.64,348.4520000000001,29.83086948630759,1168.092,348.4520000000001
ORD-100684,2026-09-04,Fashion,Hoodie,North,Jaipur,New,1,1854.4,0.2,Debit Card,Delivered,1010.09,1854.4,370.88000000000005,1483.52,1010.09,473.42999999999995,31.912613244176015,1483.52,473.42999999999995
ORD-101083,2026-09-04,Fashion,Denim Jacket,South,Chennai,Returning,3,2432.07,0.15,Net Banking,Delivered,1424.93,7296.210000000001,1094.4315000000001,6201.7785,4274.79,1926.9885000000004,31.071546653915487,6201.7785,1926.9885000000004
ORD-100515,2026-09-04,Home & Kitchen,Air Fryer,North,Lucknow,Returning,3,4958.06,0.0,Credit Card,Delivered,3255.86,14874.18,0.0,14874.18,9767.58,5106.6,34.33197661988762,14874.18,5106.6
ORD-101054,2026-09-04,Home & Kitchen,Mixer Grinder,North,Delhi,Returning,4,3080.14,0.05,Debit Card,Delivered,1822.69,12320.56,616.028,11704.532,7290.76,4413.771999999999,37.709940047154376,11704.532,4413.771999999999
ORD-103488,2026-09-04,Electronics,USB-C Hub,West,Mumbai,Loyal,1,1028.64,0.0,Credit Card,Delivered,610.16,1028.64,0.0,1028.64,610.16,418.48000000000013,40.68284336599783,1028.64,418.48000000000013
ORD-101376,2026-09-04,Electronics,Wireless Headphones,East,Patna,Returning,1,2614.53,0.15,UPI,Delivered,1691.94,2614.53,392.1795,2222.3505,1691.94,530.4105,23.867094771954285,2222.3505,530.4105
ORD-102770,2026-09-04,Electronics,Wireless Headphones,West,Surat,Returning,2,2490.73,0.0,UPI,Delivered,1634.29,4981.46,0.0,4981.46,3268.58,1712.88,34.38509995061689,4981.46,1712.88
ORD-102117,2026-09-05,Home & Kitchen,Water Bottle,West,Ahmedabad,Returning,2,722.56,0.1,UPI,Delivered,294.93,1445.12,144.512,1300.608,589.86,710.7479999999999,54.64736492471213,1300.608,710.7479999999999
ORD-101939,2026-09-05,Home & Kitchen,Air Fryer,North,Jaipur,New,1,5023.85,0.1,Cash on Delivery,Delivered,3322.09,5023.85,502.38500000000005,4521.465,3322.09,1199.375,26.52624757683627,4521.465,1199.375
ORD-103004,2026-09-05,Fashion,Sneakers,South,Hyderabad,New,3,3012.09,0.15,UPI,Delivered,1843.46,9036.27,1355.4405,7680.829500000001,5530.38,2150.4495000000006,27.99762056949709,7680.829500000001,2150.4495000000006
ORD-103398,2026-09-05,Fashion,Hoodie,South,Chennai,New,1,1882.4,0.0,Cash on Delivery,Delivered,1015.65,1882.4,0.0,1882.4,1015.65,866.7500000000001,46.04494262643434,1882.4,866.7500000000001
ORD-100451,2026-09-05,Electronics,Smart Watch,South,Kochi,Loyal,1,4044.18,0.0,Cash on Delivery,Delivered,2621.53,4044.18,0.0,4044.18,2621.53,1422.6499999999996,35.177712169092366,4044.18,1422.6499999999996
ORD-101448,2026-09-05,Electronics,Bluetooth Speaker,North,Chandigarh,New,1,1878.15,0.0,UPI,Delivered,1224.34,1878.15,0.0,1878.15,1224.34,653.8100000000002,34.81138354231558,1878.15,653.8100000000002
ORD-100195,2026-09-05,Beauty,Hair Care Combo,Central,Nagpur,Returning,1,1333.79,0.15,Credit Card,Delivered,664.31,1333.79,200.0685,1133.7214999999999,664.31,469.41149999999993,41.40448073005584,1133.7214999999999,469.41149999999993
ORD-100649,2026-09-05,Electronics,Power Bank,East,Kolkata,Loyal,2,1363.79,0.0,Debit Card,Delivered,816.98,2727.58,0.0,2727.58,1633.96,1093.62,40.0948826432222,2727.58,1093.62
ORD-101810,2026-09-05,Home & Kitchen,Water Bottle,South,Bengaluru,New,2,699.84,0.0,UPI,Delivered,298.12,1399.68,0.0,1399.68,596.24,803.44,57.40169181527206,1399.68,803.44
ORD-100683,2026-09-05,Home & Kitchen,Storage Box Set,South,Bengaluru,Loyal,1,999.89,0.0,Debit Card,Delivered,529.97,999.89,0.0,999.89,529.97,469.91999999999996,46.99716968866575,999.89,469.91999999999996
ORD-103211,2026-09-05,Electronics,Power Bank,East,Kolkata,Returning,1,1317.9,0.1,Cash on Delivery,Delivered,822.53,1317.9,131.79000000000002,1186.1100000000001,822.53,363.58000000000015,30.653143468986865,1186.1100000000001,363.58000000000015
ORD-101223,2026-09-06,Electronics,Bluetooth Speaker,North,Chandigarh,New,3,1942.9,0.0,UPI,Delivered,1202.67,5828.700000000001,0.0,5828.700000000001,3608.01,2220.6900000000005,38.099233105152095,5828.700000000001,2220.6900000000005
ORD-102363,2026-09-06,Beauty,Skin Care Kit,South,Hyderabad,Loyal,3,1605.73,0.1,UPI,Delivered,846.02,4817.1900000000005,481.71900000000005,4335.4710000000005,2538.06,1797.4110000000005,41.45826370422038,4335.4710000000005,1797.4110000000005
ORD-103383,2026-09-06,Electronics,USB-C Hub,East,Kolkata,New,4,1012.12,0.05,Cash on Delivery,Delivered,584.11,4048.48,202.424,3846.056,2336.44,1509.616,39.251014545810044,3846.056,1509.616
ORD-102731,2026-09-06,Fashion,Hoodie,North,Delhi,New,1,1856.8,0.1,Net Banking,Delivered,1014.09,1856.8,185.68,1671.12,1014.09,657.0299999999999,39.31674565560821,1671.12,657.0299999999999
ORD-100999,2026-09-06,Fashion,Hoodie,East,Guwahati,Returning,1,1799.21,0.0,UPI,Delivered,1036.15,1799.21,0.0,1799.21,1036.15,763.06,42.41083586685267,1799.21,763.06
ORD-100200,2026-09-06,Sports,Yoga Mat,South,Bengaluru,New,1,1045.53,0.0,Credit Card,Delivered,518.68,1045.53,0.0,1045.53,518.68,526.85,50.39071093129801,1045.53,526.85
ORD-101700,2026-09-06,Beauty,Face Serum,East,Bhubaneswar,Returning,4,871.95,0.1,Debit Card,Returned,421.95,3487.8,348.78000000000003,3139.02,1687.8,1451.22,46.23162643117916,0.0,0.0
ORD-101377,2026-09-06,Home & Kitchen,Coffee Maker,West,Surat,Returning,2,3404.52,0.0,Cash on Delivery,Delivered,2281.75,6809.04,0.0,6809.04,4563.5,2245.54,32.97880464793862,6809.04,2245.54
ORD-100751,2026-09-06,Electronics,USB-C Hub,North,Jaipur,New,1,1048.14,0.0,Cash on Delivery,Delivered,579.52,1048.14,0.0,1048.14,579.52,468.6200000000001,44.70967618829547,1048.14,468.6200000000001
ORD-102677,2026-09-06,Electronics,Power Bank,North,Jaipur,New,3,1298.37,0.0,Cash on Delivery,Delivered,776.9,3895.1099999999997,0.0,3895.1099999999997,2330.7,1564.4099999999999,40.16343569244514,3895.1099999999997,1564.4099999999999
ORD-102513,2026-09-07,Fashion,Hoodie,East,Kolkata,New,1,1764.96,0.1,UPI,Delivered,1013.94,1764.96,176.496,1588.464,1013.94,574.5239999999999,36.16852506572386,1588.464,574.5239999999999
ORD-100337,2026-09-07,Fashion,Denim Jacket,South,Chennai,Returning,1,2567.17,0.05,Debit Card,Delivered,1500.46,2567.17,128.35850000000002,2438.8115000000003,1500.46,938.3515000000002,38.475769857572026,2438.8115000000003,938.3515000000002
ORD-102143,2026-09-07,Home & Kitchen,Air Fryer,Central,Indore,Returning,4,4975.43,0.05,UPI,Delivered,3316.15,19901.72,995.0860000000001,18906.634000000002,13264.6,5642.0340000000015,29.841557201562164,18906.634000000002,5642.0340000000015
ORD-101369,2026-09-07,Electronics,Wireless Headphones,East,Guwahati,New,2,2482.59,0.1,Debit Card,Delivered,1629.31,4965.18,496.51800000000003,4468.662,3258.62,1210.0420000000004,27.078396173172198,4468.662,1210.0420000000004
ORD-102670,2026-09-07,Home & Kitchen,Coffee Maker,South,Kochi,New,1,3437.33,0.15,Credit Card,Delivered,2189.31,3437.33,515.5994999999999,2921.7305,2189.31,732.4205000000002,25.06803758936699,2921.7305,732.4205000000002
ORD-100853,2026-09-07,Fashion,Denim Jacket,North,Chandigarh,Loyal,2,2606.89,0.05,UPI,Delivered,1424.7,5213.78,260.689,4953.090999999999,2849.4,2103.6909999999993,42.47228649746188,4953.090999999999,2103.6909999999993
ORD-100503,2026-09-07,Fashion,Hoodie,East,Patna,Returning,1,1847.56,0.05,UPI,Delivered,1020.51,1847.56,92.378,1755.182,1020.51,734.672,41.85731166340585,1755.182,734.672
ORD-101210,2026-09-07,Sports,Sports Bag,West,Surat,New,1,1593.93,0.0,UPI,Cancelled,866.78,1593.93,0.0,1593.93,866.78,727.1500000000001,45.61994566888132,0.0,0.0
ORD-101243,2026-09-07,Fashion,Hoodie,Central,Bhopal,New,1,1763.84,0.1,Debit Card,Delivered,1028.24,1763.84,176.38400000000001,1587.456,1028.24,559.2159999999999,35.2271810998226,1587.456,559.2159999999999
ORD-103214,2026-09-08,Electronics,Bluetooth Speaker,North,Chandigarh,New,1,1904.97,0.1,Net Banking,Delivered,1230.08,1904.97,190.497,1714.473,1230.08,484.39300000000003,28.253171674327916,1714.473,484.39300000000003
ORD-102814,2026-09-08,Beauty,Hair Dryer,North,Lucknow,New,3,2396.13,0.0,UPI,Delivered,1335.54,7188.39,0.0,7188.39,4006.62,3181.7700000000004,44.26262348036209,7188.39,3181.7700000000004
ORD-102837,2026-09-08,Fashion,Denim Jacket,North,Chandigarh,New,2,2580.44,0.0,Credit Card,Delivered,1474.58,5160.88,0.0,5160.88,2949.16,2211.7200000000003,42.85548201081986,5160.88,2211.7200000000003
ORD-102668,2026-09-08,Electronics,Smart Watch,Central,Raipur,New,1,3893.66,0.1,UPI,Delivered,2769.29,3893.66,389.366,3504.294,2769.29,735.0039999999999,20.97438171568938,3504.294,735.0039999999999
ORD-100466,2026-09-09,Electronics,Wireless Headphones,East,Patna,Loyal,1,2515.49,0.1,Debit Card,Delivered,1621.01,2515.49,251.54899999999998,2263.941,1621.01,642.9309999999998,28.39875244098675,2263.941,642.9309999999998
ORD-100609,2026-09-09,Sports,Sports Bag,East,Kolkata,Returning,1,1678.74,0.2,Cash on Delivery,Delivered,867.33,1678.74,335.74800000000005,1342.992,867.33,475.6619999999999,35.41808141820651,1342.992,475.6619999999999
ORD-100797,2026-09-10,Sports,Yoga Mat,North,Jaipur,New,5,959.28,0.15,UPI,Delivered,507.32,4796.4,719.4599999999999,4076.9399999999996,2536.6,1540.3399999999997,37.78176769832276,4076.9399999999996,1540.3399999999997
ORD-102599,2026-09-10,Home & Kitchen,Water Bottle,North,Chandigarh,New,2,726.44,0.1,UPI,Delivered,310.29,1452.88,145.288,1307.592,620.58,687.0120000000001,52.54024191032065,1307.592,687.0120000000001
ORD-100064,2026-09-10,Electronics,Bluetooth Speaker,West,Mumbai,New,1,1941.98,0.05,Credit Card,Delivered,1235.02,1941.98,97.099,1844.881,1235.02,609.8610000000001,33.05692887508734,1844.881,609.8610000000001
ORD-101567,2026-09-10,Beauty,Perfume,West,Ahmedabad,New,2,1928.77,0.1,UPI,Delivered,1129.61,3857.54,385.754,3471.786,2259.22,1212.5660000000003,34.926288659496876,3471.786,1212.5660000000003
ORD-100861,2026-09-10,Sports,Sports Bag,South,Chennai,Loyal,2,1562.43,0.05,Credit Card,Delivered,872.26,3124.86,156.24300000000002,2968.617,1744.52,1224.0970000000002,41.23458836219021,2968.617,1224.0970000000002
ORD-103283,2026-09-11,Electronics,USB-C Hub,West,Mumbai,New,2,1022.3,0.0,Credit Card,Delivered,611.32,2044.6,0.0,2044.6,1222.64,821.9599999999998,40.20150640712119,2044.6,821.9599999999998
ORD-102806,2026-09-11,Beauty,Hair Dryer,East,Bhubaneswar,New,1,2342.69,0.1,Debit Card,Delivered,1294.07,2342.69,234.269,2108.4210000000003,1294.07,814.3510000000003,38.62373785880525,2108.4210000000003,814.3510000000003
ORD-100417,2026-09-11,Sports,Yoga Mat,East,Bhubaneswar,Loyal,4,1000.77,0.15,UPI,Delivered,519.05,4003.08,600.462,3402.618,2076.2,1326.4180000000001,38.98227776376896,3402.618,1326.4180000000001
ORD-100355,2026-09-11,Home & Kitchen,Coffee Maker,South,Chennai,New,3,3413.26,0.15,Credit Card,Delivered,2251.68,10239.78,1535.967,8703.813,6755.039999999999,1948.773000000001,22.38987671265457,8703.813,1948.773000000001
ORD-100208,2026-09-11,Electronics,Wireless Headphones,North,Jaipur,Returning,3,2485.12,0.15,Credit Card,Delivered,1680.2,7455.36,1118.3039999999999,6337.056,5040.6,1296.4559999999992,20.458332702125393,6337.056,1296.4559999999992
ORD-102579,2026-09-11,Beauty,Skin Care Kit,South,Bengaluru,Loyal,1,1572.62,0.0,UPI,Delivered,873.37,1572.62,0.0,1572.62,873.37,699.2499999999999,44.46401546463862,1572.62,699.2499999999999
ORD-101226,2026-09-11,Beauty,Skin Care Kit,Central,Bhopal,Returning,1,1633.42,0.15,UPI,Delivered,827.5,1633.42,245.013,1388.4070000000002,827.5,560.9070000000002,40.39932094839626,1388.4070000000002,560.9070000000002
ORD-102542,2026-09-12,Electronics,Smart Watch,North,Jaipur,Returning,3,3886.93,0.05,Net Banking,Delivered,2735.15,11660.789999999999,583.0395,11077.750499999998,8205.45,2872.3004999999976,25.928553816047746,11077.750499999998,2872.3004999999976
ORD-102611,2026-09-12,Electronics,Power Bank,North,Jaipur,Loyal,1,1272.84,0.0,Credit Card,Delivered,816.3,1272.84,0.0,1272.84,816.3,456.53999999999996,35.86782313566513,1272.84,456.53999999999996
ORD-100959,2026-09-12,Electronics,Bluetooth Speaker,South,Kochi,Returning,4,1870.34,0.05,UPI,Delivered,1178.44,7481.36,374.068,7107.2919999999995,4713.76,2393.5319999999992,33.67713047388513,7107.2919999999995,2393.5319999999992
ORD-101233,2026-09-12,Electronics,Wireless Headphones,North,Jaipur,Returning,1,2550.95,0.05,UPI,Delivered,1637.45,2550.95,127.5475,2423.4024999999997,1637.45,785.9524999999996,32.43177722231449,2423.4024999999997,785.9524999999996
ORD-100046,2026-09-12,Fashion,Denim Jacket,South,Bengaluru,New,4,2429.01,0.1,Credit Card,Delivered,1482.29,9716.04,971.6040000000002,8744.436000000002,5929.16,2815.2760000000017,32.195055232836076,8744.436000000002,2815.2760000000017
ORD-101955,2026-09-12,Electronics,Power Bank,West,Surat,Returning,1,1309.06,0.0,Debit Card,Delivered,789.4,1309.06,0.0,1309.06,789.4,519.66,39.697187294700015,1309.06,519.66
ORD-102589,2026-09-12,Home & Kitchen,Storage Box Set,East,Guwahati,Returning,4,1021.27,0.05,Cash on Delivery,Delivered,534.71,4085.08,204.25400000000002,3880.826,2138.84,1741.9859999999999,44.886990553042054,3880.826,1741.9859999999999
ORD-100441,2026-09-13,Electronics,Wireless Headphones,West,Surat,Loyal,1,2423.6,0.0,Cash on Delivery,Delivered,1601.23,2423.6,0.0,2423.6,1601.23,822.3699999999999,33.93175441491995,2423.6,822.3699999999999
ORD-102963,2026-09-13,Home & Kitchen,Coffee Maker,West,Pune,Loyal,1,3520.59,0.0,UPI,Delivered,2247.51,3520.59,0.0,3520.59,2247.51,1273.08,36.160984380458956,3520.59,1273.08
ORD-100404,2026-09-13,Beauty,Face Serum,East,Patna,New,1,921.45,0.05,Credit Card,Delivered,434.96,921.45,46.072500000000005,875.3775,434.96,440.4175000000001,50.31172265679664,875.3775,440.4175000000001
ORD-102840,2026-09-13,Sports,Resistance Bands,East,Guwahati,Returning,1,701.63,0.05,Cash on Delivery,Delivered,307.54,701.63,35.0815,666.5485,307.54,359.00849999999997,53.86082183066948,666.5485,359.00849999999997
ORD-100947,2026-09-14,Beauty,Skin Care Kit,South,Hyderabad,Loyal,2,1589.34,0.1,Credit Card,Delivered,844.52,3178.68,317.868,2860.812,1689.04,1171.772,40.959419912947794,2860.812,1171.772
ORD-102750,2026-09-14,Beauty,Face Serum,East,Guwahati,Returning,2,939.44,0.05,Cash on Delivery,Delivered,429.04,1878.88,93.94400000000002,1784.9360000000001,858.08,926.8560000000001,51.92656767525558,1784.9360000000001,926.8560000000001
ORD-103355,2026-09-15,Beauty,Face Serum,North,Jaipur,Loyal,1,920.81,0.2,Debit Card,Delivered,433.35,920.81,184.162,736.6479999999999,433.35,303.2979999999999,41.17271749872394,736.6479999999999,303.2979999999999
ORD-102132,2026-09-15,Sports,Running Shoes,North,Lucknow,Loyal,2,3484.55,0.0,Credit Card,Delivered,2057.39,6969.1,0.0,6969.1,4114.78,2854.3200000000006,40.956794995049584,6969.1,2854.3200000000006
ORD-101797,2026-09-15,Fashion,Sneakers,Central,Raipur,Loyal,2,3091.61,0.1,Debit Card,Delivered,1797.23,6183.22,618.3220000000001,5564.898,3594.46,1970.438,35.40833991925818,5564.898,1970.438
ORD-100012,2026-09-15,Electronics,Power Bank,Central,Bhopal,Loyal,4,1323.94,0.1,Debit Card,Delivered,812.45,5295.76,529.576,4766.184,3249.8,1516.384,31.815473343035016,4766.184,1516.384
ORD-102824,2026-09-15,Fashion,Backpack,Central,Bhopal,Returning,2,1524.41,0.0,Credit Card,Delivered,838.91,3048.82,0.0,3048.82,1677.82,1371.0000000000002,44.968217211904935,3048.82,1371.0000000000002
ORD-100325,2026-09-15,Fashion,T-Shirt,West,Ahmedabad,Returning,5,795.29,0.0,Credit Card,Delivered,446.14,3976.45,0.0,3976.45,2230.7,1745.75,43.90222434583611,3976.45,1745.75
ORD-102872,2026-09-15,Sports,Sports Bag,West,Pune,Returning,2,1632.2,0.1,UPI,Delivered,869.76,3264.4,326.44000000000005,2937.96,1739.52,1198.44,40.79156966058081,2937.96,1198.44
ORD-102388,2026-09-15,Sports,Sports Bag,Central,Nagpur,New,2,1632.19,0.1,Credit Card,Delivered,873.14,3264.38,326.43800000000005,2937.942,1746.28,1191.662,40.561113868143075,2937.942,1191.662
ORD-102270,2026-09-16,Beauty,Face Serum,Central,Raipur,Returning,1,883.7,0.2,Debit Card,Delivered,421.88,883.7,176.74,706.96,421.88,285.08000000000004,40.32477084983592,706.96,285.08000000000004
ORD-102880,2026-09-16,Electronics,Power Bank,North,Chandigarh,New,5,1253.34,0.0,Net Banking,Delivered,822.17,6266.7,0.0,6266.7,4110.849999999999,2155.8500000000004,34.40167871447493,6266.7,2155.8500000000004
ORD-101649,2026-09-16,Home & Kitchen,Air Fryer,North,Jaipur,New,1,5050.26,0.2,UPI,Delivered,3424.97,5050.26,1010.0520000000001,4040.208,3424.97,615.2380000000003,15.227879356706394,4040.208,615.2380000000003
ORD-101250,2026-09-16,Electronics,Power Bank,West,Mumbai,Returning,2,1259.84,0.1,Cash on Delivery,Delivered,790.31,2519.68,251.968,2267.712,1580.62,687.0920000000001,30.29890920892953,2267.712,687.0920000000001
ORD-101475,2026-09-16,Electronics,Smart Watch,North,Jaipur,Loyal,5,3951.73,0.1,UPI,Delivered,2694.16,19758.65,1975.8650000000002,17782.785,13470.8,4311.985000000001,24.24808600002756,17782.785,4311.985000000001
ORD-102536,2026-09-17,Electronics,Power Bank,Central,Raipur,Returning,1,1320.99,0.15,Credit Card,Delivered,830.97,1320.99,198.14849999999998,1122.8415,830.97,291.87149999999997,25.994007168420474,1122.8415,291.87149999999997
ORD-101746,2026-09-17,Beauty,Hair Dryer,East,Guwahati,New,1,2277.66,0.05,Credit Card,Delivered,1341.07,2277.66,113.883,2163.777,1341.07,822.7070000000001,38.021801692133714,2163.777,822.7070000000001
ORD-100594,2026-09-17,Fashion,Sneakers,East,Guwahati,New,1,2896.11,0.05,Net Banking,Delivered,1847.8,2896.11,144.80550000000002,2751.3045,1847.8,903.5045000000002,32.83913140112264,2751.3045,903.5045000000002
ORD-102627,2026-09-17,Beauty,Face Serum,South,Chennai,Returning,2,871.23,0.05,Credit Card,Delivered,425.91,1742.46,87.123,1655.337,851.82,803.5169999999999,48.54099195511246,1655.337,803.5169999999999
ORD-103199,2026-09-17,Home & Kitchen,Water Bottle,North,Chandigarh,New,1,731.92,0.05,Credit Card,Delivered,302.68,731.92,36.596,695.324,302.68,392.64399999999995,56.46921435187049,695.324,392.64399999999995
ORD-102170,2026-09-17,Fashion,Sneakers,North,Delhi,Loyal,1,3102.08,0.0,Debit Card,Delivered,1765.28,3102.08,0.0,3102.08,1765.28,1336.8,43.093666185269235,3102.08,1336.8
ORD-101381,2026-09-18,Fashion,Backpack,South,Hyderabad,Loyal,2,1474.9,0.05,Debit Card,Delivered,866.74,2949.8,147.49,2802.3100000000004,1733.48,1068.8300000000004,38.14103364724104,2802.3100000000004,1068.8300000000004
ORD-100914,2026-09-18,Electronics,Wireless Headphones,North,Jaipur,New,1,2545.42,0.0,Credit Card,Delivered,1684.68,2545.42,0.0,2545.42,1684.68,860.74,33.81524463546291,2545.42,860.74
ORD-100894,2026-09-18,Sports,Yoga Mat,West,Surat,New,2,1028.03,0.2,UPI,Delivered,503.33,2056.06,411.212,1644.848,1006.66,638.188,38.799208194313394,1644.848,638.188
ORD-102230,2026-09-18,Home & Kitchen,Mixer Grinder,North,Jaipur,New,1,3049.52,0.0,Cash on Delivery,Delivered,1850.35,3049.52,0.0,3049.52,1850.35,1199.17,39.323237755450045,3049.52,1199.17
ORD-103426,2026-09-18,Electronics,Wireless Headphones,West,Ahmedabad,New,4,2430.34,0.1,Credit Card,Delivered,1662.74,9721.36,972.1360000000001,8749.224,6650.96,2098.264,23.98228688624271,8749.224,2098.264
ORD-100851,2026-09-18,Fashion,Sneakers,Central,Bhopal,Returning,3,3136.61,0.1,Debit Card,Delivered,1764.6,9409.83,940.9830000000001,8468.847,5293.799999999999,3175.0470000000005,37.490900473228535,8468.847,3175.0470000000005
ORD-100141,2026-09-19,Electronics,Power Bank,South,Kochi,Returning,1,1334.97,0.0,Debit Card,Delivered,784.37,1334.97,0.0,1334.97,784.37,550.6,41.24437253271609,1334.97,550.6
ORD-102974,2026-09-19,Home & Kitchen,Coffee Maker,North,Jaipur,New,1,3534.62,0.1,UPI,Delivered,2195.64,3534.62,353.462,3181.158,2195.64,985.518,30.979850733600784,3181.158,985.518
ORD-102555,2026-09-19,Electronics,Bluetooth Speaker,North,Lucknow,New,5,1926.57,0.2,Debit Card,Delivered,1176.75,9632.85,1926.5700000000002,7706.280000000001,5883.75,1822.5300000000007,23.649932263037428,7706.280000000001,1822.5300000000007
ORD-101198,2026-09-19,Beauty,Skin Care Kit,East,Patna,Returning,5,1650.4,0.2,Cash on Delivery,Delivered,883.96,8252.0,1650.4,6601.6,4419.8,2181.8,33.04956374212312,6601.6,2181.8
ORD-101830,2026-09-19,Electronics,USB-C Hub,North,Lucknow,New,2,1028.36,0.05,Credit Card,Delivered,592.12,2056.72,102.836,1953.8839999999998,1184.24,769.6439999999998,39.39046535004124,1953.8839999999998,769.6439999999998
ORD-102690,2026-09-19,Fashion,T-Shirt,East,Patna,Loyal,2,799.29,0.0,UPI,Delivered,425.17,1598.58,0.0,1598.58,850.34,748.2399999999999,46.8065408049644,1598.58,748.2399999999999
ORD-101676,2026-09-20,Home & Kitchen,Coffee Maker,North,Lucknow,New,1,3610.6,0.1,Credit Card,Delivered,2258.48,3610.6,361.06,3249.54,2258.48,991.06,30.49847055275516,3249.54,991.06
ORD-101393,2026-09-20,Sports,Yoga Mat,Central,Bhopal,Returning,1,1039.3,0.0,UPI,Delivered,494.32,1039.3,0.0,1039.3,494.32,544.98,52.43721735783701,1039.3,544.98
ORD-101707,2026-09-20,Sports,Resistance Bands,Central,Indore,Returning,2,687.45,0.05,Net Banking,Delivered,292.39,1374.9,68.745,1306.1550000000002,584.78,721.3750000000002,55.22889702983185,1306.1550000000002,721.3750000000002
ORD-103404,2026-09-20,Electronics,Wireless Headphones,South,Chennai,Loyal,4,2524.68,0.1,Debit Card,Delivered,1623.05,10098.72,1009.872,9088.848,6492.2,2596.648,28.569605300913825,9088.848,2596.648
ORD-103270,2026-09-20,Fashion,Hoodie,Central,Raipur,New,1,1736.59,0.1,UPI,Delivered,1019.7,1736.59,173.659,1562.931,1019.7,543.231,34.75719657489678,1562.931,543.231
ORD-100555,2026-09-21,Fashion,T-Shirt,North,Lucknow,New,1,795.88,0.05,UPI,Delivered,426.12,795.88,39.794000000000004,756.086,426.12,329.966,43.6413318061702,756.086,329.966
ORD-101203,2026-09-21,Electronics,Smart Watch,South,Chennai,Returning,1,3993.51,0.0,Credit Card,Delivered,2704.89,3993.51,0.0,3993.51,2704.89,1288.6200000000003,32.2678545940789,3993.51,1288.6200000000003
ORD-101228,2026-09-21,Beauty,Hair Care Combo,North,Jaipur,New,2,1265.65,0.05,UPI,Delivered,674.26,2531.3,126.56500000000001,2404.735,1348.52,1056.2150000000001,43.92230328913581,2404.735,1056.2150000000001
ORD-101246,2026-09-21,Fashion,Denim Jacket,North,Jaipur,Loyal,3,2598.25,0.15,UPI,Delivered,1440.8,7794.75,1169.2124999999999,6625.5375,4322.4,2303.1375000000007,34.761519348430234,6625.5375,2303.1375000000007
ORD-101570,2026-09-21,Fashion,Backpack,South,Kochi,Loyal,3,1497.83,0.1,Debit Card,Delivered,853.3,4493.49,449.349,4044.1409999999996,2559.8999999999996,1484.241,36.70102006829139,4044.1409999999996,1484.241
ORD-101457,2026-09-21,Electronics,USB-C Hub,North,Chandigarh,Returning,1,980.66,0.0,Debit Card,Delivered,577.12,980.66,0.0,980.66,577.12,403.53999999999996,41.14983786429548,980.66,403.53999999999996
ORD-103361,2026-09-21,Electronics,Smart Watch,North,Jaipur,New,1,4169.24,0.05,Debit Card,Delivered,2640.86,4169.24,208.462,3960.778,2640.86,1319.9179999999997,33.324715497813806,3960.778,1319.9179999999997
ORD-101828,2026-09-21,Electronics,Smart Watch,East,Guwahati,New,2,3927.92,0.1,UPI,Delivered,2662.57,7855.84,785.5840000000001,7070.256,5325.14,1745.116,24.68250088822809,7070.256,1745.116
ORD-102035,2026-09-22,Home & Kitchen,Water Bottle,West,Ahmedabad,New,1,691.03,0.0,UPI,Delivered,297.15,691.03,0.0,691.03,297.15,393.88,56.99897254822511,691.03,393.88
ORD-100772,2026-09-22,Home & Kitchen,Coffee Maker,North,Delhi,New,2,3386.01,0.0,UPI,Delivered,2192.92,6772.02,0.0,6772.02,4385.84,2386.1800000000003,35.235867584561184,6772.02,2386.1800000000003
ORD-103371,2026-09-22,Home & Kitchen,Mixer Grinder,Central,Indore,New,4,3067.89,0.05,Debit Card,Cancelled,1836.16,12271.56,613.578,11657.982,7344.64,4313.342,36.999044946200804,0.0,0.0
ORD-103219,2026-09-22,Electronics,Wireless Headphones,North,Jaipur,Loyal,2,2446.59,0.05,UPI,Returned,1703.46,4893.18,244.65900000000002,4648.521000000001,3406.92,1241.6010000000006,26.709592147696014,0.0,0.0
ORD-103412,2026-09-22,Sports,Yoga Mat,South,Hyderabad,Loyal,1,1044.03,0.1,Net Banking,Delivered,511.92,1044.03,104.403,939.627,511.92,427.70699999999994,45.51880693083532,939.627,427.70699999999994
ORD-102653,2026-09-23,Electronics,Power Bank,North,Lucknow,New,4,1356.95,0.0,UPI,Delivered,825.34,5427.8,0.0,5427.8,3301.36,2126.44,39.17683039168724,5427.8,2126.44
ORD-102379,2026-09-23,Beauty,Hair Dryer,Central,Raipur,Loyal,1,2316.83,0.15,Net Banking,Delivered,1341.13,2316.83,347.5245,1969.3055,1341.13,628.1754999999998,31.89832659280136,1969.3055,628.1754999999998
ORD-101962,2026-09-23,Beauty,Hair Dryer,South,Chennai,Returning,1,2241.14,0.0,Debit Card,Delivered,1334.03,2241.14,0.0,2241.14,1334.03,907.1099999999999,40.475383063976366,2241.14,907.1099999999999
ORD-102039,2026-09-23,Fashion,Hoodie,South,Bengaluru,Loyal,2,1760.46,0.1,Credit Card,Cancelled,1007.24,3520.92,352.09200000000004,3168.828,2014.48,1154.348,36.42823151019872,0.0,0.0
ORD-101747,2026-09-23,Beauty,Face Serum,North,Jaipur,Loyal,2,898.47,0.1,Credit Card,Delivered,416.05,1796.94,179.69400000000002,1617.246,832.1,785.1460000000001,48.54833463802044,1617.246,785.1460000000001
ORD-102376,2026-09-24,Electronics,Power Bank,North,Delhi,New,1,1256.59,0.0,Cash on Delivery,Returned,825.75,1256.59,0.0,1256.59,825.75,430.8399999999999,34.28644187841698,0.0,0.0
ORD-102803,2026-09-24,Electronics,Power Bank,North,Chandigarh,Returning,1,1356.57,0.0,Debit Card,Delivered,806.61,1356.57,0.0,1356.57,806.61,549.9599999999999,40.54048077135717,1356.57,549.9599999999999
ORD-101082,2026-09-24,Fashion,Backpack,West,Ahmedabad,Returning,1,1564.37,0.1,Net Banking,Delivered,862.7,1564.37,156.437,1407.933,862.7,545.233,38.72577743401141,1407.933,545.233
ORD-101088,2026-09-24,Electronics,USB-C Hub,South,Bengaluru,Returning,3,1037.18,0.0,Credit Card,Delivered,574.6,3111.54,0.0,3111.54,1723.8000000000002,1387.7399999999998,44.59978017316183,3111.54,1387.7399999999998
ORD-100265,2026-09-24,Fashion,Sneakers,West,Surat,Loyal,4,3105.31,0.0,Credit Card,Delivered,1810.12,12421.24,0.0,12421.24,7240.48,5180.76,41.70887930673589,12421.24,5180.76
ORD-103149,2026-09-24,Sports,Yoga Mat,East,Bhubaneswar,Returning,1,977.04,0.05,Credit Card,Delivered,516.39,977.04,48.852000000000004,928.188,516.39,411.798,44.36579658431266,928.188,411.798
ORD-102755,2026-09-25,Electronics,Power Bank,East,Kolkata,New,2,1337.78,0.05,UPI,Delivered,817.2,2675.56,133.778,2541.782,1634.4,907.3820000000001,35.69865551018931,2541.782,907.3820000000001
ORD-102260,2026-09-25,Home & Kitchen,Air Fryer,North,Delhi,Loyal,2,5046.22,0.0,Credit Card,Delivered,3412.78,10092.44,0.0,10092.44,6825.56,3266.88,32.36957564275834,10092.44,3266.88
ORD-101620,2026-09-25,Fashion,Backpack,Central,Bhopal,New,1,1477.92,0.15,Credit Card,Delivered,859.18,1477.92,221.68800000000002,1256.232,859.18,397.052,31.606582223665697,1256.232,397.052
ORD-100347,2026-09-25,Electronics,Smart Watch,North,Jaipur,New,5,4111.47,0.0,Credit Card,Delivered,2682.19,20557.350000000002,0.0,20557.350000000002,13410.95,7146.4000000000015,34.76323553376287,20557.350000000002,7146.4000000000015
ORD-102046,2026-09-25,Home & Kitchen,Coffee Maker,Central,Bhopal,Returning,3,3508.22,0.05,Debit Card,Delivered,2224.09,10524.66,526.2330000000001,9998.427,6672.27,3326.1569999999992,33.26680286809115,9998.427,3326.1569999999992
ORD-101626,2026-09-26,Fashion,Hoodie,North,Jaipur,New,4,1750.13,0.1,UPI,Delivered,1015.04,7000.52,700.0520000000001,6300.468000000001,4060.16,2240.308000000001,35.5578030076496,6300.468000000001,2240.308000000001
ORD-100356,2026-09-26,Beauty,Perfume,Central,Bhopal,New,2,1938.9,0.1,UPI,Returned,1128.0,3877.8,387.78000000000003,3490.02,2256.0,1234.02,35.35853662729727,0.0,0.0
ORD-103279,2026-09-26,Home & Kitchen,Mixer Grinder,North,Delhi,New,1,2954.18,0.15,Credit Card,Delivered,1835.64,2954.18,443.12699999999995,2511.053,1835.64,675.4129999999998,26.897600329423543,2511.053,675.4129999999998
ORD-100145,2026-09-26,Fashion,Denim Jacket,North,Delhi,Loyal,2,2462.01,0.1,UPI,Delivered,1494.14,4924.02,492.40200000000004,4431.618,2988.28,1443.3380000000002,32.56909778776059,4431.618,1443.3380000000002
ORD-102768,2026-09-26,Fashion,Hoodie,East,Patna,Loyal,1,1749.37,0.05,Credit Card,Cancelled,974.66,1749.37,87.4685,1661.9015,974.66,687.2415,41.35272156623001,0.0,0.0
ORD-102617,2026-09-26,Fashion,Backpack,Central,Indore,New,1,1481.21,0.05,UPI,Delivered,851.42,1481.21,74.0605,1407.1495,851.42,555.7295,39.493280564716116,1407.1495,555.7295
ORD-101998,2026-09-26,Sports,Dumbbell Set,Central,Raipur,New,1,2457.55,0.0,UPI,Delivered,1486.21,2457.55,0.0,2457.55,1486.21,971.3400000000001,39.524729913938685,2457.55,971.3400000000001
ORD-101422,2026-09-27,Home & Kitchen,Storage Box Set,Central,Nagpur,New,1,1009.87,0.15,UPI,Delivered,514.28,1009.87,151.4805,858.3895,514.28,344.1095,40.08780396311931,858.3895,344.1095
ORD-103175,2026-09-27,Fashion,Sneakers,Central,Raipur,Loyal,2,3090.96,0.05,Credit Card,Delivered,1815.44,6181.92,309.096,5872.8240000000005,3630.88,2241.9440000000004,38.174888264998245,5872.8240000000005,2241.9440000000004
ORD-103158,2026-09-27,Electronics,Smart Watch,West,Mumbai,Returning,1,3891.41,0.1,Debit Card,Delivered,2750.13,3891.41,389.141,3502.269,2750.13,752.1389999999997,21.475763283745472,3502.269,752.1389999999997
ORD-103238,2026-09-27,Electronics,Power Bank,West,Mumbai,Returning,2,1252.77,0.15,Debit Card,Delivered,788.09,2505.54,375.83099999999996,2129.709,1576.18,553.5289999999998,25.990827854885328,2129.709,553.5289999999998
ORD-101559,2026-09-27,Home & Kitchen,Coffee Maker,South,Hyderabad,Returning,1,3361.66,0.0,Credit Card,Delivered,2137.53,3361.66,0.0,3361.66,2137.53,1224.1299999999997,36.414450003867124,3361.66,1224.1299999999997
ORD-102956,2026-09-27,Fashion,Backpack,North,Delhi,New,2,1558.66,0.1,Debit Card,Delivered,873.01,3117.32,311.732,2805.588,1746.02,1059.5680000000002,37.76634345456283,2805.588,1059.5680000000002
ORD-100511,2026-09-27,Home & Kitchen,Mixer Grinder,East,Patna,Loyal,1,3051.63,0.0,Credit Card,Delivered,1821.7,3051.63,0.0,3051.63,1821.7,1229.93,40.30403423744032,3051.63,1229.93
ORD-100691,2026-09-28,Sports,Yoga Mat,West,Pune,New,2,985.09,0.1,Credit Card,Delivered,515.58,1970.18,197.01800000000003,1773.162,1031.16,742.002,41.84626108612749,1773.162,742.002
ORD-102520,2026-09-28,Beauty,Face Serum,North,Lucknow,New,3,903.35,0.15,Credit Card,Delivered,409.87,2710.05,406.5075,2303.5425,1229.6100000000001,1073.9325,46.6209110533016,2303.5425,1073.9325
ORD-101117,2026-09-28,Fashion,Sneakers,Central,Raipur,New,1,2932.0,0.0,UPI,Delivered,1755.9,2932.0,0.0,2932.0,1755.9,1176.1,40.11255115961801,2932.0,1176.1
ORD-100161,2026-09-28,Electronics,Bluetooth Speaker,South,Chennai,New,1,1962.87,0.15,UPI,Delivered,1202.33,1962.87,294.4305,1668.4395,1202.33,466.1095,27.936853568858805,1668.4395,466.1095
ORD-101056,2026-09-28,Electronics,USB-C Hub,North,Lucknow,New,1,1045.11,0.05,Credit Card,Delivered,609.27,1045.11,52.2555,992.8544999999999,609.27,383.58449999999993,38.63451291201279,992.8544999999999,383.58449999999993
ORD-102173,2026-09-28,Fashion,Sneakers,South,Bengaluru,New,1,2976.96,0.0,Cash on Delivery,Delivered,1835.32,2976.96,0.0,2976.96,1835.32,1141.64,38.34918843383855,2976.96,1141.64
ORD-100401,2026-09-29,Home & Kitchen,Coffee Maker,North,Chandigarh,Loyal,1,3547.19,0.0,Cash on Delivery,Delivered,2218.25,3547.19,0.0,3547.19,2218.25,1328.94,37.46458464305549,3547.19,1328.94
ORD-101169,2026-09-29,Electronics,Power Bank,West,Pune,Returning,2,1280.97,0.05,Debit Card,Returned,776.33,2561.94,128.097,2433.843,1552.66,881.1829999999998,36.20541670107726,0.0,0.0
ORD-100810,2026-09-29,Electronics,Bluetooth Speaker,South,Hyderabad,Returning,1,1875.83,0.05,Net Banking,Delivered,1244.09,1875.83,93.7915,1782.0384999999999,1244.09,537.9485,30.187254652466823,1782.0384999999999,537.9485
ORD-101346,2026-09-29,Electronics,Power Bank,Central,Raipur,New,2,1319.83,0.05,UPI,Delivered,825.26,2639.66,131.983,2507.6769999999997,1650.52,857.1569999999997,34.1813160147818,2507.6769999999997,857.1569999999997
ORD-101336,2026-09-30,Fashion,Denim Jacket,North,Jaipur,Returning,1,2574.15,0.0,Credit Card,Delivered,1481.87,2574.15,0.0,2574.15,1481.87,1092.2800000000002,42.4326476701047,2574.15,1092.2800000000002
ORD-100820,2026-09-30,Sports,Sports Bag,East,Guwahati,New,3,1670.27,0.05,UPI,Delivered,859.24,5010.8099999999995,250.54049999999998,4760.269499999999,2577.7200000000003,2182.549499999999,45.84928437350027,4760.269499999999,2182.549499999999
ORD-103207,2026-09-30,Sports,Running Shoes,North,Chandigarh,New,3,3393.22,0.0,Debit Card,Delivered,2087.26,10179.66,0.0,10179.66,6261.780000000001,3917.879999999999,38.48733651222142,10179.66,3917.879999999999
ORD-102218,2026-09-30,Electronics,Bluetooth Speaker,Central,Nagpur,Returning,3,1888.8,0.0,UPI,Returned,1232.39,5666.4,0.0,5666.4,3697.17,1969.2299999999996,34.75275307073274,0.0,0.0
ORD-103122,2026-09-30,Electronics,Wireless Headphones,West,Surat,New,4,2408.51,0.0,Credit Card,Delivered,1682.19,9634.04,0.0,9634.04,6728.76,2905.2800000000007,30.156403751697113,9634.04,2905.2800000000007
ORD-102262,2026-09-30,Electronics,Power Bank,South,Kochi,New,3,1337.17,0.0,Debit Card,Returned,819.24,4011.51,0.0,4011.51,2457.7200000000003,1553.79,38.733294943799216,0.0,0.0
